# Blender 4.3.2
# www.blender.org
mtllib CH0335_Weapon.mtl
o CH0335_Weapon
v -0.089235 -0.086001 -0.002454
v -0.089235 -0.086001 0.009038
v -0.083298 -0.088417 0.003292
v 0.241065 -0.042893 -0.102005
v 0.226363 -0.042893 -0.086258
v 0.226363 -0.042893 -0.102005
v 0.241065 -0.044087 -0.102005
v 0.226363 -0.044087 -0.102005
v 0.226363 -0.044087 -0.086258
v 0.241065 0.037005 -0.102005
v 0.226363 0.037005 -0.102005
v 0.226363 0.037005 -0.086258
v 0.241065 0.038199 -0.102005
v 0.226363 0.038199 -0.086258
v 0.226363 0.038199 -0.102005
v 0.559175 -0.123019 0.010761
v 0.559175 -0.123019 -0.004178
v 0.551134 -0.124998 0.003292
v 0.482730 -0.131768 0.009038
v 0.482730 -0.131768 -0.002454
v 0.476480 -0.130343 0.003292
v 0.291281 0.153367 -0.054796
v 0.293484 0.150553 -0.054669
v 0.293210 0.152410 -0.056499
v 0.291281 0.153367 0.061379
v 0.293210 0.152410 0.063083
v 0.293484 0.150553 0.061253
v -0.065166 -0.095991 0.035762
v -0.075296 -0.091822 -0.032598
v -0.075296 -0.091822 0.039182
v -0.065166 -0.095991 -0.029178
v 0.423091 -0.005144 -0.096294
v 0.417663 -0.010572 -0.096294
v 0.421501 -0.008982 -0.096294
v 0.417663 0.000284 -0.096294
v 0.421501 -0.001305 -0.096294
v 0.412235 -0.005144 -0.096294
v 0.413825 -0.008982 -0.096294
v 0.413825 -0.001305 -0.096294
v 0.417663 0.000284 0.102877
v 0.412235 -0.005144 0.102877
v 0.413825 -0.001305 0.102877
v 0.417663 -0.010572 0.102877
v 0.413825 -0.008982 0.102877
v 0.423091 -0.005144 0.102877
v 0.421501 -0.001305 0.102877
v 0.421501 -0.008982 0.102877
v -0.030047 0.042130 0.044069
v 0.035214 0.035293 0.044069
v -0.030047 0.035294 0.044069
v 0.035214 0.042130 0.044069
v 0.037610 0.040870 0.044069
v 0.037610 0.036553 0.044069
v -0.030045 0.019369 0.044069
v 0.022456 -0.012162 0.044069
v -0.030045 -0.012162 0.044069
v 0.022456 0.019369 0.044069
v 0.032214 0.008210 0.044069
v 0.032214 -0.001003 0.044069
v 0.050210 0.008210 0.044069
v 0.050210 -0.001003 0.044069
v -0.022645 -0.024785 -0.037858
v -0.015983 -0.036562 -0.037858
v -0.015983 -0.024785 -0.037858
v -0.022645 -0.036562 -0.037858
v -0.009321 -0.024785 -0.037858
v -0.015983 -0.036562 -0.037858
v -0.009321 -0.036562 -0.037858
v -0.015983 -0.024785 -0.037858
v 0.044234 0.058140 0.023094
v 0.187274 0.042907 0.023094
v 0.044234 0.043369 0.023094
v 0.187274 0.076359 0.023094
v 0.011462 0.076359 0.023094
v 0.011462 0.076359 -0.016510
v 0.187274 0.076359 -0.016510
v -0.120067 0.058140 0.023094
v 0.044234 0.058140 -0.016510
v 0.187274 0.042907 -0.016510
v 0.044234 0.043369 -0.016510
v -0.120067 0.058140 -0.016510
v -0.031692 0.076359 -0.016510
v -0.103513 0.076359 0.023094
v -0.103513 0.076359 -0.016510
v -0.031692 0.076359 0.023094
v -0.022925 0.086536 0.023094
v -0.022925 0.086536 -0.016510
v 0.002696 0.086536 -0.016510
v 0.002696 0.086536 0.023094
v -0.020079 -0.060682 -0.016709
v -0.102229 -0.058421 -0.016709
v -0.102215 -0.060682 -0.016709
v 0.058626 -0.058421 -0.016709
v 0.011100 -0.060682 -0.016709
v 0.011100 -0.065262 -0.016709
v -0.010346 -0.065262 -0.016709
v 0.097141 -0.060682 -0.016709
v 0.062376 -0.058421 -0.016709
v 0.063255 -0.052711 -0.016709
v 0.098273 -0.058421 -0.016709
v 0.065206 -0.054855 -0.016709
v 0.189634 -0.052711 -0.016709
v 0.189568 -0.054855 -0.016709
v 0.102821 -0.065392 -0.016709
v 0.103942 -0.063164 -0.016709
v 0.189601 -0.063164 -0.016709
v 0.189607 -0.065392 -0.016709
v 0.169880 0.069922 -0.018183
v 0.003677 0.067884 -0.018183
v 0.169814 0.067884 -0.018183
v 0.001726 0.069922 -0.018183
v -0.002517 0.061670 -0.018183
v -0.004468 0.063708 -0.018183
v -0.108344 0.061670 -0.018183
v -0.108348 0.063708 -0.018183
v -0.020079 -0.060682 0.023293
v -0.102215 -0.060682 0.023293
v -0.102229 -0.058421 0.023293
v 0.058626 -0.058421 0.023293
v 0.011100 -0.060682 0.023293
v 0.011100 -0.065262 0.023293
v -0.010346 -0.065262 0.023293
v 0.097141 -0.060682 0.023293
v 0.062376 -0.058421 0.023293
v 0.063255 -0.052711 0.023293
v 0.098273 -0.058421 0.023293
v 0.065206 -0.054855 0.023293
v 0.189634 -0.052711 0.023292
v 0.189568 -0.054855 0.023293
v 0.102821 -0.065392 0.023293
v 0.103942 -0.063164 0.023293
v 0.189601 -0.063164 0.023293
v 0.189607 -0.065392 0.023293
v 0.003677 0.067884 0.024767
v 0.169880 0.069922 0.024767
v 0.169814 0.067884 0.024767
v 0.001726 0.069922 0.024767
v -0.002517 0.061670 0.024767
v -0.004468 0.063708 0.024767
v -0.108344 0.061670 0.024767
v -0.108348 0.063708 0.024767
v 0.241065 -0.042893 -0.102005
v 0.226363 -0.044087 -0.086258
v 0.226363 -0.042893 -0.086258
v 0.241065 -0.044087 -0.102005
v 0.226363 -0.042893 -0.086258
v 0.226363 -0.044087 -0.102005
v 0.226363 -0.042893 -0.102005
v 0.226363 -0.044087 -0.086258
v 0.226363 -0.042893 -0.102005
v 0.241065 -0.044087 -0.102005
v 0.241065 -0.042893 -0.102005
v 0.226363 -0.044087 -0.102005
v 0.230987 -0.032975 -0.094547
v 0.233612 -0.032975 -0.096063
v 0.232737 -0.032975 -0.094547
v 0.230987 -0.032975 -0.097578
v 0.230112 -0.032975 -0.096063
v 0.232737 -0.032975 -0.097578
v 0.230987 -0.045104 -0.094547
v 0.230987 -0.045104 -0.097578
v 0.230112 -0.045104 -0.096063
v 0.233612 -0.045104 -0.096063
v 0.232737 -0.045104 -0.094547
v 0.232737 -0.045104 -0.097578
v 0.241065 0.037005 -0.102005
v 0.226363 0.038199 -0.086258
v 0.241065 0.038199 -0.102005
v 0.226363 0.037005 -0.086258
v 0.226363 0.037005 -0.086258
v 0.226363 0.038199 -0.102005
v 0.226363 0.038199 -0.086258
v 0.226363 0.037005 -0.102005
v 0.226363 0.037005 -0.102005
v 0.241065 0.038199 -0.102005
v 0.226363 0.038199 -0.102005
v 0.241065 0.037005 -0.102005
v 0.230987 0.027087 -0.094547
v 0.230987 0.027087 -0.097578
v 0.230112 0.027087 -0.096063
v 0.233612 0.027087 -0.096063
v 0.232737 0.027087 -0.094547
v 0.232737 0.027087 -0.097578
v 0.230987 0.039216 -0.094547
v 0.233612 0.039216 -0.096063
v 0.232737 0.039216 -0.094547
v 0.230987 0.039216 -0.097578
v 0.230112 0.039216 -0.096063
v 0.232737 0.039216 -0.097578
v 0.208058 -0.143586 -0.020961
v 0.232408 -0.136436 -0.020961
v 0.205245 -0.136436 -0.020961
v 0.229595 -0.143586 -0.020961
v 0.208058 -0.143586 0.027544
v 0.232408 -0.136436 0.027544
v 0.229595 -0.143586 0.027544
v 0.205245 -0.136436 0.027544
v 0.515370 -0.133091 -0.018061
v 0.562445 -0.121358 0.003292
v 0.551338 -0.124134 -0.037267
v 0.515370 -0.133091 0.024645
v 0.551338 -0.124134 0.043850
v 0.525701 -0.130783 -0.013551
v 0.526349 -0.130765 -0.011381
v 0.526473 -0.130643 -0.012677
v 0.520000 -0.132049 -0.016565
v 0.521113 -0.131779 -0.016306
v 0.518860 -0.132487 -0.014509
v 0.518984 -0.132365 -0.015805
v 0.524219 -0.131351 -0.010880
v 0.525333 -0.131081 -0.010621
v 0.519632 -0.132347 -0.013635
v 0.349212 -0.171862 -0.017416
v 0.349858 -0.171772 -0.015246
v 0.349970 -0.171650 -0.016544
v 0.343642 -0.173642 -0.020415
v 0.344728 -0.173274 -0.020159
v 0.342545 -0.174161 -0.018354
v 0.342657 -0.174039 -0.019651
v 0.347787 -0.172537 -0.014739
v 0.348873 -0.172169 -0.014483
v 0.343303 -0.173948 -0.017482
v 0.606981 -0.110957 -0.012249
v 0.604102 -0.111728 -0.009270
v 0.606138 -0.111183 -0.010142
v 0.604102 -0.111728 -0.015229
v 0.606138 -0.111183 -0.014356
v 0.601224 -0.112499 -0.012249
v 0.602067 -0.112273 -0.010142
v 0.602067 -0.112273 -0.014356
v 0.525701 -0.130783 0.020134
v 0.520000 -0.132049 0.023149
v 0.521113 -0.131779 0.022890
v 0.526349 -0.130765 0.017964
v 0.526473 -0.130643 0.019260
v 0.518860 -0.132487 0.021093
v 0.518984 -0.132365 0.022389
v 0.524219 -0.131351 0.017463
v 0.519632 -0.132347 0.020219
v 0.525333 -0.131081 0.017204
v 0.349212 -0.171862 0.023999
v 0.343642 -0.173642 0.026998
v 0.344728 -0.173274 0.026743
v 0.349858 -0.171772 0.021830
v 0.349970 -0.171650 0.023127
v 0.342545 -0.174161 0.024938
v 0.342657 -0.174039 0.026235
v 0.347787 -0.172537 0.021323
v 0.343303 -0.173948 0.024066
v 0.348873 -0.172169 0.021067
v 0.604102 -0.111728 0.021812
v 0.601224 -0.112499 0.018833
v 0.602067 -0.112273 0.020940
v 0.604102 -0.111728 0.015853
v 0.602067 -0.112273 0.016726
v 0.606981 -0.110957 0.018833
v 0.606138 -0.111183 0.020940
v 0.606138 -0.111183 0.016726
v 0.566034 -0.121316 -0.006730
v 0.562502 -0.122185 0.013313
v 0.566034 -0.121316 0.013313
v 0.562502 -0.122185 -0.006730
v 0.551338 -0.124134 -0.037267
v 0.562445 -0.121358 0.003292
v 0.610603 -0.109491 -0.018106
v 0.610603 -0.109491 0.024690
v 0.551338 -0.124134 0.043850
v 0.616690 0.007310 -0.036906
v 0.608127 0.008868 -0.037911
v 0.611747 0.007744 -0.037486
v 0.617179 0.012918 -0.036849
v 0.621884 0.009680 -0.036296
v 0.620449 0.007786 -0.036465
v 0.620798 0.011794 -0.036424
v 0.608477 0.012876 -0.037870
v 0.607042 0.010983 -0.038038
v 0.612236 0.013352 -0.037429
v 0.608127 0.008868 0.044494
v 0.616690 0.007310 0.043490
v 0.611747 0.007744 0.044070
v 0.617179 0.012918 0.043432
v 0.608477 0.012876 0.044453
v 0.607042 0.010983 0.044622
v 0.612236 0.013352 0.044012
v 0.621884 0.009680 0.042880
v 0.620449 0.007786 0.043048
v 0.620798 0.011794 0.043007
v 0.191619 0.177826 -0.030871
v 0.225663 0.177826 -0.030871
v 0.225663 0.177826 -0.016058
v 0.221679 0.177826 -0.012472
v 0.191619 0.177826 0.037455
v 0.221679 0.177826 0.019056
v 0.225663 0.177826 0.022641
v 0.225663 0.177826 0.037455
v 0.190204 0.177298 0.037455
v 0.190204 0.177298 -0.030871
v 0.181601 0.167070 0.019056
v 0.181601 0.167070 -0.012472
v 0.178244 0.163080 0.022641
v 0.183357 0.169158 0.037455
v 0.178244 0.163080 0.033380
v 0.178244 0.163080 -0.016058
v 0.183357 0.169158 -0.030871
v 0.178244 0.163080 -0.026796
v 0.291981 0.179998 -0.015992
v 0.288515 0.177321 -0.017022
v 0.289696 0.178635 -0.029451
v 0.291981 0.179998 -0.035276
v 0.309422 0.179998 -0.036797
v 0.316367 0.179998 -0.035278
v 0.316700 0.179998 -0.028889
v 0.316700 0.179998 0.035473
v 0.291981 0.179998 0.022576
v 0.339320 0.179998 0.003292
v 0.334261 0.179998 -0.027553
v 0.316368 0.179998 0.041862
v 0.309422 0.179998 0.043380
v 0.291981 0.179998 0.041860
v 0.289696 0.178635 0.036034
v 0.288515 0.177321 0.023606
v 0.334261 0.179998 0.034137
v 0.341259 0.179998 -0.015995
v 0.338883 0.179998 -0.035282
v 0.345134 0.179998 -0.028861
v 0.341259 0.179998 0.022579
v 0.338883 0.179998 0.041865
v 0.345134 0.179998 0.035445
v 0.301560 0.180220 -0.026152
v 0.296357 0.180219 -0.031580
v 0.297495 0.180219 -0.030873
v 0.301479 0.180219 -0.023579
v 0.302094 0.180220 -0.024918
v 0.294336 0.180218 -0.029820
v 0.294951 0.180219 -0.031159
v 0.298936 0.180218 -0.023865
v 0.294870 0.180218 -0.028586
v 0.300074 0.180219 -0.023158
v 0.337928 0.180218 -0.022366
v 0.342021 0.180224 -0.027175
v 0.341519 0.180224 -0.026145
v 0.335814 0.180216 -0.022321
v 0.336953 0.180217 -0.021843
v 0.340441 0.180222 -0.028866
v 0.341580 0.180224 -0.028388
v 0.335876 0.180216 -0.024564
v 0.339467 0.180221 -0.028343
v 0.335374 0.180215 -0.023535
v 0.296357 0.180219 0.038164
v 0.301560 0.180220 0.032736
v 0.297495 0.180219 0.037457
v 0.301480 0.180219 0.030162
v 0.302094 0.180220 0.031502
v 0.294336 0.180218 0.036403
v 0.294951 0.180219 0.037743
v 0.298936 0.180218 0.030448
v 0.300074 0.180219 0.029741
v 0.294870 0.180218 0.035169
v 0.342021 0.180224 0.033758
v 0.337928 0.180218 0.028950
v 0.341519 0.180224 0.032728
v 0.335814 0.180216 0.028905
v 0.336953 0.180217 0.028426
v 0.340441 0.180222 0.035450
v 0.341580 0.180224 0.034972
v 0.335876 0.180216 0.031148
v 0.335374 0.180215 0.030118
v 0.339467 0.180221 0.034926
v -0.090056 -0.008885 0.012221
v -0.106120 -0.013300 0.001560
v -0.106120 -0.008885 0.012221
v -0.090056 0.001853 0.016669
v -0.090056 0.016960 -0.013624
v -0.106120 0.021533 -0.002584
v -0.106120 0.016960 -0.013624
v -0.090056 0.005928 -0.018194
v -0.090056 -0.008885 -0.013624
v -0.106120 0.001984 -0.018126
v -0.106120 -0.008885 -0.013624
v -0.090056 -0.013415 -0.002688
v -0.090056 -0.014237 -0.000702
v -0.106120 -0.009861 -0.011268
v -0.106120 -0.014237 -0.000702
v -0.090056 -0.009836 0.009923
v -0.090056 0.004038 0.017573
v -0.106120 -0.006848 0.013064
v -0.106120 0.004038 0.017573
v -0.090056 0.014900 0.013074
v -0.090056 0.022313 -0.000702
v -0.106120 0.017853 0.010066
v -0.106120 0.022313 -0.000702
v -0.090056 0.017791 -0.011619
v -0.090056 0.016960 0.012221
v -0.106120 0.006152 0.016698
v -0.106120 0.016960 0.012221
v -0.090056 0.021391 0.001523
v -0.090056 0.004038 -0.018977
v -0.106120 0.014912 -0.014472
v -0.106120 0.004038 -0.018977
v -0.090056 -0.006989 -0.014409
v -0.076043 -0.008885 0.012221
v -0.059979 -0.008885 0.012221
v -0.059979 -0.013398 0.001326
v -0.076043 0.001832 0.016660
v -0.076043 0.016960 -0.013624
v -0.059979 0.016960 -0.013624
v -0.059979 0.021657 -0.002284
v -0.076043 0.005928 -0.018194
v -0.076043 -0.008885 -0.013624
v -0.059979 -0.008885 -0.013624
v -0.059979 0.001984 -0.018126
v -0.076043 -0.013415 -0.002688
v -0.076043 -0.014237 -0.000702
v -0.059979 -0.014237 -0.000702
v -0.059979 -0.009861 -0.011268
v -0.076043 -0.009866 0.009852
v -0.076043 0.004038 0.017573
v -0.059979 0.004038 0.017573
v -0.059979 -0.006918 0.013036
v -0.076043 0.014900 0.013074
v -0.076043 0.022313 -0.000702
v -0.059979 0.022313 -0.000702
v -0.059979 0.017791 0.010215
v -0.076043 0.017828 -0.011528
v -0.076043 0.016960 0.012221
v -0.059979 0.016960 0.012221
v -0.059979 0.006152 0.016698
v -0.076043 0.021372 0.001569
v -0.076043 0.004038 -0.018977
v -0.059979 0.004038 -0.018977
v -0.059979 0.014912 -0.014472
v -0.076043 -0.006989 -0.014409
v -0.136197 -0.008885 0.012221
v -0.120133 -0.008885 0.012221
v -0.120133 -0.013271 0.001632
v -0.136197 0.001923 0.016697
v -0.136197 0.016960 -0.013624
v -0.120133 0.016960 -0.013624
v -0.120133 0.021495 -0.002675
v -0.136197 0.005928 -0.018194
v -0.136197 -0.008885 -0.013624
v -0.120133 -0.008885 -0.013624
v -0.120133 0.001984 -0.018126
v -0.136197 -0.013415 -0.002688
v -0.136197 -0.014237 -0.000702
v -0.120133 -0.014237 -0.000702
v -0.120133 -0.009861 -0.011268
v -0.136197 -0.009739 0.010158
v -0.136197 0.004038 0.017573
v -0.120133 0.004038 0.017573
v -0.120133 -0.006827 0.013073
v -0.136197 0.014900 0.013074
v -0.136197 0.022313 -0.000702
v -0.120133 0.022313 -0.000702
v -0.120133 0.017871 0.010021
v -0.136197 0.017666 -0.011918
v -0.136197 0.016960 0.012221
v -0.120133 0.016960 0.012221
v -0.120133 0.006152 0.016698
v -0.136197 0.021453 0.001375
v -0.136197 0.004038 -0.018977
v -0.120133 0.004038 -0.018977
v -0.120133 0.014912 -0.014472
v -0.136197 -0.006989 -0.014409
v -0.004847 -0.056862 0.002750
v 0.009663 -0.074154 -0.005867
v -0.004847 -0.056862 -0.005867
v 0.009663 -0.074154 0.002750
v 0.133219 -0.070335 -0.005867
v -0.004847 -0.056862 -0.005867
v 0.009663 -0.074154 -0.005867
v 0.118709 -0.053043 -0.005867
v 0.118709 -0.053043 -0.005867
v -0.004847 -0.056862 0.002750
v -0.004847 -0.056862 -0.005867
v 0.118709 -0.053043 0.002750
v 0.118709 -0.053043 0.002750
v 0.009663 -0.074154 0.002750
v -0.004847 -0.056862 0.002750
v 0.133219 -0.070335 0.002750
v 0.118709 -0.053043 0.002750
v 0.133219 -0.070335 -0.005867
v 0.133219 -0.070335 0.002750
v 0.118709 -0.053043 -0.005867
v 0.133219 -0.070335 -0.005867
v 0.009663 -0.074154 0.002750
v 0.133219 -0.070335 0.002750
v 0.009663 -0.074154 -0.005867
v 0.131062 -0.096175 0.012451
v 0.114835 -0.111867 0.003834
v 0.114835 -0.111867 0.012451
v 0.131062 -0.096175 0.003834
v 0.027637 -0.069727 0.003834
v 0.131062 -0.096175 0.003834
v 0.042147 -0.052435 0.003834
v 0.114835 -0.111867 0.003834
v 0.042147 -0.052435 0.003834
v 0.131062 -0.096175 0.012451
v 0.042147 -0.052435 0.012451
v 0.131062 -0.096175 0.003834
v 0.042147 -0.052435 0.012451
v 0.114835 -0.111867 0.012451
v 0.027637 -0.069727 0.012451
v 0.131062 -0.096175 0.012451
v 0.042147 -0.052435 0.012451
v 0.027637 -0.069727 0.003834
v 0.042147 -0.052435 0.003834
v 0.027637 -0.069727 0.012451
v 0.027637 -0.069727 0.003834
v 0.114835 -0.111867 0.012451
v 0.114835 -0.111867 0.003834
v 0.027637 -0.069727 0.012451
v -0.042957 0.079385 0.002750
v -0.028448 0.062093 -0.005867
v -0.042957 0.079385 -0.005867
v -0.028448 0.062093 0.002750
v 0.075496 0.084868 -0.005867
v -0.042957 0.079385 -0.005867
v -0.028448 0.062093 -0.005867
v 0.060986 0.102160 -0.005867
v 0.060986 0.102160 -0.005867
v -0.042957 0.079385 0.002750
v -0.042957 0.079385 -0.005867
v 0.060986 0.102160 0.002750
v 0.060986 0.102160 0.002750
v -0.028448 0.062093 0.002750
v -0.042957 0.079385 0.002750
v 0.075496 0.084868 0.002750
v 0.060986 0.102160 0.002750
v 0.075496 0.084868 -0.005867
v 0.075496 0.084868 0.002750
v 0.060986 0.102160 -0.005867
v 0.075496 0.084868 -0.005867
v -0.028448 0.062093 0.002750
v 0.075496 0.084868 0.002750
v -0.028448 0.062093 -0.005867
v 0.064040 0.077697 0.012451
v 0.049530 0.060405 0.003834
v 0.049530 0.060405 0.012451
v 0.064040 0.077697 0.003834
v -0.074025 0.064224 0.003834
v 0.064040 0.077697 0.003834
v -0.059516 0.081516 0.003834
v 0.049530 0.060405 0.003834
v -0.059516 0.081516 0.003834
v 0.064040 0.077697 0.012451
v -0.059516 0.081516 0.012451
v 0.064040 0.077697 0.003834
v -0.059516 0.081516 0.012451
v 0.049530 0.060405 0.012451
v -0.074025 0.064224 0.012451
v 0.064040 0.077697 0.012451
v -0.059516 0.081516 0.012451
v -0.074025 0.064224 0.003834
v -0.059516 0.081516 0.003834
v -0.074025 0.064224 0.012451
v -0.074025 0.064224 0.003834
v 0.049530 0.060405 0.012451
v 0.049530 0.060405 0.003834
v -0.074025 0.064224 0.012451
v 0.185519 -0.049430 -0.031134
v 0.051338 0.051200 -0.031134
v 0.051338 -0.049430 -0.031134
v 0.185519 0.051200 -0.031134
v 0.051338 -0.049430 -0.031134
v 0.185519 -0.049430 0.037718
v 0.185519 -0.049430 -0.031134
v 0.051338 -0.049430 0.037718
v 0.185519 0.051200 -0.031134
v 0.051338 0.051200 0.037718
v 0.051338 0.051200 -0.031134
v 0.185519 0.051200 0.037718
v 0.185519 -0.049430 0.037718
v 0.051338 0.051200 0.037718
v 0.185519 0.051200 0.037718
v 0.051338 -0.049430 0.037718
v 0.110301 -0.125725 -0.047726
v 0.008028 -0.125725 0.049633
v 0.110301 -0.125725 0.054310
v 0.008028 -0.125725 -0.043049
v -0.075278 -0.091436 0.046850
v -0.075278 -0.091436 -0.040266
v -0.025268 -0.048548 0.056959
v -0.001871 -0.048548 -0.051331
v -0.001871 -0.048548 0.057914
v -0.025268 -0.048548 -0.050375
v 0.001102 -0.050240 0.058059
v 0.004887 -0.055556 -0.051910
v 0.004887 -0.055556 0.058494
v 0.001102 -0.050240 -0.051475
v 0.008502 -0.056932 0.058010
v 0.075179 -0.056932 -0.053086
v 0.075179 -0.056932 0.059669
v 0.008502 -0.056932 -0.051426
v 0.007813 -0.122724 -0.046410
v -0.066246 -0.076181 -0.050280
v -0.074794 -0.088554 -0.043377
v -0.054981 -0.076206 -0.052259
v 0.006049 -0.081685 -0.055371
v -0.025679 -0.051294 -0.053469
v 0.108423 -0.107725 -0.055257
v 0.109721 -0.122724 -0.050877
v 0.083762 -0.088193 -0.056447
v 0.004897 -0.059934 -0.054776
v -0.000805 -0.051294 -0.054551
v 0.076774 -0.059934 -0.056447
v 0.007814 -0.122724 0.052994
v -0.074794 -0.088554 0.049961
v -0.066246 -0.076181 0.056863
v -0.054981 -0.076206 0.058843
v 0.006049 -0.081685 0.061954
v -0.025679 -0.051294 0.060053
v 0.108423 -0.107725 0.061841
v 0.109721 -0.122724 0.057461
v 0.083762 -0.088193 0.063031
v 0.004897 -0.059934 0.061360
v -0.000805 -0.051294 0.061135
v 0.076775 -0.059934 0.063031
v -0.134464 -0.067161 0.048553
v -0.082191 -0.088594 -0.040242
v -0.134464 -0.067161 -0.041969
v -0.082191 -0.088594 0.046826
v -0.141434 -0.051688 -0.028872
v -0.137008 -0.064410 -0.041693
v -0.141434 -0.051688 -0.041220
v -0.139463 -0.057353 -0.024966
v -0.139721 -0.048293 -0.029097
v -0.137008 -0.064410 0.048276
v -0.104419 -0.048293 -0.028455
v -0.139721 -0.048293 -0.041515
v -0.104419 -0.048293 -0.044780
v -0.101149 -0.057353 -0.028455
v -0.101313 -0.046787 -0.028708
v -0.101149 -0.057353 0.035039
v -0.139463 -0.057353 0.031550
v -0.141434 -0.051688 0.035456
v -0.141434 -0.051688 0.047804
v -0.139721 -0.048293 0.035681
v -0.104419 -0.048293 0.035039
v -0.139721 -0.048293 0.048099
v -0.104419 -0.048293 0.051364
v -0.101313 -0.046787 0.035292
v -0.028610 -0.047480 0.041474
v -0.085843 -0.026648 0.036530
v -0.101313 -0.046787 0.051610
v -0.085843 -0.026648 0.052826
v -0.041991 -0.026832 0.040395
v -0.041991 -0.026832 0.057286
v -0.028610 -0.047480 0.056780
v -0.044949 -0.024854 0.040085
v -0.082800 -0.024854 0.036775
v -0.082800 -0.024854 0.053076
v -0.044949 -0.024854 0.056872
v -0.028610 -0.047480 -0.034891
v -0.085843 -0.026648 -0.029946
v -0.101313 -0.046787 -0.045026
v -0.085843 -0.026648 -0.046243
v -0.041991 -0.026832 -0.033811
v -0.041991 -0.026832 -0.050702
v -0.028610 -0.047480 -0.050196
v -0.044949 -0.024854 -0.033501
v -0.082800 -0.024854 -0.030192
v -0.082800 -0.024854 -0.046493
v -0.044949 -0.024854 -0.050288
v -0.069156 -0.071344 -0.050797
v -0.055601 -0.071344 -0.052184
v -0.029968 -0.049551 -0.052927
v -0.043896 -0.027855 -0.053285
v -0.083929 -0.027855 -0.049453
v -0.101618 -0.051294 -0.047804
v -0.134841 -0.063839 -0.044942
v -0.139277 -0.051294 -0.044581
v -0.079887 -0.086458 -0.043496
v -0.141434 -0.051688 -0.041220
v -0.139721 -0.048293 -0.029097
v -0.141434 -0.051688 -0.028872
v -0.139721 -0.048293 -0.041515
v -0.139277 -0.051294 -0.044581
v -0.134841 -0.063839 -0.044942
v -0.101618 -0.051294 -0.047804
v -0.137008 -0.064410 -0.041693
v -0.104419 -0.048293 -0.044780
v -0.134464 -0.067161 -0.041969
v -0.137008 -0.064410 0.048276
v -0.082191 -0.088594 -0.040242
v -0.134464 -0.067161 0.048553
v -0.079887 -0.086458 -0.043496
v -0.134841 -0.063839 0.051526
v -0.141434 -0.051688 0.047804
v -0.082191 -0.088594 0.046826
v -0.079887 -0.086458 0.050080
v -0.139277 -0.051294 0.051165
v -0.077595 -0.087401 0.046817
v -0.069156 -0.071344 0.057381
v -0.077595 -0.087401 -0.040233
v -0.069156 -0.071344 -0.050797
v -0.068167 -0.073787 -0.047047
v -0.055601 -0.071344 -0.052184
v -0.068167 -0.073787 0.053631
v -0.055601 -0.071344 0.058768
v -0.055291 -0.073775 -0.049208
v -0.029968 -0.049551 -0.052927
v -0.055291 -0.073775 0.055792
v -0.029968 -0.049551 0.059511
v -0.027824 -0.050423 -0.050129
v -0.027824 -0.050423 0.056713
v -0.028610 -0.047480 -0.050196
v -0.027824 -0.050423 -0.034984
v -0.028610 -0.047480 -0.034891
v -0.028610 -0.047480 0.041474
v -0.027824 -0.050423 0.041568
v -0.041991 -0.026832 -0.050702
v -0.028610 -0.047480 0.056780
v -0.041991 -0.026832 0.057286
v -0.043896 -0.027855 -0.053285
v -0.043896 -0.027855 0.059869
v -0.044949 -0.024854 -0.050288
v -0.041991 -0.026832 -0.033811
v -0.044949 -0.024854 -0.033501
v -0.082800 -0.024854 -0.046493
v -0.083929 -0.027855 -0.049453
v -0.044949 -0.024854 0.056872
v -0.041991 -0.026832 0.040395
v -0.044949 -0.024854 0.040085
v -0.082800 -0.024854 0.053076
v -0.083929 -0.027855 0.056036
v -0.085843 -0.026648 -0.046243
v -0.082800 -0.024854 -0.030192
v -0.085843 -0.026648 -0.029946
v -0.101313 -0.046787 -0.045026
v -0.101313 -0.046787 -0.028708
v -0.104419 -0.048293 -0.028455
v -0.085843 -0.026648 0.052826
v -0.082800 -0.024854 0.036775
v -0.085843 -0.026648 0.036530
v -0.101313 -0.046787 0.051610
v -0.101618 -0.051294 0.054388
v -0.104419 -0.048293 0.051364
v -0.101313 -0.046787 0.035292
v -0.104419 -0.048293 0.035039
v -0.139721 -0.048293 0.048099
v -0.139721 -0.048293 0.035681
v -0.141434 -0.051688 0.035456
v -0.069156 -0.071344 0.057381
v -0.029968 -0.049551 0.059511
v -0.055601 -0.071344 0.058768
v -0.043896 -0.027855 0.059869
v -0.083929 -0.027855 0.056036
v -0.101618 -0.051294 0.054388
v -0.134841 -0.063839 0.051526
v -0.079887 -0.086458 0.050080
v -0.139277 -0.051294 0.051165
v -0.093639 0.110516 -0.038925
v -0.273129 0.091230 0.036052
v -0.273129 0.091230 -0.029468
v -0.093639 0.110516 0.045509
v -0.243562 0.048560 0.038853
v -0.109052 0.048560 -0.043903
v -0.243562 0.048560 -0.032269
v -0.109052 0.048560 0.050487
v -0.028951 0.073784 -0.052133
v -0.042815 0.026638 -0.052453
v -0.016937 0.058894 -0.053696
v -0.064836 0.073784 -0.050352
v -0.083030 0.026638 -0.048600
v -0.090558 0.095687 -0.047807
v -0.082549 0.096008 -0.048594
v -0.091868 0.107699 -0.041685
v -0.106904 0.051561 -0.046799
v -0.270405 0.088516 -0.032094
v -0.244980 0.051561 -0.034580
v -0.247269 0.051003 0.038608
v -0.273267 0.088156 -0.029462
v -0.273267 0.088156 0.036046
v -0.247270 0.051003 -0.032024
v -0.084946 0.025157 0.052201
v -0.105908 0.047040 -0.044247
v -0.105908 0.047040 0.050831
v -0.084946 0.025157 -0.045617
v -0.043971 0.023637 0.056097
v -0.081801 0.023637 -0.045927
v -0.081801 0.023637 0.052511
v -0.043971 0.023637 -0.049513
v -0.016220 0.056100 0.057233
v -0.040900 0.025360 -0.049847
v -0.040900 0.025360 0.056431
v -0.016220 0.056100 -0.050649
v -0.042815 0.026638 0.059037
v -0.028951 0.073784 0.058717
v -0.016937 0.058894 0.060280
v -0.064836 0.073784 0.056936
v -0.083030 0.026638 0.055184
v -0.090558 0.095687 0.054391
v -0.082549 0.096008 0.055178
v -0.091868 0.107699 0.048268
v -0.106904 0.051561 0.053383
v -0.270405 0.088516 0.038678
v -0.244980 0.051561 0.041164
v 0.049976 0.124287 0.050232
v 0.067312 0.106460 -0.047584
v 0.067312 0.106460 0.054168
v 0.049976 0.124287 -0.043648
v -0.027673 0.081017 -0.052293
v -0.075641 0.096285 -0.049306
v -0.063577 0.081017 -0.050484
v 0.026389 0.100322 -0.055731
v -0.085224 0.108413 -0.042386
v -0.011606 0.061105 -0.054361
v 0.048108 0.122739 -0.046730
v 0.054877 0.061105 -0.056459
v 0.078883 0.089652 -0.056306
v 0.068321 0.101956 -0.050854
v 0.126658 0.089441 -0.056157
v 0.116871 0.101956 -0.050663
v -0.010861 0.058104 -0.051300
v 0.053702 0.058104 0.059686
v 0.053702 0.058104 -0.053102
v -0.010861 0.058104 0.057884
v 0.056794 0.059773 -0.053100
v 0.077991 0.084979 0.059675
v 0.077991 0.084979 -0.053092
v 0.056794 0.059773 0.059684
v 0.115726 0.104957 -0.047572
v 0.070463 0.104957 0.054167
v 0.070463 0.104957 -0.047583
v 0.115726 0.104957 0.054155
v 0.130544 0.088169 -0.053081
v 0.118786 0.103204 0.054155
v 0.118786 0.103204 -0.047571
v 0.130544 0.088169 0.059665
v 0.081083 0.086641 -0.053091
v 0.130226 0.086424 0.059665
v 0.130226 0.086424 -0.053081
v 0.081083 0.086641 0.059674
v 0.046828 0.125609 -0.043321
v -0.086374 0.111296 0.046065
v -0.086374 0.111296 -0.039482
v 0.046828 0.125609 0.049905
v -0.075641 0.096285 0.055890
v -0.027673 0.081017 0.058877
v -0.063577 0.081017 0.057068
v 0.026389 0.100322 0.062315
v -0.011606 0.061105 0.060944
v -0.085224 0.108413 0.048970
v 0.054877 0.061105 0.063043
v 0.048108 0.122739 0.053314
v 0.078883 0.089652 0.062889
v 0.068321 0.101956 0.057438
v 0.126658 0.089441 0.062741
v 0.116871 0.101956 0.057247
v 0.139715 -0.145752 -0.054007
v 0.115733 -0.133218 0.048635
v 0.139715 -0.145752 0.049243
v 0.115733 -0.133218 -0.053399
v 0.152166 -0.142594 0.053990
v 0.142984 -0.146010 -0.054125
v 0.142984 -0.146010 0.049361
v 0.152166 -0.142594 -0.058754
v 0.158015 -0.134314 -0.039364
v 0.181367 -0.101257 -0.058754
v 0.181367 -0.101257 -0.039365
v 0.158015 -0.134314 0.034600
v 0.181367 -0.101257 0.053990
v 0.181367 -0.101257 0.034601
v 0.149852 -0.065761 -0.062173
v 0.180386 -0.098953 -0.062173
v 0.180386 -0.090260 -0.062173
v 0.114135 -0.109260 -0.062176
v 0.151429 -0.139802 -0.062173
v 0.115632 -0.130039 -0.056581
v 0.141408 -0.143530 -0.057350
v 0.138538 -0.065761 -0.062173
v 0.088310 -0.089692 -0.061837
v 0.082399 -0.065761 -0.061837
v 0.149852 -0.057709 -0.062173
v 0.138538 -0.057709 -0.062173
v 0.149852 -0.055258 -0.058754
v 0.138538 -0.055258 -0.039365
v 0.138538 -0.055258 -0.058754
v 0.149852 -0.055258 -0.039365
v 0.151541 -0.064525 -0.058754
v 0.151541 -0.057709 -0.039365
v 0.151541 -0.057709 -0.058754
v 0.151541 -0.064525 -0.039365
v 0.181242 -0.087826 -0.058754
v 0.181242 -0.087826 -0.039365
v 0.182075 -0.098164 -0.058754
v 0.182075 -0.090851 -0.039365
v 0.182075 -0.090851 -0.058754
v 0.182075 -0.098164 -0.039365
v 0.149852 -0.057709 -0.036169
v 0.138538 -0.062679 -0.036169
v 0.138538 -0.057709 -0.036169
v 0.149852 -0.065761 -0.036169
v 0.138538 -0.115675 -0.036168
v 0.180386 -0.090260 -0.036169
v 0.180386 -0.098953 -0.036169
v 0.156935 -0.130540 -0.036168
v 0.138538 -0.115675 -0.036168
v 0.156935 -0.130540 0.031404
v 0.138538 -0.115675 0.031404
v 0.156935 -0.130540 -0.036168
v 0.138538 -0.115675 -0.036168
v 0.138538 -0.062679 0.031405
v 0.138538 -0.062679 -0.036169
v 0.138538 -0.115675 0.031404
v 0.138538 -0.055258 -0.039365
v 0.149852 -0.057709 -0.036169
v 0.138538 -0.057709 -0.036169
v 0.149852 -0.055258 -0.039365
v 0.151541 -0.057709 -0.039365
v 0.151541 -0.064525 -0.039365
v 0.149852 -0.065761 -0.036169
v 0.151541 -0.057709 -0.058754
v 0.181242 -0.087826 -0.039365
v 0.149852 -0.055258 -0.058754
v 0.180386 -0.090260 -0.036169
v 0.149852 -0.057709 -0.062173
v 0.138538 -0.055258 -0.058754
v 0.149852 -0.065761 -0.062173
v 0.151541 -0.064525 -0.058754
v 0.180386 -0.090260 -0.062173
v 0.181242 -0.087826 -0.058754
v 0.138538 -0.057709 -0.062173
v 0.182075 -0.090851 -0.058754
v 0.180386 -0.098953 -0.062173
v 0.182075 -0.090851 -0.039365
v 0.182075 -0.098164 -0.039365
v 0.182075 -0.098164 -0.058754
v 0.180386 -0.098953 -0.036169
v 0.181367 -0.101257 -0.058754
v 0.151429 -0.139802 -0.062173
v 0.181367 -0.101257 -0.039365
v 0.152166 -0.142594 -0.058754
v 0.158015 -0.134314 -0.039364
v 0.156935 -0.130540 -0.036168
v 0.141408 -0.143530 -0.057350
v 0.158015 -0.134314 0.034600
v 0.156935 -0.130540 0.031404
v 0.180386 -0.098953 0.031405
v 0.142984 -0.146010 -0.054125
v 0.181367 -0.101257 0.034601
v 0.139715 -0.145752 -0.054007
v 0.115632 -0.130039 -0.056581
v 0.142984 -0.146010 0.049361
v 0.182075 -0.098164 0.034601
v 0.181367 -0.101257 0.053990
v 0.180386 -0.090260 0.031405
v 0.182075 -0.090851 0.034601
v 0.182075 -0.098164 0.053990
v 0.181242 -0.087826 0.034601
v 0.149852 -0.065761 0.031405
v 0.182075 -0.090851 0.053990
v 0.151541 -0.064525 0.034601
v 0.149852 -0.057709 0.031405
v 0.181242 -0.087826 0.053990
v 0.151541 -0.057709 0.034601
v 0.180386 -0.098953 0.057409
v 0.151429 -0.139802 0.057409
v 0.152166 -0.142594 0.053990
v 0.180386 -0.090260 0.057409
v 0.151541 -0.064525 0.053990
v 0.149852 -0.065761 0.057409
v 0.141408 -0.143530 0.052586
v 0.151541 -0.057709 0.053990
v 0.149852 -0.057709 0.057409
v 0.139715 -0.145752 0.049243
v 0.115632 -0.130039 0.051817
v 0.115733 -0.133218 0.048635
v 0.149852 -0.055258 0.053990
v 0.138538 -0.055258 0.053990
v 0.149852 -0.055258 0.034601
v 0.138538 -0.055258 0.034601
v 0.138538 -0.057709 0.031405
v 0.138538 -0.057709 0.057410
v 0.136849 -0.057709 0.053991
v 0.136849 -0.057709 0.034601
v 0.138538 -0.057709 0.031405
v 0.136850 -0.062760 0.054019
v 0.138538 -0.065761 0.057410
v 0.082399 -0.065761 0.057073
v 0.082767 -0.062621 0.054655
v 0.079587 -0.065761 0.053996
v 0.082767 -0.062621 -0.002382
v 0.086036 -0.091857 0.053996
v 0.088310 -0.089692 0.057073
v 0.111792 -0.111059 0.053993
v 0.114135 -0.109260 0.057412
v 0.079586 -0.065761 -0.058760
v 0.082767 -0.062621 -0.059419
v 0.086036 -0.091857 -0.058760
v 0.082399 -0.065761 -0.061837
v 0.136850 -0.062760 -0.058783
v 0.138538 -0.065761 -0.062173
v 0.136849 -0.057709 -0.058754
v 0.136849 -0.057709 -0.039365
v 0.138538 -0.057709 -0.036169
v 0.088310 -0.089692 -0.061837
v 0.111792 -0.111059 -0.058757
v 0.114135 -0.109260 -0.062176
v 0.113199 -0.129295 -0.053399
v 0.115733 -0.133218 -0.053399
v 0.113199 -0.129295 0.048635
v 0.138538 -0.062679 -0.036169
v 0.136849 -0.057709 -0.039365
v 0.138538 -0.057709 -0.036169
v 0.136850 -0.062760 -0.039365
v 0.136849 -0.057709 -0.058754
v 0.136850 -0.062760 -0.058783
v 0.082767 -0.062621 -0.059419
v 0.082767 -0.062621 -0.002382
v 0.138538 -0.062679 0.031405
v 0.136850 -0.062760 0.034601
v 0.082767 -0.062621 0.054655
v 0.136850 -0.062760 0.054019
v 0.136849 -0.057709 0.053991
v 0.136849 -0.057709 0.034601
v 0.138538 -0.057709 0.031405
v 0.180386 -0.098953 0.057409
v 0.149852 -0.065761 0.057409
v 0.180386 -0.090260 0.057409
v 0.114135 -0.109260 0.057412
v 0.151429 -0.139802 0.057409
v 0.115632 -0.130039 0.051817
v 0.141408 -0.143530 0.052586
v 0.138538 -0.065761 0.057410
v 0.088310 -0.089692 0.057073
v 0.082399 -0.065761 0.057073
v 0.149852 -0.057709 0.057409
v 0.138538 -0.057709 0.057410
v 0.149852 -0.055258 0.053990
v 0.138538 -0.055258 0.034601
v 0.149852 -0.055258 0.034601
v 0.138538 -0.055258 0.053990
v 0.151541 -0.057709 0.034601
v 0.151541 -0.064525 0.053990
v 0.151541 -0.057709 0.053990
v 0.151541 -0.064525 0.034601
v 0.181242 -0.087826 0.053990
v 0.181242 -0.087826 0.034601
v 0.182075 -0.098164 0.053990
v 0.182075 -0.090851 0.034601
v 0.182075 -0.098164 0.034601
v 0.182075 -0.090851 0.053990
v 0.138538 -0.062679 0.031405
v 0.149852 -0.057709 0.031405
v 0.138538 -0.057709 0.031405
v 0.149852 -0.065761 0.031405
v 0.138538 -0.115675 0.031404
v 0.180386 -0.090260 0.031405
v 0.180386 -0.098953 0.031405
v 0.156935 -0.130540 0.031404
v -0.470902 0.012916 -0.029408
v -0.620601 0.058494 -0.029408
v -0.620601 0.012916 -0.029408
v -0.457186 0.024614 -0.029408
v -0.397182 0.024614 -0.029408
v -0.208627 0.085040 -0.029408
v -0.318531 0.024592 -0.029408
v -0.386985 0.015923 -0.029408
v -0.325401 0.015923 -0.029408
v -0.233612 0.024635 -0.029408
v -0.189646 0.062323 -0.029408
v -0.159338 0.024635 -0.029408
v -0.047540 0.062323 -0.029408
v -0.047540 0.024635 -0.029408
v -0.226741 0.015923 -0.029408
v -0.163717 0.015923 -0.029408
v -0.190415 0.066388 -0.022969
v -0.206985 0.086220 0.003292
v -0.206985 0.086220 -0.022969
v -0.190415 0.066388 0.003292
v -0.190415 0.066388 0.029553
v -0.206985 0.086220 0.029553
v -0.623365 0.058402 -0.022969
v -0.623365 0.012916 0.003292
v -0.623365 0.012916 -0.022969
v -0.623365 0.058402 0.003292
v -0.623365 0.058402 0.029553
v -0.623365 0.012916 0.029553
v -0.209669 0.087584 -0.022969
v -0.620602 0.061104 0.003292
v -0.620602 0.061104 -0.022969
v -0.209669 0.087584 0.003292
v -0.209669 0.087584 0.029553
v -0.620602 0.061104 0.029553
v -0.047540 0.064931 0.003292
v -0.187730 0.064931 -0.022969
v -0.047540 0.064931 -0.022969
v -0.187730 0.064931 0.003292
v -0.187730 0.064931 0.029553
v -0.047540 0.064931 0.029553
v -0.044075 0.024635 0.003292
v -0.044076 0.062323 -0.022969
v -0.044075 0.024635 -0.022969
v -0.044075 0.062323 0.003292
v -0.044076 0.062323 0.029553
v -0.044075 0.024635 0.029553
v -0.620601 0.058494 0.035991
v -0.470902 0.012916 0.035991
v -0.620601 0.012916 0.035991
v -0.457186 0.024614 0.035991
v -0.397182 0.024614 0.035991
v -0.208627 0.085040 0.035991
v -0.318531 0.024592 0.035991
v -0.386985 0.015923 0.035991
v -0.325401 0.015923 0.035991
v -0.233612 0.024635 0.035991
v -0.189646 0.062323 0.035991
v -0.159338 0.024635 0.035991
v -0.047540 0.062323 0.035991
v -0.047540 0.024635 0.035991
v -0.226741 0.015923 0.035991
v -0.163717 0.015923 0.035991
v -0.470468 0.002925 -0.022969
v -0.620601 0.002925 0.003292
v -0.620601 0.002925 -0.022969
v -0.470467 0.002925 0.003292
v -0.470468 0.002925 0.029553
v -0.620601 0.002925 0.029553
v -0.456751 -0.011461 0.003292
v -0.456751 -0.011461 -0.022969
v -0.456751 -0.011461 0.029553
v -0.397557 -0.011461 0.003292
v -0.397557 -0.011461 -0.022969
v -0.387360 -0.003501 0.003292
v -0.397557 -0.011461 0.029553
v -0.387360 -0.003501 -0.022969
v -0.387360 -0.003501 0.029553
v -0.324881 -0.003501 -0.022969
v -0.324881 -0.003501 0.029553
v -0.324881 -0.003501 0.003292
v -0.318010 -0.011461 -0.022969
v -0.318010 -0.011461 0.029553
v -0.318010 -0.011461 0.003292
v -0.234134 -0.011461 0.003292
v -0.234134 -0.011461 -0.022969
v -0.234134 -0.011461 0.029553
v -0.227263 -0.003501 -0.022969
v -0.227263 -0.003501 0.029553
v -0.227263 -0.003501 0.003292
v -0.163002 -0.003501 -0.022969
v -0.163002 -0.003501 0.029553
v -0.163002 -0.003501 0.003292
v -0.158623 -0.011461 -0.022969
v -0.158623 -0.011461 0.029553
v -0.158623 -0.011461 0.003292
v -0.047540 -0.011461 -0.022969
v -0.047540 -0.011461 0.029553
v -0.047540 -0.011461 0.003292
v -0.620601 -0.047039 -0.022969
v -0.047540 -0.047039 0.003292
v -0.047540 -0.047039 -0.022969
v -0.620601 -0.047039 0.003292
v -0.620601 -0.047039 0.029553
v -0.047540 -0.047039 0.029553
v -0.620601 -0.044431 -0.029408
v -0.470868 0.000317 -0.029408
v -0.620601 0.000317 -0.029408
v -0.457152 -0.014069 -0.029408
v -0.397172 -0.014069 -0.029408
v -0.047540 -0.044431 -0.029408
v -0.318544 -0.014069 -0.029408
v -0.386975 -0.006109 -0.029408
v -0.325415 -0.006109 -0.029408
v -0.233600 -0.014069 -0.029408
v -0.159351 -0.014069 -0.029408
v -0.047540 -0.014069 -0.029408
v -0.226729 -0.006109 -0.029408
v -0.163730 -0.006109 -0.029408
v -0.623365 0.000317 -0.022969
v -0.623365 -0.044431 0.003292
v -0.623365 -0.044431 -0.022969
v -0.623365 0.000317 0.003292
v -0.623365 0.000317 0.029553
v -0.623365 -0.044431 0.029553
v -0.044075 -0.044431 -0.022969
v -0.044075 -0.014069 0.003292
v -0.044075 -0.014069 -0.022969
v -0.044075 -0.044431 0.003292
v -0.044075 -0.044431 0.029553
v -0.044075 -0.014069 0.029553
v -0.470868 0.000317 0.035991
v -0.620601 -0.044431 0.035991
v -0.620601 0.000317 0.035991
v -0.457152 -0.014069 0.035991
v -0.397172 -0.014069 0.035991
v -0.047540 -0.044431 0.035991
v -0.318544 -0.014069 0.035991
v -0.386975 -0.006109 0.035991
v -0.325415 -0.006109 0.035991
v -0.233600 -0.014069 0.035991
v -0.159351 -0.014069 0.035991
v -0.047540 -0.014069 0.035991
v -0.226729 -0.006109 0.035991
v -0.163730 -0.006109 0.035991
v 0.197423 -0.150192 0.023942
v 0.327026 -0.150192 -0.017358
v 0.197423 -0.150192 -0.017358
v 0.327026 -0.150192 0.023942
v 0.284069 -0.075735 -0.020753
v 0.196702 -0.148436 -0.020753
v 0.327026 -0.148436 -0.020753
v 0.133455 -0.097021 -0.020753
v 0.133455 -0.075735 -0.020753
v 0.196702 -0.148436 -0.020753
v 0.327026 -0.150192 -0.017358
v 0.327026 -0.148436 -0.020753
v 0.197423 -0.150192 -0.017358
v 0.194981 -0.148483 -0.017358
v 0.197423 -0.150192 0.023942
v 0.133455 -0.097021 -0.020753
v 0.131704 -0.097021 -0.017358
v 0.131704 -0.075735 -0.017358
v 0.133455 -0.075735 -0.020753
v 0.194981 -0.148483 0.023942
v 0.196702 -0.148436 0.027337
v 0.327026 -0.150192 0.023942
v 0.327026 -0.148436 0.027337
v 0.133455 -0.097021 0.027337
v 0.131704 -0.097021 0.023942
v 0.131704 -0.075735 0.023942
v 0.133455 -0.075735 0.027337
v 0.131704 -0.097021 -0.017358
v 0.194981 -0.148483 0.023942
v 0.194981 -0.148483 -0.017358
v 0.131704 -0.097021 0.023942
v 0.131704 -0.075735 -0.017358
v 0.131704 -0.075735 0.023942
v 0.196702 -0.148436 0.027337
v 0.284069 -0.075735 0.027337
v 0.327026 -0.148436 0.027337
v 0.133455 -0.097021 0.027337
v 0.133455 -0.075735 0.027337
v 0.377601 0.086330 -0.049453
v 0.344765 0.173057 -0.049421
v 0.332724 0.145197 -0.049449
v 0.393171 0.117118 -0.048337
v 0.490509 0.081004 -0.040981
v 0.486631 0.091743 -0.041348
v 0.559486 0.045063 -0.035817
v 0.564701 0.060956 -0.035102
v 0.614960 0.031238 -0.030087
v 0.601629 0.058575 -0.031782
v 0.569266 0.068170 -0.034741
v 0.602283 0.060716 -0.026362
v 0.569075 0.070653 0.035930
v 0.569075 0.070653 -0.029347
v 0.602283 0.060716 0.032945
v 0.346196 0.176474 -0.043990
v 0.393827 0.121536 0.049400
v 0.346196 0.176474 0.050573
v 0.393827 0.121536 -0.042816
v 0.395793 0.120153 -0.042708
v 0.487684 0.094358 0.042433
v 0.395793 0.120153 0.049291
v 0.487684 0.094358 -0.035850
v 0.564077 0.064919 -0.029847
v 0.567192 0.069715 0.036112
v 0.564077 0.064919 0.036431
v 0.567192 0.069715 -0.029528
v 0.489345 0.092434 -0.035715
v 0.492392 0.084230 0.042008
v 0.489345 0.092434 0.042298
v 0.492392 0.084230 -0.035424
v 0.494056 0.082328 -0.035283
v 0.562192 0.063960 0.036599
v 0.494056 0.082328 0.041867
v 0.562192 0.063960 -0.030016
v 0.604006 0.058366 0.032694
v 0.616959 0.030740 -0.024453
v 0.616959 0.030740 0.031037
v 0.604006 0.058366 -0.026110
v 0.616959 0.030740 -0.024453
v 0.601629 0.058575 -0.031782
v 0.614960 0.031238 -0.030087
v 0.604006 0.058366 -0.026110
v 0.602283 0.060716 -0.026362
v 0.602283 0.060716 0.032945
v 0.569075 0.070653 -0.029347
v 0.604006 0.058366 0.032694
v 0.569266 0.068170 -0.034741
v 0.601629 0.058575 0.038366
v 0.616959 0.030740 0.031037
v 0.614960 0.031238 0.036671
v 0.569075 0.070653 0.035930
v 0.569266 0.068170 0.041325
v 0.567192 0.069715 0.036112
v 0.564701 0.060956 0.041686
v 0.567192 0.069715 -0.029528
v 0.564701 0.060956 -0.035102
v 0.564077 0.064919 0.036431
v 0.564077 0.064919 -0.029847
v 0.562192 0.063960 0.036599
v 0.490509 0.081004 0.047565
v 0.562192 0.063960 -0.030016
v 0.490509 0.081004 -0.040981
v 0.494056 0.082328 0.041867
v 0.494056 0.082328 -0.035283
v 0.492392 0.084230 0.042008
v 0.486631 0.091743 0.047932
v 0.492392 0.084230 -0.035424
v 0.486631 0.091743 -0.041348
v 0.489345 0.092434 0.042298
v 0.489345 0.092434 -0.035715
v 0.487684 0.094358 0.042433
v 0.393171 0.117118 0.054921
v 0.487684 0.094358 -0.035850
v 0.393171 0.117118 -0.048337
v 0.395793 0.120153 0.049291
v 0.395793 0.120153 -0.042708
v 0.393827 0.121536 0.049400
v 0.344765 0.173057 0.056004
v 0.346196 0.176474 0.050573
v 0.393827 0.121536 -0.042816
v 0.344765 0.173057 -0.049421
v 0.346196 0.176474 -0.043990
v 0.344765 0.173057 0.056004
v 0.377601 0.086330 0.056037
v 0.332724 0.145197 0.056033
v 0.393171 0.117118 0.054921
v 0.490509 0.081004 0.047565
v 0.486631 0.091743 0.047932
v 0.559486 0.045063 0.042400
v 0.564701 0.060956 0.041686
v 0.614960 0.031238 0.036671
v 0.601629 0.058575 0.038366
v 0.569266 0.068170 0.041325
v 0.474630 -0.129660 0.058566
v 0.502239 -0.135420 -0.049133
v 0.474630 -0.129660 -0.051983
v 0.502239 -0.135420 0.055717
v 0.504891 -0.135420 0.055493
v 0.614313 -0.108389 -0.033873
v 0.504891 -0.135420 -0.048909
v 0.614313 -0.108389 0.040457
v 0.616520 -0.106528 0.040188
v 0.624277 -0.049571 -0.033468
v 0.616520 -0.106528 -0.033604
v 0.624277 -0.049571 0.040051
v 0.613105 -0.031657 0.031851
v 0.570967 -0.031578 -0.028894
v 0.613105 -0.031657 -0.025267
v 0.570967 -0.031578 0.035477
v 0.503616 -0.133146 -0.053073
v 0.481421 -0.111342 -0.055624
v 0.475456 -0.127276 -0.056011
v 0.545317 -0.092304 -0.045584
v 0.613605 -0.106041 -0.037491
v 0.564382 -0.049442 -0.043069
v 0.621301 -0.049600 -0.036709
v 0.614572 -0.034436 -0.028352
v 0.565749 -0.046366 -0.041766
v 0.620737 -0.046354 -0.035720
v 0.571049 -0.034436 -0.032231
v 0.561444 -0.047915 0.045540
v 0.567732 -0.034452 -0.028197
v 0.567732 -0.034452 0.034780
v 0.561444 -0.047915 -0.038956
v 0.544084 -0.087542 0.048257
v 0.544084 -0.087542 -0.041674
v 0.472129 -0.126939 0.058764
v 0.478048 -0.110871 -0.051907
v 0.478049 -0.110871 0.058490
v 0.472129 -0.126939 -0.052180
v 0.623849 -0.046630 0.039313
v 0.617517 -0.034439 -0.025646
v 0.623849 -0.046630 -0.032729
v 0.617517 -0.034439 0.032229
v 0.540302 -0.090668 -0.042076
v 0.480978 -0.108291 0.058195
v 0.480978 -0.108291 -0.051612
v 0.540302 -0.090668 0.048660
v 0.503616 -0.133146 0.059657
v 0.475456 -0.127276 0.062594
v 0.481421 -0.111342 0.062208
v 0.545317 -0.092304 0.052167
v 0.613605 -0.106041 0.044074
v 0.564382 -0.049442 0.049653
v 0.621301 -0.049600 0.043293
v 0.614572 -0.034436 0.034936
v 0.565749 -0.046366 0.048349
v 0.571049 -0.034436 0.038814
v 0.620737 -0.046354 0.042304
v 0.130005 -0.064826 -0.048548
v 0.130005 -0.096106 -0.024393
v 0.130005 -0.096106 -0.048548
v 0.130005 -0.064826 -0.024393
v 0.247582 -0.154976 -0.024345
v 0.289303 -0.154976 -0.048597
v 0.247582 -0.154976 -0.048597
v 0.289303 -0.154976 -0.024345
v 0.196788 -0.136739 -0.051452
v 0.184433 -0.145573 -0.051452
v 0.190035 -0.145573 -0.051452
v 0.131764 -0.096245 -0.051452
v 0.131764 -0.063125 -0.051452
v 0.222982 -0.063125 -0.051452
v 0.234199 -0.136739 -0.051452
v 0.289800 -0.153009 -0.051452
v 0.247365 -0.153009 -0.051452
v 0.298672 -0.145449 -0.051452
v 0.222982 -0.063125 -0.021490
v 0.299768 -0.146696 -0.024345
v 0.298672 -0.145449 -0.021490
v 0.298672 -0.145449 -0.051452
v 0.222982 -0.063125 -0.051452
v 0.299768 -0.146696 -0.048597
v 0.222982 -0.063125 -0.021490
v 0.298672 -0.145449 -0.021490
v 0.289800 -0.153009 -0.021490
v 0.234199 -0.136739 -0.021490
v 0.247365 -0.153009 -0.021490
v 0.196788 -0.136739 -0.021490
v 0.131764 -0.063125 -0.021490
v 0.131764 -0.096245 -0.021490
v 0.184433 -0.145573 -0.021490
v 0.190035 -0.145573 -0.021490
v 0.182855 -0.146255 -0.024345
v 0.131239 -0.098291 -0.048597
v 0.131239 -0.098291 -0.024345
v 0.182855 -0.146255 -0.048597
v 0.234196 -0.139885 -0.024345
v 0.245590 -0.153797 -0.048597
v 0.234196 -0.139885 -0.048597
v 0.245590 -0.153797 -0.024345
v 0.198565 -0.138706 -0.024345
v 0.232204 -0.138706 -0.048597
v 0.198565 -0.138706 -0.048597
v 0.232204 -0.138706 -0.024345
v 0.191718 -0.145926 -0.024345
v 0.196577 -0.139758 -0.048597
v 0.191718 -0.145926 -0.048597
v 0.196577 -0.139758 -0.024345
v 0.184896 -0.147540 -0.024345
v 0.189923 -0.147540 -0.048597
v 0.184896 -0.147540 -0.048597
v 0.189923 -0.147540 -0.024345
v 0.299768 -0.146696 -0.048597
v 0.291245 -0.153959 -0.024345
v 0.299768 -0.146696 -0.024345
v 0.291245 -0.153959 -0.048597
v 0.289800 -0.153009 -0.051452
v 0.299768 -0.146696 -0.048597
v 0.298672 -0.145449 -0.051452
v 0.291245 -0.153959 -0.048597
v 0.289303 -0.154976 -0.048597
v 0.247365 -0.153009 -0.051452
v 0.289303 -0.154976 -0.024345
v 0.247582 -0.154976 -0.048597
v 0.291245 -0.153959 -0.024345
v 0.245590 -0.153797 -0.048597
v 0.234199 -0.136739 -0.051452
v 0.245590 -0.153797 -0.024345
v 0.234196 -0.139885 -0.048597
v 0.247582 -0.154976 -0.024345
v 0.289800 -0.153009 -0.021490
v 0.298672 -0.145449 -0.021490
v 0.299768 -0.146696 -0.024345
v 0.247365 -0.153009 -0.021490
v 0.234196 -0.139885 -0.024345
v 0.234199 -0.136739 -0.021490
v 0.232204 -0.138706 -0.048597
v 0.196788 -0.136739 -0.051452
v 0.232204 -0.138706 -0.024345
v 0.198565 -0.138706 -0.024345
v 0.198565 -0.138706 -0.048597
v 0.196788 -0.136739 -0.021490
v 0.196577 -0.139758 -0.048597
v 0.190035 -0.145573 -0.051452
v 0.196577 -0.139758 -0.024345
v 0.191718 -0.145926 -0.024345
v 0.191718 -0.145926 -0.048597
v 0.190035 -0.145573 -0.021490
v 0.189923 -0.147540 -0.048597
v 0.184433 -0.145573 -0.051452
v 0.189923 -0.147540 -0.024345
v 0.184896 -0.147540 -0.024345
v 0.184433 -0.145573 -0.021490
v 0.184896 -0.147540 -0.048597
v 0.182855 -0.146255 -0.024345
v 0.131764 -0.096245 -0.021490
v 0.182855 -0.146255 -0.048597
v 0.131764 -0.096245 -0.051452
v 0.131239 -0.098291 -0.024345
v 0.131239 -0.098291 -0.048597
v 0.130005 -0.096106 -0.024393
v 0.130005 -0.064826 -0.024393
v 0.131764 -0.063125 -0.021490
v 0.130005 -0.064826 -0.048548
v 0.131764 -0.063125 -0.051452
v 0.130005 -0.096106 -0.048548
v 0.131764 -0.063125 -0.051452
v 0.222982 -0.063125 -0.021490
v 0.131764 -0.063125 -0.021490
v 0.222982 -0.063125 -0.051452
v 0.130005 -0.064826 0.055132
v 0.130005 -0.096106 0.030977
v 0.130005 -0.064826 0.030977
v 0.130005 -0.096106 0.055132
v 0.247582 -0.154976 0.030928
v 0.289303 -0.154976 0.055181
v 0.289303 -0.154976 0.030928
v 0.247582 -0.154976 0.055181
v 0.184433 -0.145573 0.058035
v 0.196788 -0.136739 0.058035
v 0.190035 -0.145573 0.058035
v 0.131764 -0.096245 0.058035
v 0.131764 -0.063125 0.058035
v 0.222982 -0.063125 0.058035
v 0.234199 -0.136739 0.058035
v 0.289800 -0.153009 0.058035
v 0.247365 -0.153009 0.058035
v 0.298672 -0.145449 0.058035
v 0.298672 -0.145449 0.058035
v 0.299768 -0.146696 0.030928
v 0.299768 -0.146696 0.055181
v 0.222982 -0.063125 0.028073
v 0.222982 -0.063125 0.058035
v 0.298672 -0.145449 0.028073
v 0.222982 -0.063125 0.028073
v 0.289800 -0.153009 0.028073
v 0.298672 -0.145449 0.028073
v 0.234199 -0.136739 0.028073
v 0.247365 -0.153009 0.028073
v 0.196788 -0.136739 0.028073
v 0.131764 -0.063125 0.028073
v 0.131764 -0.096245 0.028073
v 0.184433 -0.145573 0.028073
v 0.190035 -0.145573 0.028073
v 0.182855 -0.146255 0.030928
v 0.131239 -0.098291 0.055181
v 0.182855 -0.146255 0.055181
v 0.131239 -0.098291 0.030928
v 0.234196 -0.139885 0.030928
v 0.245590 -0.153797 0.055181
v 0.245590 -0.153797 0.030928
v 0.234196 -0.139885 0.055181
v 0.198565 -0.138706 0.030928
v 0.232204 -0.138706 0.055181
v 0.232204 -0.138706 0.030928
v 0.198565 -0.138706 0.055181
v 0.191718 -0.145926 0.030928
v 0.196577 -0.139758 0.055181
v 0.196577 -0.139758 0.030928
v 0.191718 -0.145926 0.055181
v 0.184896 -0.147540 0.030928
v 0.189923 -0.147540 0.055181
v 0.189923 -0.147540 0.030928
v 0.184896 -0.147540 0.055181
v 0.299768 -0.146696 0.055181
v 0.291245 -0.153959 0.030928
v 0.291245 -0.153959 0.055181
v 0.299768 -0.146696 0.030928
v 0.299768 -0.146696 0.055181
v 0.289800 -0.153009 0.058035
v 0.298672 -0.145449 0.058035
v 0.291245 -0.153959 0.055181
v 0.289303 -0.154976 0.055181
v 0.247365 -0.153009 0.058035
v 0.289303 -0.154976 0.030928
v 0.247582 -0.154976 0.055181
v 0.291245 -0.153959 0.030928
v 0.245590 -0.153797 0.055181
v 0.234199 -0.136739 0.058035
v 0.245590 -0.153797 0.030928
v 0.234196 -0.139885 0.055181
v 0.247582 -0.154976 0.030928
v 0.289800 -0.153009 0.028073
v 0.298672 -0.145449 0.028073
v 0.299768 -0.146696 0.030928
v 0.247365 -0.153009 0.028073
v 0.234196 -0.139885 0.030928
v 0.234199 -0.136739 0.028073
v 0.232204 -0.138706 0.055181
v 0.196788 -0.136739 0.058035
v 0.232204 -0.138706 0.030928
v 0.198565 -0.138706 0.030928
v 0.198565 -0.138706 0.055181
v 0.196788 -0.136739 0.028073
v 0.196577 -0.139758 0.055181
v 0.190035 -0.145573 0.058035
v 0.196577 -0.139758 0.030928
v 0.191718 -0.145926 0.030928
v 0.191718 -0.145926 0.055181
v 0.190035 -0.145573 0.028073
v 0.189923 -0.147540 0.055181
v 0.184433 -0.145573 0.058035
v 0.189923 -0.147540 0.030928
v 0.184896 -0.147540 0.030928
v 0.184433 -0.145573 0.028073
v 0.184896 -0.147540 0.055181
v 0.182855 -0.146255 0.030928
v 0.131764 -0.096245 0.028073
v 0.182855 -0.146255 0.055181
v 0.131764 -0.096245 0.058035
v 0.131239 -0.098291 0.030928
v 0.131239 -0.098291 0.055181
v 0.130005 -0.096106 0.030977
v 0.130005 -0.064826 0.030977
v 0.131764 -0.063125 0.028073
v 0.130005 -0.064826 0.055132
v 0.131764 -0.063125 0.058035
v 0.130005 -0.096106 0.055132
v 0.131764 -0.063125 0.058035
v 0.222982 -0.063125 0.028073
v 0.222982 -0.063125 0.058035
v 0.131764 -0.063125 0.028073
v 0.468863 -0.129584 0.058764
v 0.322064 -0.180224 -0.052202
v 0.322064 -0.180224 0.058785
v 0.468863 -0.129584 -0.052180
v 0.483812 -0.049618 -0.053505
v 0.541171 -0.086999 -0.045866
v 0.557476 -0.049448 -0.043815
v 0.476706 -0.106041 -0.056114
v 0.419258 -0.076059 -0.056499
v 0.417329 -0.049618 -0.056499
v 0.400096 -0.116331 -0.056499
v 0.469063 -0.125952 -0.056500
v 0.363366 -0.141626 -0.056499
v 0.320599 -0.177303 -0.056499
v 0.318909 -0.145167 -0.056499
v 0.278637 -0.126006 -0.056499
v 0.222982 -0.062247 -0.056500
v 0.253341 -0.089275 -0.056499
v 0.249800 -0.044818 -0.056499
v 0.222982 -0.062247 -0.033586
v 0.249800 -0.044818 -0.033586
v 0.221077 -0.064730 -0.036764
v 0.306587 -0.160489 -0.033586
v 0.221077 -0.064730 -0.052202
v 0.331318 -0.136916 -0.033586
v 0.308307 -0.167982 -0.036764
v 0.309234 -0.163589 -0.030300
v 0.318247 -0.179531 -0.052202
v 0.334018 -0.139967 -0.030300
v 0.308307 -0.167982 0.043348
v 0.318247 -0.179531 0.058785
v 0.221077 -0.064730 0.058786
v 0.221077 -0.064730 0.043348
v 0.309234 -0.163589 0.036883
v 0.334018 -0.139967 0.036883
v 0.331318 -0.136916 0.040170
v 0.306587 -0.160489 0.040170
v 0.249800 -0.044818 0.040170
v 0.222982 -0.062247 0.063083
v 0.222982 -0.062247 0.040170
v 0.249800 -0.044818 0.063083
v 0.253341 -0.089275 0.063083
v 0.278637 -0.126006 0.063083
v 0.320599 -0.177303 0.063083
v 0.318909 -0.145167 0.063083
v 0.363366 -0.141626 0.063083
v 0.469063 -0.125952 0.063083
v 0.400096 -0.116331 0.063083
v 0.476706 -0.106041 0.062697
v 0.419258 -0.076059 0.063083
v 0.483812 -0.049618 0.060089
v 0.417329 -0.049618 0.063083
v 0.541171 -0.086999 0.052449
v 0.557476 -0.049448 0.050398
v 0.318247 -0.179531 -0.052202
v 0.222982 -0.062247 -0.056500
v 0.221077 -0.064730 -0.052202
v 0.320599 -0.177303 -0.056499
v 0.322064 -0.180224 -0.052202
v 0.468863 -0.129584 -0.052180
v 0.322064 -0.180224 0.058785
v 0.469063 -0.125952 -0.056500
v 0.318247 -0.179531 0.058785
v 0.472129 -0.126939 -0.052180
v 0.468863 -0.129584 0.058764
v 0.478048 -0.110871 -0.051907
v 0.472129 -0.126939 0.058764
v 0.476706 -0.106041 -0.056114
v 0.320599 -0.177303 0.063083
v 0.222982 -0.062247 0.063083
v 0.221077 -0.064730 0.058786
v 0.469063 -0.125952 0.063083
v 0.478048 -0.110871 0.058490
v 0.476706 -0.106041 0.062697
v 0.480978 -0.108291 -0.051612
v 0.480978 -0.108291 0.058195
v 0.540302 -0.090668 -0.042076
v 0.540302 -0.090668 0.048660
v 0.541171 -0.086999 -0.045866
v 0.541171 -0.086999 0.052449
v 0.544084 -0.087542 -0.041674
v 0.557476 -0.049448 -0.043815
v 0.544084 -0.087542 0.048257
v 0.557476 -0.049448 0.050398
v 0.560837 -0.049255 -0.039547
v 0.560837 -0.049255 0.046131
v 0.558869 -0.046390 -0.042479
v 0.486314 -0.046183 -0.051875
v 0.483812 -0.049618 -0.053505
v 0.417029 -0.046187 -0.054937
v 0.417329 -0.049618 -0.056499
v 0.562050 -0.046575 -0.038365
v 0.564570 -0.034455 -0.032813
v 0.562050 -0.046575 0.044949
v 0.567732 -0.034452 -0.028197
v 0.558869 -0.046390 0.049063
v 0.486314 -0.046183 0.058459
v 0.483812 -0.049618 0.060089
v 0.417029 -0.046187 0.061520
v 0.417329 -0.049618 0.063083
v 0.564570 -0.034455 0.039397
v 0.567732 -0.034452 0.034780
v 0.565802 -0.031602 -0.029269
v 0.489075 -0.031602 -0.037710
v 0.565802 -0.031602 0.035853
v 0.488517 -0.034454 -0.041752
v 0.415716 -0.031602 -0.039319
v 0.415833 -0.034454 -0.043836
v 0.489075 -0.031602 0.044293
v 0.488517 -0.034454 0.048336
v 0.415716 -0.031602 0.045902
v 0.415833 -0.034454 0.050420
v 0.268962 -0.004547 -0.056499
v 0.249800 -0.044818 -0.033586
v 0.249800 -0.044818 -0.056499
v 0.249800 -0.044818 0.040170
v 0.331318 -0.136916 -0.033586
v 0.331318 -0.136916 0.040170
v 0.334018 -0.139967 0.036883
v 0.334018 -0.139967 -0.030300
v 0.268962 -0.004547 0.063083
v 0.249800 -0.044818 0.063083
v 0.305692 0.020749 0.063083
v 0.305692 0.020749 -0.056499
v 0.350149 0.024290 0.063083
v 0.350149 0.024290 -0.056499
v 0.390421 0.005129 -0.056499
v 0.390421 0.005129 0.063083
v 0.415716 -0.031602 0.045902
v 0.415716 -0.031602 0.063083
v 0.415716 -0.031602 -0.039319
v 0.415833 -0.034454 0.050420
v 0.417029 -0.046187 0.061520
v 0.417329 -0.049618 0.063083
v 0.415716 -0.031602 -0.056499
v 0.415833 -0.034454 -0.043836
v 0.417029 -0.046187 -0.054937
v 0.417329 -0.049618 -0.056499
v 0.306587 -0.160489 -0.033586
v 0.221077 -0.064730 -0.036764
v 0.222982 -0.062247 -0.033586
v 0.308307 -0.167982 -0.036764
v 0.309234 -0.163589 -0.030300
v 0.309234 -0.163589 0.036883
v 0.308307 -0.167982 0.043348
v 0.306587 -0.160489 0.040170
v 0.221077 -0.064730 0.043348
v 0.222982 -0.062247 0.040170
v 0.415716 -0.031602 -0.039319
v 0.489075 -0.031602 0.044293
v 0.415716 -0.031602 0.045902
v 0.489075 -0.031602 -0.037710
v 0.565802 -0.031602 -0.029269
v 0.565802 -0.031602 0.035853
v 0.488517 -0.034454 -0.041752
v 0.558869 -0.046390 -0.042479
v 0.564570 -0.034455 -0.032813
v 0.486314 -0.046183 -0.051875
v 0.415833 -0.034454 -0.043836
v 0.417029 -0.046187 -0.054937
v 0.558869 -0.046390 0.049063
v 0.488517 -0.034454 0.048336
v 0.564570 -0.034455 0.039397
v 0.486314 -0.046183 0.058459
v 0.415833 -0.034454 0.050420
v 0.417029 -0.046187 0.061520
v 0.480978 -0.108291 0.058195
v 0.540302 -0.090668 -0.042076
v 0.480978 -0.108291 -0.051612
v 0.540302 -0.090668 0.048660
v 0.478048 -0.110871 -0.051907
v 0.472129 -0.126939 0.058764
v 0.478048 -0.110871 0.058490
v 0.472129 -0.126939 -0.052180
v 0.544084 -0.087542 -0.041674
v 0.560837 -0.049255 0.046131
v 0.560837 -0.049255 -0.039547
v 0.544084 -0.087542 0.048257
v 0.562050 -0.046575 -0.038365
v 0.567732 -0.034452 0.034780
v 0.567732 -0.034452 -0.028197
v 0.562050 -0.046575 0.044949
v 0.291981 0.179368 0.059423
v 0.346531 0.179368 -0.052844
v 0.346531 0.179368 0.059428
v 0.291981 0.179368 -0.052839
v 0.283683 0.172959 -0.029005
v 0.283683 0.172959 0.035589
v 0.377255 0.000484 -0.052845
v 0.546087 -0.007314 0.047248
v 0.546087 -0.007314 -0.040665
v 0.377255 0.000484 0.059428
v 0.288489 0.000484 0.063084
v 0.288489 0.000484 -0.056500
v 0.222982 -0.075735 0.063084
v 0.222982 -0.075735 -0.056500
v 0.187274 -0.075735 -0.056500
v 0.187274 -0.075735 0.063083
v 0.187274 0.064505 0.058368
v 0.187274 0.066571 0.063083
v 0.187274 0.064505 -0.051784
v 0.187274 0.066571 -0.056500
v 0.095211 0.064505 -0.051783
v 0.095211 0.064505 0.058367
v 0.323951 0.103204 0.063082
v 0.379423 0.002425 0.063075
v 0.352204 0.089322 0.063080
v 0.547369 -0.005433 0.050948
v 0.377628 0.085616 0.063093
v 0.618001 0.028927 0.043063
v 0.334909 0.152410 0.063083
v 0.314755 0.152410 0.063083
v 0.348637 0.091203 0.061251
v 0.293210 0.177705 0.063083
v 0.293210 0.152410 0.063083
v 0.346040 0.177705 0.063083
v 0.582576 -0.006600 0.047322
v 0.628182 0.010717 0.041785
v 0.618356 -0.007509 0.043027
v 0.563199 -0.020564 0.049363
v 0.558149 -0.021016 0.050002
v 0.327413 0.102139 0.059422
v 0.323951 0.103204 0.056740
v 0.348637 0.091203 0.059422
v 0.312412 0.150553 0.061253
v 0.312413 0.150553 0.059423
v 0.295277 0.150553 0.059422
v 0.293484 0.150553 0.061253
v 0.377255 0.000484 0.059428
v 0.270268 0.054475 0.063084
v 0.288489 0.000484 0.063084
v 0.222982 -0.075735 0.063084
v 0.222984 0.054475 0.063084
v 0.196014 0.093440 0.063084
v 0.187274 0.066571 0.063083
v 0.187274 -0.075735 0.063083
v 0.138188 0.093440 0.063083
v 0.132265 0.084519 0.063083
v 0.094516 0.066571 0.063083
v 0.082490 0.084519 0.063082
v 0.629755 0.012131 -0.031285
v 0.620169 0.029014 0.039120
v 0.620169 0.029014 -0.032536
v 0.629755 0.012131 0.037868
v 0.620522 -0.007644 -0.032425
v 0.629778 0.009335 0.037866
v 0.629778 0.009335 -0.031282
v 0.620522 -0.007644 0.039009
v 0.547904 -0.008542 0.047057
v 0.557849 -0.022541 -0.039608
v 0.547904 -0.008542 -0.040474
v 0.557849 -0.022541 0.046191
v 0.618024 -0.009453 -0.032644
v 0.582683 -0.008555 0.043473
v 0.618024 -0.009453 0.039227
v 0.582683 -0.008555 -0.036890
v 0.563325 -0.022060 0.045516
v 0.563325 -0.022060 -0.038932
v 0.563199 -0.020564 -0.042780
v 0.547369 -0.005433 -0.044364
v 0.558149 -0.021016 -0.043418
v 0.582576 -0.006600 -0.040739
v 0.618001 0.028927 -0.036479
v 0.628182 0.010717 -0.035202
v 0.618356 -0.007509 -0.036443
v 0.377628 0.085616 -0.056510
v 0.352204 0.089322 -0.056497
v 0.379423 0.002425 -0.056491
v 0.334909 0.152410 -0.056499
v 0.323951 0.103204 -0.056499
v 0.314755 0.152410 -0.056499
v 0.348637 0.091203 -0.054668
v 0.293210 0.177705 -0.056499
v 0.346040 0.177705 -0.056499
v 0.293210 0.152410 -0.056499
v 0.327413 0.102139 -0.052839
v 0.323951 0.103204 -0.050157
v 0.348637 0.091203 -0.052839
v 0.312412 0.150553 -0.054669
v 0.312412 0.150553 -0.052839
v 0.295277 0.150553 -0.052839
v 0.293484 0.150553 -0.054669
v 0.291330 0.151894 -0.050156
v 0.291330 0.151894 0.056740
v 0.283668 0.158061 0.036520
v 0.283668 0.158061 -0.029936
v 0.270268 0.054475 -0.056500
v 0.377255 0.000484 -0.052845
v 0.288489 0.000484 -0.056500
v 0.222982 -0.075735 -0.056500
v 0.222984 0.054475 -0.056500
v 0.196014 0.093440 -0.056500
v 0.187274 0.066571 -0.056500
v 0.187274 -0.075735 -0.056500
v 0.138188 0.093440 -0.056499
v 0.132265 0.084519 -0.056499
v 0.094516 0.066571 -0.056499
v 0.082490 0.084519 -0.056499
v 0.377388 0.090510 0.059429
v 0.338825 0.150800 -0.052845
v 0.377388 0.090510 -0.052845
v 0.338825 0.150800 0.059428
v 0.338476 0.153988 0.059428
v 0.348436 0.177081 -0.052845
v 0.338476 0.153988 -0.052845
v 0.348436 0.177081 0.059428
v 0.381121 0.087864 0.059429
v 0.618250 0.031333 -0.032606
v 0.618250 0.031333 0.039190
v 0.381121 0.087864 -0.052845
v 0.192025 0.177373 0.041144
v 0.227739 0.177373 -0.034560
v 0.227739 0.177373 0.041144
v 0.192025 0.177373 -0.034560
v 0.179526 0.161562 -0.037447
v 0.227196 0.176022 -0.037447
v 0.191965 0.176022 -0.037447
v 0.220719 0.158852 -0.037447
v 0.183427 0.142658 -0.037447
v 0.157559 0.099473 -0.037447
v 0.177399 0.086449 -0.037447
v 0.141567 0.086449 -0.037447
v 0.147805 0.097839 -0.037447
v 0.227908 0.158766 -0.027820
v 0.223439 0.158285 -0.033675
v 0.223542 0.158321 0.003292
v 0.282172 0.158766 0.034159
v 0.282172 0.158766 -0.027575
v 0.227908 0.158766 0.034404
v 0.223439 0.158285 0.040259
v 0.181259 0.141883 0.041144
v 0.157205 0.102052 -0.034560
v 0.181259 0.141883 -0.034560
v 0.157205 0.102052 0.041144
v 0.178272 0.160631 0.041144
v 0.181699 0.144025 -0.034560
v 0.178272 0.160631 -0.034560
v 0.181699 0.144025 0.041144
v 0.155718 0.100772 0.041144
v 0.147833 0.099451 -0.034560
v 0.155718 0.100772 -0.034560
v 0.147833 0.099451 0.041144
v 0.146302 0.098452 0.041144
v 0.139925 0.086449 -0.034560
v 0.146302 0.098452 -0.034560
v 0.139925 0.086449 0.041144
v 0.190583 0.176845 -0.034560
v 0.178514 0.162628 0.041144
v 0.178514 0.162628 -0.034560
v 0.190583 0.176845 0.041144
v 0.232626 0.172724 -0.028441
v 0.229635 0.176604 0.040001
v 0.229635 0.176604 -0.033418
v 0.232626 0.172724 0.035024
v 0.282172 0.172245 -0.027300
v 0.234745 0.172245 0.034074
v 0.234745 0.172245 -0.027490
v 0.282172 0.172245 0.033883
v 0.282172 0.160539 -0.029516
v 0.234154 0.170986 -0.029828
v 0.230060 0.160539 -0.029807
v 0.282172 0.170973 -0.029516
v 0.178986 0.086449 0.003292
v 0.221154 0.157039 -0.034541
v 0.178986 0.086449 -0.034560
v 0.221154 0.157039 0.003292
v 0.221154 0.157039 0.041124
v 0.178986 0.086449 0.041144
v 0.227960 0.160523 -0.030776
v 0.229130 0.175392 -0.036228
v 0.223511 0.160188 -0.036213
v 0.232340 0.171396 -0.030755
v 0.221154 0.157039 -0.034541
v 0.177399 0.086449 -0.037447
v 0.178986 0.086449 -0.034560
v 0.220719 0.158852 -0.037447
v 0.223439 0.158285 -0.033675
v 0.221154 0.157039 0.003292
v 0.223542 0.158321 0.003292
v 0.223439 0.158285 0.040259
v 0.221154 0.157039 0.041124
v 0.223511 0.160188 -0.036213
v 0.227908 0.158766 -0.027820
v 0.229130 0.175392 -0.036228
v 0.227960 0.160523 -0.030776
v 0.227196 0.176022 -0.037447
v 0.230060 0.160539 -0.029807
v 0.282172 0.158766 -0.027575
v 0.234154 0.170986 -0.029828
v 0.282172 0.160539 -0.029516
v 0.232340 0.171396 -0.030755
v 0.283668 0.158061 -0.029936
v 0.282172 0.158766 0.034159
v 0.283633 0.160028 -0.031596
v 0.283633 0.171464 -0.031596
v 0.283668 0.158061 0.036520
v 0.282172 0.170973 -0.029516
v 0.282172 0.160539 0.036100
v 0.283633 0.160028 0.038180
v 0.283633 0.171464 0.038180
v 0.230060 0.160539 0.036391
v 0.282172 0.170973 0.036100
v 0.227908 0.158766 0.034404
v 0.227960 0.160523 0.037360
v 0.234154 0.170986 0.036412
v 0.223511 0.160188 0.042797
v 0.232340 0.171396 0.037339
v 0.220719 0.158852 0.044031
v 0.229130 0.175392 0.042812
v 0.177399 0.086449 0.044031
v 0.178986 0.086449 0.041144
v 0.227196 0.176022 0.044031
v 0.232626 0.172724 0.035024
v 0.229635 0.176604 0.040001
v 0.234745 0.172245 0.034074
v 0.232626 0.172724 -0.028441
v 0.282172 0.172245 0.033883
v 0.234745 0.172245 -0.027490
v 0.283683 0.172959 0.035589
v 0.282172 0.172245 -0.027300
v 0.291281 0.177322 0.061379
v 0.291981 0.179368 0.059423
v 0.293210 0.177705 0.063083
v 0.283683 0.172959 -0.029005
v 0.291281 0.177322 -0.054796
v 0.229635 0.176604 -0.033418
v 0.291981 0.179368 -0.052839
v 0.293210 0.177705 -0.056499
v 0.227739 0.177373 -0.034560
v 0.192025 0.177373 -0.034560
v 0.227739 0.177373 0.041144
v 0.192025 0.177373 0.041144
v 0.191965 0.176022 -0.037447
v 0.191965 0.176022 0.044031
v 0.190583 0.176845 -0.034560
v 0.190583 0.176845 0.041144
v 0.178514 0.162628 -0.034560
v 0.178514 0.162628 0.041144
v 0.179526 0.161562 -0.037447
v 0.179526 0.161562 0.044031
v 0.178272 0.160631 -0.034560
v 0.178272 0.160631 0.041144
v 0.181699 0.144025 -0.034560
v 0.181699 0.144025 0.041144
v 0.183427 0.142658 -0.037447
v 0.183427 0.142658 0.044031
v 0.181259 0.141883 -0.034560
v 0.181259 0.141883 0.041144
v 0.157205 0.102052 -0.034560
v 0.157205 0.102052 0.041144
v 0.157559 0.099473 -0.037447
v 0.157559 0.099473 0.044031
v 0.155718 0.100772 -0.034560
v 0.155718 0.100772 0.041144
v 0.147833 0.099451 -0.034560
v 0.147833 0.099451 0.041144
v 0.147805 0.097839 -0.037447
v 0.147805 0.097839 0.044031
v 0.146302 0.098452 -0.034560
v 0.139925 0.086449 -0.034560
v 0.141567 0.086449 -0.037447
v 0.146302 0.098452 0.041144
v 0.139925 0.086449 0.041144
v 0.141567 0.086449 0.044031
v 0.546087 -0.007314 -0.040665
v 0.379423 0.002425 -0.056491
v 0.377255 0.000484 -0.052845
v 0.547369 -0.005433 -0.044364
v 0.547904 -0.008542 -0.040474
v 0.546087 -0.007314 0.047248
v 0.558149 -0.021016 -0.043418
v 0.557849 -0.022541 -0.039608
v 0.547904 -0.008542 0.047057
v 0.563325 -0.022060 -0.038932
v 0.563199 -0.020564 -0.042780
v 0.557849 -0.022541 0.046191
v 0.582683 -0.008555 -0.036890
v 0.582576 -0.006600 -0.040739
v 0.618024 -0.009453 -0.032644
v 0.563325 -0.022060 0.045516
v 0.618356 -0.007509 -0.036443
v 0.558149 -0.021016 0.050002
v 0.547369 -0.005433 0.050948
v 0.379423 0.002425 0.063075
v 0.377255 0.000484 0.059428
v 0.563199 -0.020564 0.049363
v 0.582683 -0.008555 0.043473
v 0.582576 -0.006600 0.047322
v 0.618024 -0.009453 0.039227
v 0.618356 -0.007509 0.043027
v 0.620522 -0.007644 -0.032425
v 0.620522 -0.007644 0.039009
v 0.629778 0.009335 -0.031282
v 0.629778 0.009335 0.037866
v 0.628182 0.010717 -0.035202
v 0.628182 0.010717 0.041785
v 0.629755 0.012131 -0.031285
v 0.629755 0.012131 0.037868
v 0.620169 0.029014 -0.032536
v 0.620169 0.029014 0.039120
v 0.618001 0.028927 0.043063
v 0.618001 0.028927 -0.036479
v 0.618250 0.031333 0.039190
v 0.618250 0.031333 -0.032606
v 0.381121 0.087864 0.059429
v 0.381121 0.087864 -0.052845
v 0.377628 0.085616 -0.056510
v 0.377628 0.085616 0.063093
v 0.377388 0.090510 -0.052845
v 0.377388 0.090510 0.059429
v 0.338825 0.150800 -0.052845
v 0.338825 0.150800 0.059428
v 0.334909 0.152410 -0.056499
v 0.334909 0.152410 0.063083
v 0.338476 0.153988 -0.052845
v 0.346040 0.177705 -0.056499
v 0.338476 0.153988 0.059428
v 0.346040 0.177705 0.063083
v 0.348436 0.177081 -0.052845
v 0.348436 0.177081 0.059428
v 0.346531 0.179368 -0.052844
v 0.293210 0.177705 -0.056499
v 0.346531 0.179368 0.059428
v 0.293210 0.177705 0.063083
v 0.130941 0.086536 0.058367
v 0.136200 0.093840 -0.051784
v 0.136200 0.093840 0.058368
v 0.130941 0.086536 -0.051784
v 0.078905 0.086536 -0.051783
v 0.078905 0.086536 0.058367
v 0.092283 0.066571 0.058367
v 0.092283 0.066571 -0.051783
v 0.193083 0.095023 -0.051784
v 0.139109 0.095023 0.058368
v 0.139109 0.095023 -0.051784
v 0.193083 0.095023 0.058368
v 0.222984 0.054475 0.063084
v 0.196014 0.093440 -0.056500
v 0.222984 0.054475 -0.056500
v 0.196014 0.093440 0.063084
v 0.270268 0.054475 -0.056500
v 0.323951 0.103204 -0.056499
v 0.323951 0.103204 -0.050157
v 0.270268 0.054475 0.063084
v 0.323951 0.103204 0.056740
v 0.323951 0.103204 0.063082
v 0.270268 0.054475 0.063084
v 0.222984 0.054475 -0.056500
v 0.270268 0.054475 -0.056500
v 0.222984 0.054475 0.063084
v 0.094516 0.066571 -0.056499
v 0.187274 0.064505 -0.051784
v 0.187274 0.066571 -0.056500
v 0.095211 0.064505 -0.051783
v 0.092283 0.066571 -0.051783
v 0.082490 0.084519 -0.056499
v 0.078905 0.086536 -0.051783
v 0.132265 0.084519 -0.056499
v 0.130941 0.086536 -0.051784
v 0.092283 0.066571 0.058367
v 0.138188 0.093440 -0.056499
v 0.095211 0.064505 0.058367
v 0.136200 0.093840 -0.051784
v 0.094516 0.066571 0.063083
v 0.187274 0.064505 0.058368
v 0.187274 0.066571 0.063083
v 0.082490 0.084519 0.063082
v 0.078905 0.086536 0.058367
v 0.132265 0.084519 0.063083
v 0.130941 0.086536 0.058367
v 0.138188 0.093440 0.063083
v 0.136200 0.093840 0.058368
v 0.139109 0.095023 0.058368
v 0.196014 0.093440 0.063084
v 0.193083 0.095023 0.058368
v 0.193083 0.095023 -0.051784
v 0.196014 0.093440 -0.056500
v 0.139109 0.095023 -0.051784
v 0.314755 0.152410 -0.056499
v 0.348637 0.091203 -0.054668
v 0.352204 0.089322 -0.056497
v 0.312412 0.150553 -0.054669
v 0.293210 0.152410 -0.056499
v 0.293484 0.150553 -0.054669
v 0.293210 0.177705 -0.056499
v 0.291281 0.153367 -0.054796
v 0.291330 0.151894 -0.050156
v 0.291281 0.153367 -0.054796
v 0.283633 0.160028 -0.031596
v 0.283668 0.158061 -0.029936
v 0.295277 0.150553 -0.052839
v 0.323951 0.103204 -0.050157
v 0.327413 0.102139 -0.052839
v 0.283633 0.160028 -0.031596
v 0.291281 0.177322 -0.054796
v 0.283633 0.171464 -0.031596
v 0.291281 0.153367 -0.054796
v 0.179526 0.161562 0.044031
v 0.191965 0.176022 0.044031
v 0.227196 0.176022 0.044031
v 0.220719 0.158852 0.044031
v 0.183427 0.142658 0.044031
v 0.157559 0.099473 0.044031
v 0.177399 0.086449 0.044031
v 0.141567 0.086449 0.044031
v 0.147805 0.097839 0.044031
v 0.282172 0.160539 0.036100
v 0.234154 0.170986 0.036412
v 0.282172 0.170973 0.036100
v 0.230060 0.160539 0.036391
v 0.227960 0.160523 0.037360
v 0.229130 0.175392 0.042812
v 0.232340 0.171396 0.037339
v 0.223511 0.160188 0.042797
v 0.348637 0.091203 0.061251
v 0.314755 0.152410 0.063083
v 0.352204 0.089322 0.063080
v 0.312412 0.150553 0.061253
v 0.293210 0.152410 0.063083
v 0.293484 0.150553 0.061253
v 0.291281 0.153367 0.061379
v 0.293210 0.177705 0.063083
v 0.291330 0.151894 0.056740
v 0.291281 0.153367 0.061379
v 0.283633 0.160028 0.038180
v 0.283668 0.158061 0.036520
v 0.295277 0.150553 0.059422
v 0.323951 0.103204 0.056740
v 0.327413 0.102139 0.059422
v 0.283633 0.160028 0.038180
v 0.291281 0.177322 0.061379
v 0.291281 0.153367 0.061379
v 0.283633 0.171464 0.038180
v 0.379355 0.142957 0.011747
v 0.376945 0.150565 0.022161
v 0.374614 0.148608 0.014803
v 0.385031 0.140928 0.016950
v 0.379846 0.142373 0.011431
v 0.388911 0.136305 0.003906
v 0.385522 0.140344 0.016634
v 0.381849 0.139985 0.003906
v 0.385031 0.140928 0.016950
v 0.379846 0.142373 0.011431
v 0.385522 0.140344 0.016634
v 0.379355 0.142957 0.011747
v 0.372641 0.146953 0.003292
v 0.381849 0.139985 0.003906
v 0.374614 0.148608 0.014803
v 0.382013 0.139790 0.003292
v 0.388911 0.136305 0.003906
v 0.389074 0.136110 0.003292
v 0.380023 0.142162 -0.004181
v 0.379846 0.142373 -0.004848
v 0.385699 0.140132 -0.009384
v 0.385522 0.140344 -0.010051
v 0.375061 0.148075 -0.007930
v 0.374614 0.148608 -0.008219
v 0.374076 0.149249 0.014456
v 0.377393 0.150031 -0.015289
v 0.376945 0.150565 -0.015577
v 0.369830 0.154310 -0.005136
v 0.376407 0.151206 0.021814
v 0.376945 0.150565 0.022161
v 0.369382 0.154843 0.011431
v 0.369382 0.154843 -0.004848
v 0.368817 0.160252 -0.010339
v 0.368369 0.160786 -0.010051
v 0.367386 0.157222 0.002647
v 0.367215 0.157426 0.003292
v 0.364988 0.164815 0.002647
v 0.364816 0.165019 0.003292
v 0.369174 0.155091 0.010650
v 0.368161 0.161033 0.015853
v 0.368369 0.160786 0.016634
v 0.374614 0.148608 -0.008219
v 0.368817 0.160252 -0.010339
v 0.376945 0.150565 -0.015577
v 0.369830 0.154310 -0.005136
v 0.369382 0.154843 -0.004848
v 0.364988 0.164815 0.002647
v 0.368369 0.160786 -0.010051
v 0.367386 0.157222 0.002647
v 0.376407 0.151206 0.021814
v 0.369382 0.154843 0.011431
v 0.374076 0.149249 0.014456
v 0.368369 0.160786 0.016634
v 0.368161 0.161033 0.015853
v 0.367215 0.157426 0.003292
v 0.369174 0.155091 0.010650
v 0.364816 0.165019 0.003292
v 0.377393 0.150031 -0.015289
v 0.379846 0.142373 -0.004848
v 0.375061 0.148075 -0.007930
v 0.385522 0.140344 -0.010051
v 0.385699 0.140132 -0.009384
v 0.382013 0.139790 0.003292
v 0.380023 0.142162 -0.004181
v 0.389074 0.136110 0.003292
v 0.224733 -0.042123 -0.092103
v 0.224733 -0.035246 -0.100351
v 0.224733 -0.035246 -0.092103
v 0.224733 -0.042123 -0.100351
v 0.260278 -0.034476 -0.102877
v 0.255130 -0.034476 -0.100351
v 0.255380 -0.035246 -0.100930
v 0.225412 -0.034476 -0.100351
v 0.225412 -0.035246 -0.100930
v 0.224733 -0.035246 -0.100351
v 0.225412 -0.034476 -0.092103
v 0.224733 -0.042123 -0.100351
v 0.224733 -0.035246 -0.092103
v 0.225412 -0.042123 -0.100930
v 0.225412 -0.035246 -0.091524
v 0.224733 -0.042123 -0.092103
v 0.255380 -0.035246 -0.091524
v 0.255130 -0.034476 -0.092103
v 0.260278 -0.034476 -0.089576
v 0.225412 -0.042123 -0.091524
v 0.225412 -0.042893 -0.092103
v 0.225412 -0.042893 -0.100351
v 0.255130 -0.042893 -0.092103
v 0.255380 -0.042123 -0.091524
v 0.260278 -0.042893 -0.089576
v 0.255130 -0.042893 -0.100351
v 0.255380 -0.042123 -0.100930
v 0.260278 -0.042893 -0.102877
v 0.255380 -0.042123 -0.100930
v 0.225412 -0.035246 -0.100930
v 0.225412 -0.042123 -0.100930
v 0.255380 -0.035246 -0.100930
v 0.260278 -0.042893 -0.102877
v 0.260278 -0.034476 -0.102877
v 0.265176 -0.042893 -0.100930
v 0.265176 -0.034476 -0.100930
v 0.267205 -0.042893 -0.096227
v 0.267205 -0.034476 -0.096227
v 0.265176 -0.034476 -0.091524
v 0.265176 -0.042893 -0.091524
v 0.260278 -0.034476 -0.089576
v 0.260278 -0.042893 -0.089576
v 0.255380 -0.035246 -0.091524
v 0.255380 -0.042123 -0.091524
v 0.225412 -0.035246 -0.091524
v 0.225412 -0.042123 -0.091524
v 0.255130 -0.042893 -0.100351
v 0.225412 -0.042893 -0.100351
v 0.253351 -0.042893 -0.096227
v 0.225412 -0.042893 -0.092103
v 0.255130 -0.042893 -0.092103
v 0.253351 -0.034476 -0.096227
v 0.225412 -0.034476 -0.100351
v 0.255130 -0.034476 -0.100351
v 0.225412 -0.034476 -0.092103
v 0.255130 -0.034476 -0.092103
v 0.224733 0.036234 -0.092103
v 0.224733 0.029358 -0.100351
v 0.224733 0.036234 -0.100351
v 0.224733 0.029358 -0.092103
v 0.260278 0.028588 -0.102877
v 0.255379 0.029358 -0.100930
v 0.255130 0.028588 -0.100351
v 0.225412 0.028588 -0.100351
v 0.225412 0.029358 -0.100930
v 0.224733 0.029358 -0.100351
v 0.225412 0.028588 -0.092103
v 0.224733 0.036234 -0.100351
v 0.224733 0.029358 -0.092103
v 0.225412 0.036234 -0.100930
v 0.225412 0.029358 -0.091524
v 0.224733 0.036234 -0.092103
v 0.255379 0.029358 -0.091524
v 0.255130 0.028588 -0.092103
v 0.260278 0.028588 -0.089576
v 0.225412 0.036234 -0.091524
v 0.225412 0.037005 -0.092103
v 0.225412 0.037005 -0.100351
v 0.255130 0.037005 -0.092103
v 0.255379 0.036235 -0.091524
v 0.260278 0.037005 -0.089576
v 0.255130 0.037005 -0.100351
v 0.255379 0.036235 -0.100930
v 0.260278 0.037005 -0.102877
v 0.225412 0.029358 -0.100930
v 0.255379 0.036235 -0.100930
v 0.225412 0.036234 -0.100930
v 0.255379 0.029358 -0.100930
v 0.260278 0.037005 -0.102877
v 0.260278 0.028588 -0.102877
v 0.265176 0.037005 -0.100930
v 0.265176 0.028588 -0.100930
v 0.267205 0.037005 -0.096227
v 0.267205 0.028588 -0.096227
v 0.265176 0.028588 -0.091524
v 0.265176 0.037005 -0.091524
v 0.260278 0.028588 -0.089576
v 0.260278 0.037005 -0.089576
v 0.255379 0.029358 -0.091524
v 0.255379 0.036235 -0.091524
v 0.225412 0.029358 -0.091524
v 0.225412 0.036234 -0.091524
v 0.255130 0.037005 -0.100351
v 0.253351 0.037005 -0.096227
v 0.225412 0.037005 -0.100351
v 0.225412 0.037005 -0.092103
v 0.255130 0.037005 -0.092103
v 0.253351 0.028588 -0.096227
v 0.255130 0.028588 -0.100351
v 0.225412 0.028588 -0.100351
v 0.225412 0.028588 -0.092103
v 0.255130 0.028588 -0.092103
v 0.190105 0.086449 -0.019987
v 0.220506 0.169036 -0.019987
v 0.175218 0.086449 -0.019987
v 0.230188 0.152753 -0.019987
v 0.293853 0.169036 -0.019987
v 0.293853 0.152753 -0.019987
v 0.293853 0.150965 -0.017221
v 0.231067 0.149620 -0.017221
v 0.192872 0.086449 -0.017221
v 0.233054 0.150965 -0.017221
v 0.231067 0.149620 0.023804
v 0.192872 0.086449 0.023804
v 0.190105 0.086449 0.026571
v 0.233054 0.150965 0.023804
v 0.293853 0.150965 0.023804
v 0.230188 0.152753 0.026571
v 0.293853 0.152753 0.026571
v 0.293853 0.169036 0.026571
v 0.220506 0.169036 0.026571
v 0.175218 0.086449 0.026571
v 0.467805 -0.010612 0.063083
v 0.470483 -0.012506 0.063083
v 0.469871 -0.010612 0.063083
v 0.450098 -0.044893 0.063083
v 0.451501 0.037343 0.063083
v 0.467805 0.001343 0.063083
v 0.446439 -0.047147 0.063083
v 0.470540 0.003232 0.063083
v 0.469871 0.001343 0.063083
v 0.448203 0.040550 0.063083
v 0.347586 -0.055497 0.063083
v 0.324445 0.103657 0.063083
v 0.320509 0.103142 0.063083
v 0.343204 -0.057065 0.063083
v 0.251155 -0.120435 0.063083
v 0.270370 0.058112 0.063083
v 0.266172 0.056504 0.063083
v 0.246908 -0.120982 0.063083
v 0.227600 0.056504 0.063083
v 0.223778 0.058452 0.063083
v 0.185025 -0.044790 0.063083
v 0.185025 0.050704 0.063083
v 0.191177 0.103352 0.063083
v 0.182618 -0.047241 0.063083
v 0.150334 -0.086095 0.063083
v 0.147061 -0.083091 0.063083
v 0.132967 -0.047249 0.063083
v 0.131567 -0.049359 0.063083
v 0.182618 0.053112 0.063083
v 0.187686 0.104082 0.063083
v 0.160305 0.088015 0.063083
v 0.158228 0.055520 0.063083
v 0.158228 0.084389 0.063083
v 0.160636 0.053112 0.063083
v 0.448203 0.040550 0.063083
v 0.324445 0.103657 0.080057
v 0.324445 0.103657 0.063083
v 0.448920 0.040230 0.080057
v 0.442253 0.033064 0.098315
v 0.325934 0.092282 0.098316
v 0.470553 0.003239 0.080057
v 0.451501 0.037343 0.063083
v 0.470540 0.003232 0.063083
v 0.452219 0.037023 0.080057
v 0.458958 0.003225 0.098315
v 0.445958 0.029849 0.098315
v 0.450098 -0.044893 0.063083
v 0.470483 -0.012506 0.080057
v 0.470483 -0.012506 0.063083
v 0.450098 -0.044893 0.080057
v 0.445015 -0.035855 0.098315
v 0.458958 -0.012505 0.098315
v 0.347586 -0.055497 0.063083
v 0.446439 -0.047147 0.080057
v 0.446439 -0.047147 0.063083
v 0.347586 -0.055497 0.080057
v 0.344307 -0.046330 0.098315
v 0.440990 -0.038143 0.098315
v 0.251155 -0.120435 0.063083
v 0.343204 -0.057065 0.080057
v 0.343204 -0.057065 0.063083
v 0.251155 -0.120435 0.080057
v 0.249800 -0.109915 0.098316
v 0.339924 -0.047898 0.098315
v 0.150334 -0.086095 0.063083
v 0.246908 -0.120982 0.080057
v 0.246908 -0.120982 0.063083
v 0.150334 -0.086095 0.080057
v 0.157097 -0.078520 0.098316
v 0.245552 -0.110462 0.098316
v 0.131567 -0.049359 0.063083
v 0.147061 -0.083091 0.080057
v 0.147061 -0.083091 0.063083
v 0.131567 -0.049359 0.080057
v 0.142818 -0.049360 0.098316
v 0.153889 -0.075488 0.098316
v 0.182618 -0.047241 0.063083
v 0.132967 -0.047249 0.080057
v 0.132967 -0.047249 0.063083
v 0.182618 -0.047241 0.080057
v 0.182618 -0.047241 0.098315
v 0.144281 -0.047249 0.098316
v 0.187686 0.104082 0.080057
v 0.160305 0.088015 0.063083
v 0.187686 0.104082 0.063083
v 0.160305 0.088015 0.080057
v 0.185087 0.091493 0.098316
v 0.160281 0.076281 0.098316
v 0.223778 0.058452 0.063083
v 0.191177 0.103352 0.080057
v 0.191177 0.103352 0.063083
v 0.223778 0.058452 0.080057
v 0.218967 0.049016 0.098316
v 0.188556 0.090805 0.098316
v 0.266172 0.056504 0.063083
v 0.227600 0.056504 0.080057
v 0.227600 0.056504 0.063083
v 0.266172 0.056504 0.080057
v 0.269781 0.047083 0.098315
v 0.222791 0.047070 0.098316
v 0.320509 0.103142 0.063083
v 0.270370 0.058112 0.080057
v 0.270370 0.058112 0.063083
v 0.320509 0.103142 0.080057
v 0.321997 0.091767 0.098316
v 0.273980 0.048691 0.098315
v 0.436534 0.003212 0.102074
v 0.442707 0.029651 0.102074
v 0.455746 0.003232 0.102074
v 0.324237 0.089948 0.102074
v 0.340898 -0.043711 0.102074
v 0.436563 -0.012481 0.102074
v 0.273294 0.044197 0.102074
v 0.442527 -0.035133 0.102074
v 0.455746 -0.012505 0.102074
v 0.187813 -0.049342 0.102074
v 0.247404 -0.108076 0.102074
v 0.156966 -0.075406 0.102074
v 0.145882 -0.049346 0.102074
v 0.218919 0.044196 0.102074
v 0.187813 0.055025 0.102074
v 0.186386 0.089004 0.102074
v 0.160141 0.072802 0.102074
v 0.160141 0.055025 0.102074
v 0.456701 0.001319 0.096000
v 0.438555 -0.010593 0.096000
v 0.438555 0.001319 0.096000
v 0.456701 -0.010593 0.096000
v 0.467805 0.001343 0.077781
v 0.467805 -0.010612 0.077781
v 0.467805 -0.010612 0.063083
v 0.467805 0.001343 0.063083
v 0.469871 -0.010612 0.063083
v 0.467805 -0.010612 0.077781
v 0.467805 -0.010612 0.063083
v 0.470097 -0.010612 0.079150
v 0.456701 -0.010593 0.096000
v 0.457517 -0.010593 0.098315
v 0.438555 -0.010593 0.096000
v 0.438555 -0.010593 0.098315
v 0.438555 0.001319 0.096000
v 0.438555 0.001320 0.098315
v 0.456701 0.001319 0.096000
v 0.457517 0.001322 0.098315
v 0.467805 0.001343 0.077781
v 0.470097 0.001343 0.079150
v 0.469871 0.001343 0.063083
v 0.467805 0.001343 0.063083
v 0.158228 0.084389 0.063083
v 0.158228 0.055520 0.080057
v 0.158228 0.055520 0.063083
v 0.158228 0.084389 0.080057
v 0.158228 0.072615 0.098316
v 0.158228 0.055519 0.098315
v 0.160636 0.053112 0.063083
v 0.182618 0.053112 0.080057
v 0.182618 0.053112 0.063083
v 0.160636 0.053112 0.080057
v 0.160636 0.053112 0.098315
v 0.182618 0.053112 0.098315
v 0.185025 0.050704 0.063083
v 0.185025 -0.044790 0.080057
v 0.185025 -0.044790 0.063083
v 0.185025 0.050704 0.080057
v 0.185025 -0.044790 0.098315
v 0.185025 0.050704 0.098315
v 0.160305 0.088015 0.080057
v 0.158228 0.084389 0.063083
v 0.160305 0.088015 0.063083
v 0.158228 0.084389 0.080057
v 0.160281 0.076281 0.098316
v 0.158228 0.072615 0.098316
v 0.160141 0.072802 0.102074
v 0.158228 0.055519 0.098315
v 0.186386 0.089004 0.102074
v 0.185087 0.091493 0.098316
v 0.160141 0.055025 0.102074
v 0.188556 0.090805 0.098316
v 0.187686 0.104082 0.080057
v 0.218919 0.044196 0.102074
v 0.191177 0.103352 0.080057
v 0.187686 0.104082 0.063083
v 0.191177 0.103352 0.063083
v 0.218967 0.049016 0.098316
v 0.222791 0.047070 0.098316
v 0.223778 0.058452 0.080057
v 0.273294 0.044197 0.102074
v 0.227600 0.056504 0.080057
v 0.223778 0.058452 0.063083
v 0.227600 0.056504 0.063083
v 0.269781 0.047083 0.098315
v 0.273980 0.048691 0.098315
v 0.266172 0.056504 0.080057
v 0.324237 0.089948 0.102074
v 0.270370 0.058112 0.080057
v 0.266172 0.056504 0.063083
v 0.270370 0.058112 0.063083
v 0.321997 0.091767 0.098316
v 0.325934 0.092282 0.098316
v 0.320509 0.103142 0.080057
v 0.442707 0.029651 0.102074
v 0.324445 0.103657 0.080057
v 0.320509 0.103142 0.063083
v 0.324445 0.103657 0.063083
v 0.442253 0.033064 0.098315
v 0.445958 0.029849 0.098315
v 0.448920 0.040230 0.080057
v 0.455746 0.003232 0.102074
v 0.452219 0.037023 0.080057
v 0.448203 0.040550 0.063083
v 0.451501 0.037343 0.063083
v 0.458958 0.003225 0.098315
v 0.457517 0.001322 0.098315
v 0.470553 0.003239 0.080057
v 0.438555 0.001320 0.098315
v 0.470097 0.001343 0.079150
v 0.470540 0.003232 0.063083
v 0.469871 0.001343 0.063083
v 0.436534 0.003212 0.102074
v 0.438555 -0.010593 0.098315
v 0.436563 -0.012481 0.102074
v 0.455746 -0.012505 0.102074
v 0.457517 -0.010593 0.098315
v 0.458958 -0.012505 0.098315
v 0.470097 -0.010612 0.079150
v 0.442527 -0.035133 0.102074
v 0.470483 -0.012506 0.080057
v 0.469871 -0.010612 0.063083
v 0.470483 -0.012506 0.063083
v 0.445015 -0.035855 0.098315
v 0.440990 -0.038143 0.098315
v 0.450098 -0.044893 0.080057
v 0.340898 -0.043711 0.102074
v 0.446439 -0.047147 0.080057
v 0.450098 -0.044893 0.063083
v 0.446439 -0.047147 0.063083
v 0.344307 -0.046330 0.098315
v 0.339924 -0.047898 0.098315
v 0.347586 -0.055497 0.080057
v 0.247404 -0.108076 0.102074
v 0.343204 -0.057065 0.080057
v 0.347586 -0.055497 0.063083
v 0.343204 -0.057065 0.063083
v 0.249800 -0.109915 0.098316
v 0.245552 -0.110462 0.098316
v 0.251155 -0.120435 0.080057
v 0.156966 -0.075406 0.102074
v 0.246908 -0.120982 0.080057
v 0.251155 -0.120435 0.063083
v 0.246908 -0.120982 0.063083
v 0.157097 -0.078520 0.098316
v 0.153889 -0.075488 0.098316
v 0.150334 -0.086095 0.080057
v 0.145882 -0.049346 0.102074
v 0.147061 -0.083091 0.080057
v 0.150334 -0.086095 0.063083
v 0.147061 -0.083091 0.063083
v 0.142818 -0.049360 0.098316
v 0.144281 -0.047249 0.098316
v 0.131567 -0.049359 0.080057
v 0.187813 -0.049342 0.102074
v 0.132967 -0.047249 0.080057
v 0.131567 -0.049359 0.063083
v 0.132967 -0.047249 0.063083
v 0.182618 -0.047241 0.098315
v 0.185025 -0.044790 0.098315
v 0.182618 -0.047241 0.080057
v 0.187813 0.055025 0.102074
v 0.185025 -0.044790 0.080057
v 0.182618 -0.047241 0.063083
v 0.185025 -0.044790 0.063083
v 0.185025 0.050704 0.098315
v 0.182618 0.053112 0.098315
v 0.185025 0.050704 0.080057
v 0.182618 0.053112 0.080057
v 0.185025 0.050704 0.063083
v 0.182618 0.053112 0.063083
v 0.160636 0.053112 0.098315
v 0.160636 0.053112 0.080057
v 0.158228 0.055520 0.080057
v 0.160636 0.053112 0.063083
v 0.158228 0.055520 0.063083
v 0.056275 0.058140 -0.038120
v -0.030047 0.058140 0.044703
v -0.030047 0.058140 -0.038120
v 0.056275 0.058140 0.044703
v 0.079879 0.086417 0.044703
v 0.079879 0.086417 -0.038120
v -0.030045 -0.046808 -0.040773
v -0.038654 0.055436 -0.040773
v -0.038654 -0.046808 -0.040773
v -0.030047 0.055436 -0.040773
v -0.042241 -0.046808 -0.038120
v -0.042241 0.055436 0.044703
v -0.042241 -0.046808 0.044703
v -0.042241 0.055436 -0.038120
v 0.081321 0.084265 -0.040773
v 0.072000 0.045000 -0.040773
v 0.093575 0.065977 -0.040773
v 0.057596 0.055436 -0.040773
v 0.051916 0.045000 -0.040773
v -0.030047 0.055436 -0.040773
v -0.022093 -0.017718 -0.040773
v -0.024406 -0.019946 -0.040773
v -0.030045 -0.046808 -0.040773
v 0.045913 -0.017718 -0.040773
v 0.048226 -0.019946 -0.040773
v 0.051916 -0.042046 -0.040773
v -0.021343 -0.018874 -0.039560
v -0.022826 -0.020391 -0.039560
v 0.045162 -0.018874 -0.039560
v -0.024406 -0.042285 -0.040773
v -0.022826 -0.041840 -0.039560
v -0.022093 -0.044674 -0.040773
v 0.070617 -0.046808 -0.040773
v 0.070610 -0.042046 -0.040773
v 0.048226 -0.042285 -0.040773
v 0.046645 -0.020391 -0.039560
v 0.045913 -0.044674 -0.040773
v -0.021343 -0.043356 -0.039560
v 0.046645 -0.041840 -0.039560
v 0.045162 -0.043356 -0.039560
v 0.044961 -0.019111 -0.033947
v -0.021142 -0.019111 -0.033947
v 0.046465 -0.020671 -0.033947
v 0.046465 -0.041560 -0.033947
v -0.022645 -0.020671 -0.033947
v 0.044961 -0.043120 -0.033947
v -0.021142 -0.043120 -0.033947
v -0.022645 -0.041560 -0.033947
v 0.094128 0.065152 -0.038181
v 0.073278 0.044880 0.044764
v 0.094128 0.065152 0.044764
v 0.073278 0.044880 -0.038181
v -0.038654 0.055436 0.047357
v -0.030045 -0.046808 0.047357
v -0.038654 -0.046808 0.047357
v -0.030045 0.055436 0.047357
v -0.038654 -0.049726 0.044703
v -0.030047 -0.049726 -0.038120
v -0.038654 -0.049726 -0.038120
v -0.030047 -0.049726 0.044703
v -0.038654 0.058140 -0.038120
v -0.030047 0.058140 0.044703
v -0.038654 0.058140 0.044703
v -0.030047 0.058140 -0.038120
v 0.071334 0.043571 -0.038181
v 0.053765 0.043572 0.044764
v 0.071334 0.043571 0.044764
v 0.053765 0.043572 -0.038181
v 0.053765 -0.040239 -0.038181
v 0.053765 -0.040239 0.044764
v 0.070609 -0.040239 0.044764
v 0.070609 -0.040239 -0.038181
v -0.030047 -0.049726 -0.038120
v 0.070617 -0.049726 0.044703
v 0.070617 -0.049726 -0.038120
v -0.030047 -0.049726 0.044703
v 0.081321 0.084265 0.047357
v 0.093575 0.065977 0.047357
v 0.072000 0.045000 0.047357
v 0.057596 0.055436 0.047357
v 0.051916 0.045000 0.047357
v -0.030045 0.055436 0.047357
v -0.030045 -0.046808 0.047357
v 0.051916 -0.042046 0.047357
v 0.070617 -0.046808 0.047357
v 0.070610 -0.042046 0.047357
v -0.022645 -0.041560 -0.033947
v -0.021142 -0.019111 -0.033947
v -0.022645 -0.020671 -0.033947
v -0.021142 -0.043120 -0.033947
v 0.044961 -0.043120 -0.033947
v 0.044961 -0.019111 -0.033947
v 0.046465 -0.020671 -0.033947
v 0.046465 -0.041560 -0.033947
v 0.056275 0.058140 0.044703
v -0.030045 0.055436 0.047357
v -0.030047 0.058140 0.044703
v 0.057596 0.055436 0.047357
v 0.079879 0.086417 0.044703
v 0.081321 0.084265 0.047357
v -0.038654 -0.046808 -0.040773
v -0.030047 -0.049726 -0.038120
v -0.030045 -0.046808 -0.040773
v -0.038654 -0.049726 -0.038120
v -0.042241 -0.046808 -0.038120
v -0.038654 0.055436 -0.040773
v -0.042241 -0.046808 0.044703
v -0.042241 0.055436 -0.038120
v -0.038654 -0.049726 0.044703
v -0.038654 0.058140 -0.038120
v -0.030047 0.055436 -0.040773
v -0.030047 0.058140 -0.038120
v -0.038654 0.058140 0.044703
v -0.042241 0.055436 0.044703
v -0.038654 -0.046808 0.047357
v -0.030045 -0.046808 0.047357
v -0.030047 -0.049726 0.044703
v -0.038654 0.055436 0.047357
v -0.030047 0.058140 0.044703
v -0.030045 0.055436 0.047357
v 0.056275 0.058140 -0.038120
v 0.081321 0.084265 -0.040773
v 0.079879 0.086417 -0.038120
v 0.057596 0.055436 -0.040773
v -0.030047 0.058140 -0.038120
v -0.030047 0.055436 -0.040773
v -0.030047 -0.049726 -0.038120
v 0.070617 -0.046808 -0.040773
v -0.030045 -0.046808 -0.040773
v 0.070617 -0.049726 -0.038120
v 0.072640 -0.046808 -0.038181
v 0.070617 -0.049726 0.044703
v 0.072633 -0.042046 -0.038181
v 0.072640 -0.046808 0.044764
v 0.070610 -0.042046 -0.040773
v 0.070617 -0.046808 0.047357
v -0.030047 -0.049726 0.044703
v -0.030045 -0.046808 0.047357
v 0.070610 -0.042046 0.047357
v 0.072633 -0.042046 0.044764
v 0.070609 -0.040239 -0.038181
v 0.053765 -0.040239 -0.038181
v 0.051916 -0.042046 -0.040773
v 0.053765 0.043572 -0.038181
v 0.051916 0.045000 -0.040773
v 0.070609 -0.040239 0.044764
v 0.051916 -0.042046 0.047357
v 0.053765 -0.040239 0.044764
v 0.051916 0.045000 0.047357
v 0.053765 0.043572 0.044764
v 0.071334 0.043571 -0.038181
v 0.072000 0.045000 0.047357
v 0.072000 0.045000 -0.040773
v 0.071334 0.043571 0.044764
v 0.073278 0.044880 -0.038181
v 0.094128 0.065152 -0.038181
v 0.093575 0.065977 -0.040773
v 0.073278 0.044880 0.044764
v 0.093575 0.065977 0.047357
v 0.094128 0.065152 0.044764
v 0.072640 -0.046808 -0.038181
v 0.072633 -0.042046 0.044764
v 0.072633 -0.042046 -0.038181
v 0.072640 -0.046808 0.044764
v 0.035214 0.035294 -0.041702
v -0.030047 0.042130 -0.041702
v -0.030047 0.035294 -0.041702
v 0.035214 0.042130 -0.041702
v 0.037610 0.040870 -0.041702
v 0.037610 0.036553 -0.041702
v 0.022456 -0.012162 -0.041702
v -0.030046 0.019369 -0.041702
v -0.030046 -0.012162 -0.041702
v 0.022456 0.019369 -0.041702
v 0.032214 0.008210 -0.041702
v 0.032214 -0.001003 -0.041702
v 0.050210 0.008210 -0.041702
v 0.050210 -0.001003 -0.041702
v -0.030047 0.042130 0.048285
v 0.035214 0.035294 0.048286
v -0.030047 0.035294 0.048285
v 0.035214 0.042130 0.048286
v 0.037610 0.040870 0.048286
v 0.037610 0.036553 0.048286
v -0.030046 0.019369 0.048285
v 0.022456 -0.012162 0.048286
v -0.030046 -0.012162 0.048285
v 0.022456 0.019369 0.048286
v 0.032214 0.008210 0.048286
v 0.032214 -0.001003 0.048286
v 0.050210 0.008210 0.048286
v 0.050210 -0.001003 0.048286
v 0.033418 -0.042998 -0.030741
v 0.043190 -0.042998 -0.044933
v 0.033418 -0.042998 -0.044933
v 0.043190 -0.042998 -0.030741
v 0.043190 -0.021011 -0.046749
v 0.033418 -0.041546 -0.046749
v 0.043190 -0.041546 -0.046749
v 0.033418 -0.021011 -0.046749
v 0.044637 -0.021011 -0.030741
v 0.044637 -0.041546 -0.044933
v 0.044637 -0.041546 -0.030741
v 0.044637 -0.021011 -0.044933
v 0.033418 -0.021011 -0.028924
v 0.043190 -0.041546 -0.028924
v 0.033418 -0.041546 -0.028924
v 0.043190 -0.021011 -0.028924
v 0.043190 -0.019559 -0.044933
v 0.033418 -0.019559 -0.030741
v 0.033418 -0.019559 -0.044933
v 0.043190 -0.019559 -0.030741
v 0.031970 -0.021011 -0.044933
v 0.031970 -0.041546 -0.030741
v 0.031970 -0.041546 -0.044933
v 0.031970 -0.021011 -0.030741
v 0.153576 -0.031450 -0.043517
v 0.096904 -0.037243 -0.032473
v 0.153576 -0.037243 -0.032473
v 0.096904 -0.031450 -0.043517
v 0.153576 -0.010724 -0.053581
v 0.096904 -0.010724 -0.053581
v 0.153576 0.012494 -0.053581
v 0.096904 0.012494 -0.053581
v 0.096904 0.033219 -0.043517
v 0.153576 0.033219 -0.043517
v 0.096904 0.039012 -0.032473
v 0.153576 0.039012 -0.032473
v 0.096904 -0.031450 -0.043517
v 0.094479 -0.040215 -0.032473
v 0.096904 -0.037243 -0.032473
v 0.094479 -0.033988 -0.044750
v 0.053053 -0.040215 -0.032473
v 0.096904 -0.010724 -0.053581
v 0.053053 -0.033988 -0.044750
v 0.051337 -0.038001 -0.032473
v 0.094479 -0.011694 -0.055576
v 0.094479 0.013464 -0.055576
v 0.096904 0.012494 -0.053581
v 0.053053 -0.011694 -0.055576
v 0.051337 -0.033305 -0.041346
v 0.051337 -0.011543 -0.051913
v 0.094479 0.035758 -0.044750
v 0.096904 0.033219 -0.043517
v 0.053053 0.013464 -0.055576
v 0.051337 0.035075 -0.041346
v 0.051337 0.039770 -0.032473
v 0.053053 0.041985 -0.032473
v 0.094479 0.041985 -0.032473
v 0.096904 0.039012 -0.032473
v 0.053053 0.035758 -0.044750
v 0.051337 0.013313 -0.051913
v 0.096904 -0.037243 0.040141
v 0.153576 -0.031450 0.051184
v 0.153576 -0.037243 0.040141
v 0.096904 -0.031450 0.051184
v 0.153576 -0.010724 0.061248
v 0.096904 -0.010724 0.061248
v 0.153576 0.012494 0.061248
v 0.096904 0.012494 0.061248
v 0.096904 0.033219 0.051184
v 0.153576 0.033219 0.051184
v 0.096904 0.039012 0.040141
v 0.153576 0.039012 0.040141
v 0.094479 -0.040215 0.040141
v 0.096904 -0.031450 0.051184
v 0.096904 -0.037243 0.040141
v 0.094479 -0.033988 0.052417
v 0.053053 -0.040215 0.040141
v 0.096904 -0.010724 0.061248
v 0.053053 -0.033988 0.052417
v 0.051337 -0.038001 0.040141
v 0.094479 -0.011694 0.063243
v 0.094479 0.013464 0.063243
v 0.096904 0.012494 0.061248
v 0.053053 -0.011694 0.063243
v 0.051337 -0.033305 0.049013
v 0.051337 -0.011543 0.059580
v 0.094479 0.035758 0.052417
v 0.096904 0.033219 0.051184
v 0.053053 0.013464 0.063243
v 0.051338 0.035075 0.049013
v 0.051338 0.039770 0.040141
v 0.053053 0.041985 0.040141
v 0.094479 0.041985 0.040141
v 0.096904 0.039012 0.040141
v 0.053053 0.035758 0.052417
v 0.051337 0.013313 0.059580
v -0.048797 -0.018105 -0.022427
v -0.620405 -0.002547 -0.022426
v -0.620405 -0.018105 -0.022426
v -0.048797 -0.002548 -0.022427
v -0.620405 0.002261 -0.017211
v -0.048797 0.002260 -0.000785
v -0.620405 0.002261 -0.000785
v -0.048797 0.002260 -0.017211
v -0.048797 -0.018105 0.003292
v -0.045005 -0.002548 -0.000785
v -0.045005 -0.018105 -0.000785
v -0.048797 -0.002548 0.003292
v -0.045005 -0.002548 0.007369
v -0.045005 -0.018105 0.007369
v -0.045005 -0.018105 -0.017211
v -0.048797 -0.002548 -0.022427
v -0.048797 -0.018105 -0.022427
v -0.045005 -0.002548 -0.017211
v -0.620405 -0.002547 -0.022426
v -0.048797 0.002260 -0.017211
v -0.620405 0.002261 -0.017211
v -0.048797 -0.002548 -0.022427
v -0.045005 -0.002548 -0.017211
v -0.048797 0.002260 -0.000785
v -0.045005 -0.002548 -0.000785
v -0.048797 -0.002548 0.003292
v -0.620405 0.002261 -0.000785
v -0.620405 -0.002547 0.003292
v -0.620405 0.002261 0.007369
v -0.048797 0.002260 0.007369
v -0.045005 -0.002548 0.007369
v -0.045005 -0.002548 0.023795
v -0.048797 0.002260 0.023795
v -0.048797 -0.002548 0.029010
v -0.620405 -0.002547 0.029010
v -0.620405 0.002261 0.023795
v -0.625757 -0.054367 -0.000785
v -0.048797 -0.049559 0.003292
v -0.048797 -0.054367 -0.000785
v -0.625757 -0.049559 0.003292
v -0.625757 -0.054367 0.007369
v -0.048797 -0.054367 0.007369
v -0.045005 -0.018105 -0.000785
v -0.045005 -0.002548 -0.017211
v -0.045005 -0.018105 -0.017211
v -0.045005 -0.002548 -0.000785
v -0.620405 -0.002547 0.029010
v -0.048797 -0.018105 0.029010
v -0.620405 -0.018105 0.029010
v -0.048797 -0.002548 0.029010
v -0.048797 0.002260 0.007369
v -0.620405 0.002261 0.023795
v -0.620405 0.002261 0.007369
v -0.048797 0.002260 0.023795
v -0.048797 -0.002548 0.029010
v -0.045005 -0.018105 0.023795
v -0.048797 -0.018105 0.029010
v -0.045005 -0.002548 0.023795
v -0.045005 -0.002548 0.023795
v -0.045005 -0.018105 0.007369
v -0.045005 -0.018105 0.023795
v -0.045005 -0.002548 0.007369
v -0.048797 0.010064 -0.022427
v -0.620405 0.027778 -0.022426
v -0.620405 0.010064 -0.022426
v -0.048797 0.027778 -0.022427
v -0.048797 0.010064 0.003292
v -0.045006 0.027778 -0.000412
v -0.045006 0.010064 -0.000412
v -0.048797 0.027778 0.003292
v -0.045006 0.010064 0.006996
v -0.045006 0.027778 0.006996
v -0.045005 0.010064 -0.017211
v -0.048797 0.027778 -0.022427
v -0.048797 0.010064 -0.022427
v -0.045005 0.027778 -0.017211
v -0.045006 0.010064 -0.000412
v -0.045005 0.027778 -0.017211
v -0.045005 0.010064 -0.017211
v -0.045006 0.027778 -0.000412
v -0.048797 0.010064 0.029010
v -0.045005 0.027778 0.023795
v -0.045005 0.010064 0.023795
v -0.048797 0.027778 0.029010
v -0.045005 0.010064 0.023795
v -0.045006 0.027778 0.006996
v -0.045006 0.010064 0.006996
v -0.045005 0.027778 0.023795
v -0.048797 0.005256 -0.017211
v -0.620405 0.005256 -0.000412
v -0.048797 0.005256 -0.000412
v -0.620405 0.005256 -0.017211
v -0.620405 0.005256 -0.017211
v -0.048797 0.010064 -0.022427
v -0.620405 0.010064 -0.022426
v -0.048797 0.005256 -0.017211
v -0.045005 0.010064 -0.017211
v -0.045006 0.010064 -0.000412
v -0.048797 0.005256 -0.000412
v -0.048797 0.010064 0.003292
v -0.620405 0.005256 -0.000412
v -0.620435 0.010064 0.003292
v -0.620405 0.005256 0.006996
v -0.048797 0.005256 0.006996
v -0.048797 0.005256 0.006996
v -0.045006 0.010064 0.006996
v -0.048797 0.005256 0.023795
v -0.045005 0.010064 0.023795
v -0.048797 0.010064 0.029010
v -0.048797 0.005256 0.023795
v -0.620405 0.010064 0.029010
v -0.620405 0.005256 0.023795
v -0.048797 0.005256 0.006996
v -0.620405 0.005256 0.023795
v -0.048797 0.005256 0.023795
v -0.620405 0.005256 0.006996
v -0.048797 0.010064 0.029010
v -0.620405 0.027778 0.029010
v -0.048797 0.027778 0.029010
v -0.620405 0.010064 0.029010
v 0.175805 0.128268 0.018540
v 0.166213 0.128268 -0.011956
v 0.175805 0.128268 -0.011956
v 0.166213 0.128268 0.018540
v 0.161621 0.104776 0.018540
v 0.157516 0.113451 -0.011956
v 0.157516 0.113451 0.018540
v 0.161621 0.104776 -0.011956
v 0.161621 0.104776 -0.011956
v 0.166213 0.128268 -0.011956
v 0.157516 0.113451 -0.011956
v 0.175805 0.128268 -0.011956
v 0.161621 0.104776 0.018540
v 0.175805 0.128268 -0.011956
v 0.161621 0.104776 -0.011956
v 0.175805 0.128268 0.018540
v 0.166213 0.128268 0.018540
v 0.161621 0.104776 0.018540
v 0.157516 0.113451 0.018540
v 0.175805 0.128268 0.018540
v 0.157516 0.113451 -0.011956
v 0.166213 0.128268 0.018540
v 0.157516 0.113451 0.018540
v 0.166213 0.128268 -0.011956
v 0.348097 -0.083195 -0.065671
v 0.350390 -0.104977 -0.065671
v 0.359283 -0.098792 -0.065671
v 0.343577 -0.085800 -0.065671
v 0.377469 -0.174172 -0.026087
v 0.375472 -0.173268 -0.020257
v 0.377561 -0.172508 -0.025698
v 0.375200 -0.174997 -0.020257
v 0.378498 -0.173797 -0.011784
v 0.378537 -0.172153 -0.012383
v 0.386461 -0.170899 -0.008274
v 0.385937 -0.169460 -0.009121
v 0.394423 -0.168001 -0.011784
v 0.393337 -0.166766 -0.012383
v 0.397722 -0.166800 -0.020257
v 0.396402 -0.165651 -0.020257
v 0.394423 -0.168001 -0.028731
v 0.393337 -0.166766 -0.028132
v 0.386461 -0.170899 -0.032241
v 0.385937 -0.169460 -0.031394
v 0.381026 -0.172877 -0.029845
v 0.380879 -0.171335 -0.029190
v 0.380879 -0.171335 -0.029190
v 0.384306 -0.170053 -0.018521
v 0.387599 -0.168855 -0.022026
v 0.377561 -0.172508 -0.025698
v 0.368547 -0.165007 -0.031043
v 0.372394 -0.163607 -0.035107
v 0.368706 -0.161980 -0.033902
v 0.382605 -0.159891 -0.039608
v 0.364298 -0.166554 -0.020126
v 0.381651 -0.157269 -0.039608
v 0.363344 -0.163932 -0.020126
v 0.395551 -0.155179 -0.033902
v 0.368706 -0.161980 -0.006349
v 0.394597 -0.152557 -0.033902
v 0.369660 -0.164602 -0.006349
v 0.400913 -0.153227 -0.020126
v 0.381651 -0.157269 -0.000643
v 0.399959 -0.150605 -0.020126
v 0.382606 -0.159891 -0.000643
v 0.395551 -0.155179 -0.006349
v 0.394597 -0.152557 -0.006349
v 0.376545 -0.174109 -0.027342
v 0.375200 -0.174997 -0.020257
v 0.377469 -0.174172 -0.026087
v 0.373783 -0.175114 -0.020247
v 0.377462 -0.173775 -0.010796
v 0.378498 -0.173797 -0.011784
v 0.386343 -0.170542 -0.006882
v 0.386461 -0.170899 -0.008274
v 0.395224 -0.167310 -0.010796
v 0.394423 -0.168001 -0.011784
v 0.398902 -0.165971 -0.020247
v 0.397722 -0.166800 -0.020257
v 0.395224 -0.167310 -0.029698
v 0.394423 -0.168001 -0.028731
v 0.386343 -0.170542 -0.033612
v 0.386461 -0.170899 -0.032241
v 0.379714 -0.172955 -0.030691
v 0.381026 -0.172877 -0.029845
v 0.375472 -0.173268 0.026841
v 0.377469 -0.174172 0.032671
v 0.377561 -0.172508 0.032282
v 0.375200 -0.174997 0.026841
v 0.378498 -0.173797 0.018368
v 0.378537 -0.172153 0.018967
v 0.386461 -0.170899 0.014858
v 0.385937 -0.169460 0.015705
v 0.394423 -0.168001 0.018368
v 0.393337 -0.166766 0.018967
v 0.397722 -0.166800 0.026841
v 0.396402 -0.165651 0.026841
v 0.394423 -0.168001 0.035315
v 0.393337 -0.166766 0.034716
v 0.386461 -0.170899 0.038825
v 0.385937 -0.169460 0.037978
v 0.381026 -0.172877 0.036429
v 0.380879 -0.171335 0.035774
v 0.384306 -0.170053 0.025105
v 0.380879 -0.171335 0.035774
v 0.387599 -0.168855 0.028610
v 0.377561 -0.172508 0.032282
v 0.368547 -0.165007 0.037627
v 0.372394 -0.163607 0.041691
v 0.368706 -0.161980 0.040486
v 0.382605 -0.159891 0.046192
v 0.364298 -0.166554 0.026710
v 0.381651 -0.157269 0.046192
v 0.363344 -0.163932 0.026710
v 0.395551 -0.155179 0.040486
v 0.368706 -0.161980 0.012933
v 0.394597 -0.152557 0.040486
v 0.369660 -0.164602 0.012933
v 0.400913 -0.153227 0.026710
v 0.381651 -0.157269 0.007227
v 0.399959 -0.150605 0.026710
v 0.382606 -0.159891 0.007227
v 0.395551 -0.155179 0.012933
v 0.394597 -0.152557 0.012933
v 0.375200 -0.174997 0.026841
v 0.376545 -0.174109 0.033926
v 0.377469 -0.174172 0.032671
v 0.373783 -0.175114 0.026831
v 0.377462 -0.173775 0.017380
v 0.378498 -0.173797 0.018368
v 0.386343 -0.170542 0.013466
v 0.386461 -0.170899 0.014858
v 0.395224 -0.167310 0.017380
v 0.394423 -0.168001 0.018368
v 0.398902 -0.165971 0.026831
v 0.397722 -0.166800 0.026841
v 0.395224 -0.167310 0.036282
v 0.394423 -0.168001 0.035315
v 0.386343 -0.170542 0.040196
v 0.386461 -0.170899 0.038825
v 0.379714 -0.172955 0.037275
v 0.381026 -0.172877 0.036429
v 0.379714 -0.172955 0.037275
v 0.381026 -0.172877 0.036429
v 0.380879 -0.171335 0.035774
v 0.372394 -0.163607 0.041691
v 0.386343 -0.170542 0.040196
v 0.382605 -0.159891 0.046192
v 0.395224 -0.167310 0.036282
v 0.395551 -0.155179 0.040486
v 0.398902 -0.165971 0.026831
v 0.400913 -0.153227 0.026710
v 0.395224 -0.167310 0.017380
v 0.395551 -0.155179 0.012933
v 0.386343 -0.170542 0.013466
v 0.382606 -0.159891 0.007227
v 0.377462 -0.173775 0.017380
v 0.369660 -0.164602 0.012933
v 0.373783 -0.175114 0.026831
v 0.364298 -0.166554 0.026710
v 0.376545 -0.174109 0.033926
v 0.368547 -0.165007 0.037627
v 0.377561 -0.172508 0.032282
v 0.377469 -0.174172 0.032671
v 0.375472 -0.173268 0.026841
v 0.384306 -0.170053 0.025105
v 0.378537 -0.172153 0.018967
v 0.385937 -0.169460 0.015705
v 0.385510 -0.169615 0.024944
v 0.393337 -0.166766 0.018967
v 0.387751 -0.168799 0.027328
v 0.396402 -0.165651 0.026841
v 0.387599 -0.168855 0.028610
v 0.393337 -0.166766 0.034716
v 0.385937 -0.169460 0.037978
v 0.437906 -0.152382 -0.030121
v 0.431904 -0.152936 -0.031689
v 0.437016 -0.151075 -0.029465
v 0.432428 -0.154376 -0.032536
v 0.424465 -0.157274 -0.029026
v 0.424504 -0.155630 -0.028427
v 0.421167 -0.158474 -0.020552
v 0.421439 -0.156745 -0.020552
v 0.424465 -0.157274 -0.012079
v 0.424504 -0.155630 -0.012677
v 0.432428 -0.154376 -0.008569
v 0.431904 -0.152936 -0.009416
v 0.440390 -0.151478 -0.012079
v 0.439304 -0.150243 -0.012677
v 0.443688 -0.150277 -0.020552
v 0.442369 -0.149127 -0.020552
v 0.441437 -0.151097 -0.026336
v 0.440308 -0.149912 -0.025947
v 0.440308 -0.149912 -0.025947
v 0.430272 -0.153530 -0.022288
v 0.433566 -0.152331 -0.018783
v 0.437016 -0.151075 -0.029465
v 0.438573 -0.139727 -0.035371
v 0.442393 -0.138337 -0.031277
v 0.440306 -0.136127 -0.034186
v 0.446622 -0.136798 -0.020410
v 0.428315 -0.143461 -0.039893
v 0.445668 -0.134176 -0.020410
v 0.427360 -0.140839 -0.039893
v 0.441260 -0.138749 -0.006634
v 0.414415 -0.145551 -0.034186
v 0.440306 -0.136127 -0.006634
v 0.415369 -0.148173 -0.034186
v 0.428315 -0.143461 -0.000928
v 0.409053 -0.147503 -0.020410
v 0.427360 -0.140839 -0.000928
v 0.410007 -0.150125 -0.020410
v 0.415369 -0.148173 -0.006634
v 0.414415 -0.145551 -0.006634
v 0.438956 -0.151600 -0.030968
v 0.432428 -0.154376 -0.032536
v 0.437906 -0.152382 -0.030121
v 0.432289 -0.154027 -0.033907
v 0.423409 -0.157259 -0.029992
v 0.424465 -0.157274 -0.029026
v 0.419730 -0.158598 -0.020541
v 0.421167 -0.158474 -0.020552
v 0.423409 -0.157259 -0.011091
v 0.424465 -0.157274 -0.012079
v 0.432289 -0.154027 -0.007176
v 0.432428 -0.154376 -0.008569
v 0.441170 -0.150794 -0.011091
v 0.440390 -0.151478 -0.012079
v 0.444849 -0.149455 -0.020541
v 0.443688 -0.150277 -0.020552
v 0.442103 -0.150455 -0.027595
v 0.441437 -0.151097 -0.026336
v 0.438956 -0.151600 -0.030968
v 0.437906 -0.152382 -0.030121
v 0.437016 -0.151075 -0.029465
v 0.438573 -0.139727 -0.035371
v 0.428315 -0.143461 -0.039893
v 0.432289 -0.154027 -0.033907
v 0.415369 -0.148173 -0.034186
v 0.423409 -0.157259 -0.029992
v 0.410007 -0.150125 -0.020410
v 0.419730 -0.158598 -0.020541
v 0.415369 -0.148173 -0.006634
v 0.423409 -0.157259 -0.011091
v 0.428315 -0.143461 -0.000928
v 0.432289 -0.154027 -0.007176
v 0.441260 -0.138749 -0.006634
v 0.441170 -0.150794 -0.011091
v 0.446622 -0.136798 -0.020410
v 0.444849 -0.149455 -0.020541
v 0.442393 -0.138337 -0.031277
v 0.442103 -0.150455 -0.027595
v 0.440308 -0.149912 -0.025947
v 0.441437 -0.151097 -0.026336
v 0.433566 -0.152331 -0.018783
v 0.442369 -0.149127 -0.020552
v 0.439304 -0.150243 -0.012677
v 0.431904 -0.152936 -0.009416
v 0.432361 -0.152770 -0.018622
v 0.424504 -0.155630 -0.012677
v 0.430272 -0.153530 -0.022288
v 0.430121 -0.153585 -0.021006
v 0.421439 -0.156745 -0.020552
v 0.424504 -0.155630 -0.028427
v 0.431904 -0.152936 -0.031689
v 0.431904 -0.152936 0.038273
v 0.437906 -0.152382 0.036705
v 0.437016 -0.151076 0.036049
v 0.432428 -0.154376 0.039119
v 0.424465 -0.157274 0.035610
v 0.424504 -0.155630 0.035011
v 0.421167 -0.158474 0.027136
v 0.421439 -0.156745 0.027136
v 0.424465 -0.157274 0.018663
v 0.424504 -0.155630 0.019261
v 0.432427 -0.154376 0.015153
v 0.431904 -0.152936 0.015999
v 0.440390 -0.151478 0.018663
v 0.439304 -0.150243 0.019261
v 0.443688 -0.150277 0.027136
v 0.442369 -0.149127 0.027136
v 0.441437 -0.151097 0.032920
v 0.440308 -0.149912 0.032531
v 0.430272 -0.153530 0.028872
v 0.440308 -0.149912 0.032531
v 0.433566 -0.152331 0.025367
v 0.437016 -0.151076 0.036049
v 0.438574 -0.139727 0.041954
v 0.442393 -0.138337 0.037861
v 0.440306 -0.136128 0.040770
v 0.446622 -0.136798 0.026994
v 0.428315 -0.143461 0.046476
v 0.445668 -0.134176 0.026994
v 0.427360 -0.140839 0.046476
v 0.441260 -0.138749 0.013218
v 0.414415 -0.145551 0.040770
v 0.440306 -0.136127 0.013218
v 0.415369 -0.148173 0.040770
v 0.428315 -0.143461 0.007511
v 0.409053 -0.147503 0.026994
v 0.427360 -0.140839 0.007511
v 0.410007 -0.150125 0.026994
v 0.415369 -0.148173 0.013218
v 0.414415 -0.145551 0.013218
v 0.432428 -0.154376 0.039119
v 0.438956 -0.151600 0.037552
v 0.437906 -0.152382 0.036705
v 0.432289 -0.154027 0.040491
v 0.423409 -0.157259 0.036576
v 0.424465 -0.157274 0.035610
v 0.419730 -0.158598 0.027125
v 0.421167 -0.158474 0.027136
v 0.423409 -0.157259 0.017674
v 0.424465 -0.157274 0.018663
v 0.432289 -0.154027 0.013760
v 0.432427 -0.154376 0.015153
v 0.441170 -0.150794 0.017674
v 0.440390 -0.151478 0.018663
v 0.444849 -0.149455 0.027125
v 0.443688 -0.150277 0.027136
v 0.442103 -0.150455 0.034179
v 0.441437 -0.151097 0.032920
v 0.442103 -0.150455 0.034179
v 0.441437 -0.151097 0.032920
v 0.440308 -0.149912 0.032531
v 0.442393 -0.138337 0.037861
v 0.444849 -0.149455 0.027125
v 0.446622 -0.136798 0.026994
v 0.441170 -0.150794 0.017674
v 0.441260 -0.138749 0.013218
v 0.432289 -0.154027 0.013760
v 0.428315 -0.143461 0.007511
v 0.423409 -0.157259 0.017674
v 0.415369 -0.148173 0.013218
v 0.419730 -0.158598 0.027125
v 0.410007 -0.150125 0.026994
v 0.423409 -0.157259 0.036576
v 0.415369 -0.148173 0.040770
v 0.432289 -0.154027 0.040491
v 0.428315 -0.143461 0.046476
v 0.438956 -0.151600 0.037552
v 0.438574 -0.139727 0.041954
v 0.437016 -0.151076 0.036049
v 0.437906 -0.152382 0.036705
v 0.431904 -0.152936 0.038273
v 0.430272 -0.153530 0.028872
v 0.424504 -0.155630 0.035011
v 0.421439 -0.156745 0.027136
v 0.430121 -0.153585 0.027590
v 0.424504 -0.155630 0.019261
v 0.432361 -0.152770 0.025206
v 0.431904 -0.152936 0.015999
v 0.433566 -0.152331 0.025367
v 0.439304 -0.150243 0.019261
v 0.442369 -0.149127 0.027136
v 0.377561 -0.172508 -0.025698
v 0.376545 -0.174109 -0.027342
v 0.377469 -0.174172 -0.026087
v 0.368547 -0.165007 -0.031043
v 0.364298 -0.166554 -0.020126
v 0.373783 -0.175114 -0.020247
v 0.369660 -0.164602 -0.006349
v 0.377462 -0.173775 -0.010796
v 0.382606 -0.159891 -0.000643
v 0.386343 -0.170542 -0.006882
v 0.395551 -0.155179 -0.006349
v 0.395224 -0.167310 -0.010796
v 0.400913 -0.153227 -0.020126
v 0.398902 -0.165971 -0.020247
v 0.395551 -0.155179 -0.033902
v 0.395224 -0.167310 -0.029698
v 0.382605 -0.159891 -0.039608
v 0.386343 -0.170542 -0.033612
v 0.372394 -0.163607 -0.035107
v 0.379714 -0.172955 -0.030691
v 0.380879 -0.171335 -0.029190
v 0.381026 -0.172877 -0.029845
v 0.387599 -0.168855 -0.022026
v 0.385937 -0.169460 -0.031394
v 0.393337 -0.166766 -0.028132
v 0.396402 -0.165651 -0.020257
v 0.387751 -0.168799 -0.020744
v 0.393337 -0.166766 -0.012383
v 0.384306 -0.170053 -0.018521
v 0.385510 -0.169615 -0.018360
v 0.385937 -0.169460 -0.009121
v 0.378537 -0.172153 -0.012383
v 0.375472 -0.173268 -0.020257
v 0.470483 -0.012506 -0.056500
v 0.467805 -0.010612 -0.056500
v 0.469871 -0.010612 -0.056500
v 0.450098 -0.044893 -0.056500
v 0.451501 0.037343 -0.056500
v 0.446439 -0.047147 -0.056500
v 0.467805 0.001343 -0.056500
v 0.470540 0.003232 -0.056500
v 0.469871 0.001343 -0.056500
v 0.448203 0.040550 -0.056500
v 0.347586 -0.055497 -0.056500
v 0.324445 0.103657 -0.056500
v 0.320509 0.103142 -0.056500
v 0.343204 -0.057065 -0.056500
v 0.251155 -0.120435 -0.056500
v 0.270370 0.058112 -0.056500
v 0.266172 0.056504 -0.056500
v 0.246908 -0.120982 -0.056500
v 0.227600 0.056504 -0.056500
v 0.223778 0.058452 -0.056500
v 0.185025 -0.044790 -0.056500
v 0.185025 0.050704 -0.056500
v 0.191177 0.103352 -0.056500
v 0.182618 -0.047241 -0.056500
v 0.150334 -0.086095 -0.056500
v 0.147061 -0.083091 -0.056500
v 0.132967 -0.047249 -0.056500
v 0.131567 -0.049359 -0.056500
v 0.182618 0.053112 -0.056500
v 0.187686 0.104082 -0.056500
v 0.160305 0.088015 -0.056500
v 0.158228 0.055520 -0.056500
v 0.160636 0.053112 -0.056500
v 0.158228 0.084389 -0.056500
v 0.324445 0.103657 -0.073474
v 0.448203 0.040550 -0.056500
v 0.324445 0.103657 -0.056500
v 0.448920 0.040230 -0.073474
v 0.442253 0.033064 -0.091732
v 0.325934 0.092282 -0.091732
v 0.451501 0.037343 -0.056500
v 0.470553 0.003239 -0.073474
v 0.470540 0.003232 -0.056500
v 0.452219 0.037023 -0.073474
v 0.458958 0.003225 -0.091732
v 0.445958 0.029849 -0.091732
v 0.470483 -0.012506 -0.073474
v 0.450098 -0.044893 -0.056500
v 0.470483 -0.012506 -0.056500
v 0.450098 -0.044893 -0.073474
v 0.445015 -0.035855 -0.091732
v 0.458958 -0.012505 -0.091732
v 0.446439 -0.047147 -0.073474
v 0.347586 -0.055497 -0.056500
v 0.446439 -0.047147 -0.056500
v 0.347586 -0.055497 -0.073474
v 0.344307 -0.046330 -0.091732
v 0.440990 -0.038143 -0.091732
v 0.343204 -0.057065 -0.073474
v 0.251155 -0.120435 -0.056500
v 0.343204 -0.057065 -0.056500
v 0.251155 -0.120435 -0.073474
v 0.249800 -0.109915 -0.091732
v 0.339924 -0.047898 -0.091732
v 0.246908 -0.120982 -0.073474
v 0.150334 -0.086095 -0.056500
v 0.246908 -0.120982 -0.056500
v 0.150334 -0.086095 -0.073474
v 0.157097 -0.078520 -0.091732
v 0.245552 -0.110462 -0.091732
v 0.147061 -0.083091 -0.073474
v 0.131567 -0.049359 -0.056500
v 0.147061 -0.083091 -0.056500
v 0.131567 -0.049359 -0.073474
v 0.142818 -0.049360 -0.091732
v 0.153889 -0.075488 -0.091732
v 0.132967 -0.047249 -0.073474
v 0.182618 -0.047241 -0.056500
v 0.132967 -0.047249 -0.056500
v 0.182618 -0.047241 -0.073474
v 0.182618 -0.047241 -0.091732
v 0.144281 -0.047249 -0.091732
v 0.160305 0.088015 -0.056500
v 0.187686 0.104082 -0.073474
v 0.187686 0.104082 -0.056500
v 0.160305 0.088015 -0.073474
v 0.185087 0.091493 -0.091732
v 0.160281 0.076281 -0.091732
v 0.191177 0.103352 -0.073474
v 0.223778 0.058452 -0.056500
v 0.191177 0.103352 -0.056500
v 0.223778 0.058452 -0.073474
v 0.218967 0.049016 -0.091732
v 0.188556 0.090805 -0.091732
v 0.227600 0.056504 -0.073474
v 0.266172 0.056504 -0.056500
v 0.227600 0.056504 -0.056500
v 0.266172 0.056504 -0.073474
v 0.269781 0.047083 -0.091732
v 0.222791 0.047070 -0.091732
v 0.270370 0.058112 -0.073474
v 0.320509 0.103142 -0.056500
v 0.270370 0.058112 -0.056500
v 0.320509 0.103142 -0.073474
v 0.321997 0.091767 -0.091732
v 0.273980 0.048691 -0.091732
v 0.436534 0.003212 -0.095490
v 0.455746 0.003232 -0.095490
v 0.442707 0.029651 -0.095490
v 0.324237 0.089948 -0.095490
v 0.340898 -0.043711 -0.095490
v 0.436562 -0.012481 -0.095490
v 0.442527 -0.035133 -0.095490
v 0.455746 -0.012505 -0.095490
v 0.290182 0.041032 -0.095490
v 0.273294 0.044197 -0.095490
v 0.290182 -0.046905 -0.095490
v 0.216369 0.040686 -0.095490
v 0.247404 -0.108076 -0.095490
v 0.216369 -0.046905 -0.095490
v 0.218919 0.044196 -0.095490
v 0.187813 -0.049342 -0.095490
v 0.156966 -0.075406 -0.095490
v 0.145882 -0.049346 -0.095490
v 0.187813 0.055025 -0.095490
v 0.186386 0.089004 -0.095490
v 0.160141 0.072802 -0.095490
v 0.160141 0.055025 -0.095490
v 0.438555 -0.010593 -0.089417
v 0.456701 0.001319 -0.089417
v 0.438555 0.001319 -0.089417
v 0.456701 -0.010593 -0.089417
v 0.467805 0.001343 -0.071197
v 0.467805 -0.010612 -0.071197
v 0.467805 -0.010612 -0.056500
v 0.467805 0.001343 -0.056500
v 0.467805 -0.010612 -0.071197
v 0.469871 -0.010612 -0.056500
v 0.467805 -0.010612 -0.056500
v 0.470097 -0.010612 -0.072567
v 0.456701 -0.010593 -0.089417
v 0.457517 -0.010593 -0.091732
v 0.438555 -0.010593 -0.089417
v 0.438555 -0.010593 -0.091732
v 0.438555 0.001319 -0.089417
v 0.438555 0.001320 -0.091732
v 0.456701 0.001319 -0.089417
v 0.457517 0.001322 -0.091732
v 0.467805 0.001343 -0.071197
v 0.470097 0.001343 -0.072567
v 0.469871 0.001343 -0.056500
v 0.467805 0.001343 -0.056500
v 0.158228 0.055520 -0.073474
v 0.158228 0.084389 -0.056500
v 0.158228 0.055520 -0.056500
v 0.158228 0.084389 -0.073474
v 0.158228 0.072615 -0.091732
v 0.158228 0.055519 -0.091732
v 0.182618 0.053112 -0.073474
v 0.160636 0.053112 -0.056500
v 0.182618 0.053112 -0.056500
v 0.160636 0.053112 -0.073474
v 0.160636 0.053112 -0.091732
v 0.182618 0.053112 -0.091732
v 0.185025 -0.044790 -0.073474
v 0.185025 0.050704 -0.056500
v 0.185025 -0.044790 -0.056500
v 0.185025 0.050704 -0.073474
v 0.185025 -0.044790 -0.091732
v 0.185025 0.050704 -0.091732
v 0.158228 0.084389 -0.056500
v 0.160305 0.088015 -0.073474
v 0.160305 0.088015 -0.056500
v 0.158228 0.084389 -0.073474
v 0.160281 0.076281 -0.091732
v 0.158228 0.072615 -0.091732
v 0.160141 0.072802 -0.095490
v 0.158228 0.055519 -0.091732
v 0.186386 0.089004 -0.095490
v 0.185087 0.091493 -0.091732
v 0.160141 0.055025 -0.095490
v 0.188556 0.090805 -0.091732
v 0.187686 0.104082 -0.073474
v 0.218919 0.044196 -0.095490
v 0.191177 0.103352 -0.073474
v 0.187686 0.104082 -0.056500
v 0.191177 0.103352 -0.056500
v 0.218967 0.049016 -0.091732
v 0.222791 0.047070 -0.091732
v 0.223778 0.058452 -0.073474
v 0.273294 0.044197 -0.095490
v 0.227600 0.056504 -0.073474
v 0.223778 0.058452 -0.056500
v 0.227600 0.056504 -0.056500
v 0.269781 0.047083 -0.091732
v 0.273980 0.048691 -0.091732
v 0.266172 0.056504 -0.073474
v 0.324237 0.089948 -0.095490
v 0.270370 0.058112 -0.073474
v 0.266172 0.056504 -0.056500
v 0.270370 0.058112 -0.056500
v 0.321997 0.091767 -0.091732
v 0.325934 0.092282 -0.091732
v 0.320509 0.103142 -0.073474
v 0.442707 0.029651 -0.095490
v 0.324445 0.103657 -0.073474
v 0.320509 0.103142 -0.056500
v 0.324445 0.103657 -0.056500
v 0.442253 0.033064 -0.091732
v 0.445958 0.029849 -0.091732
v 0.448920 0.040230 -0.073474
v 0.455746 0.003232 -0.095490
v 0.452219 0.037023 -0.073474
v 0.448203 0.040550 -0.056500
v 0.451501 0.037343 -0.056500
v 0.458958 0.003225 -0.091732
v 0.457517 0.001322 -0.091732
v 0.470553 0.003239 -0.073474
v 0.438555 0.001320 -0.091732
v 0.470097 0.001343 -0.072567
v 0.470540 0.003232 -0.056500
v 0.469871 0.001343 -0.056500
v 0.436534 0.003212 -0.095490
v 0.438555 -0.010593 -0.091732
v 0.436562 -0.012481 -0.095490
v 0.455746 -0.012505 -0.095490
v 0.457517 -0.010593 -0.091732
v 0.458958 -0.012505 -0.091732
v 0.470097 -0.010612 -0.072567
v 0.442527 -0.035133 -0.095490
v 0.470483 -0.012506 -0.073474
v 0.469871 -0.010612 -0.056500
v 0.470483 -0.012506 -0.056500
v 0.445015 -0.035855 -0.091732
v 0.440990 -0.038143 -0.091732
v 0.450098 -0.044893 -0.073474
v 0.340898 -0.043711 -0.095490
v 0.446439 -0.047147 -0.073474
v 0.450098 -0.044893 -0.056500
v 0.446439 -0.047147 -0.056500
v 0.344307 -0.046330 -0.091732
v 0.339924 -0.047898 -0.091732
v 0.347586 -0.055497 -0.073474
v 0.247404 -0.108076 -0.095490
v 0.343204 -0.057065 -0.073474
v 0.347586 -0.055497 -0.056500
v 0.343204 -0.057065 -0.056500
v 0.249800 -0.109915 -0.091732
v 0.245552 -0.110462 -0.091732
v 0.251155 -0.120435 -0.073474
v 0.156966 -0.075406 -0.095490
v 0.246908 -0.120982 -0.073474
v 0.251155 -0.120435 -0.056500
v 0.246908 -0.120982 -0.056500
v 0.157097 -0.078520 -0.091732
v 0.153889 -0.075488 -0.091732
v 0.150334 -0.086095 -0.073474
v 0.145882 -0.049346 -0.095490
v 0.147061 -0.083091 -0.073474
v 0.150334 -0.086095 -0.056500
v 0.147061 -0.083091 -0.056500
v 0.142818 -0.049360 -0.091732
v 0.144281 -0.047249 -0.091732
v 0.131567 -0.049359 -0.073474
v 0.187813 -0.049342 -0.095490
v 0.132967 -0.047249 -0.073474
v 0.131567 -0.049359 -0.056500
v 0.132967 -0.047249 -0.056500
v 0.182618 -0.047241 -0.091732
v 0.185025 -0.044790 -0.091732
v 0.182618 -0.047241 -0.073474
v 0.187813 0.055025 -0.095490
v 0.185025 -0.044790 -0.073474
v 0.182618 -0.047241 -0.056500
v 0.185025 -0.044790 -0.056500
v 0.185025 0.050704 -0.091732
v 0.182618 0.053112 -0.091732
v 0.185025 0.050704 -0.073474
v 0.182618 0.053112 -0.073474
v 0.185025 0.050704 -0.056500
v 0.182618 0.053112 -0.056500
v 0.160636 0.053112 -0.091732
v 0.160636 0.053112 -0.073474
v 0.158228 0.055520 -0.073474
v 0.160636 0.053112 -0.056500
v 0.158228 0.055520 -0.056500
v 0.287409 0.035649 -0.088024
v 0.284858 -0.044087 -0.088024
v 0.287409 -0.041535 -0.088024
v 0.284858 0.038189 -0.088024
v 0.221693 -0.044087 -0.088024
v 0.221693 0.037893 -0.088024
v 0.219142 -0.041535 -0.088024
v 0.219142 0.035329 -0.088024
v 0.348097 -0.083195 0.072255
v 0.350390 -0.104977 0.072255
v 0.343577 -0.085800 0.072255
v 0.359283 -0.098792 0.072255
v 0.379186 -0.044577 0.071982
v 0.334529 -0.060439 0.071982
v 0.365272 -0.024374 0.071982
v 0.381134 -0.069031 0.071982
v 0.343121 -0.013834 0.071982
v 0.370594 -0.091182 0.071982
v 0.318667 -0.015782 0.071982
v 0.350391 -0.105096 0.071982
v 0.298464 -0.029695 0.071982
v 0.325937 -0.107044 0.071982
v 0.287924 -0.051847 0.071982
v 0.303786 -0.096504 0.071982
v 0.289872 -0.076300 0.071982
v 0.365272 -0.024374 -0.065398
v 0.334529 -0.060439 -0.065398
v 0.379186 -0.044577 -0.065398
v 0.343121 -0.013834 -0.065398
v 0.381134 -0.069031 -0.065398
v 0.318667 -0.015782 -0.065398
v 0.370594 -0.091182 -0.065398
v 0.298464 -0.029695 -0.065398
v 0.350391 -0.105096 -0.065398
v 0.287924 -0.051847 -0.065398
v 0.325937 -0.107044 -0.065398
v 0.289872 -0.076300 -0.065398
v 0.303786 -0.096504 -0.065398
v 0.284986 0.038344 -0.092321
v 0.216369 0.040686 -0.095490
v 0.221565 0.038047 -0.092321
v 0.219014 0.035482 -0.092320
v 0.290182 0.041032 -0.095490
v 0.287538 0.035804 -0.092320
v 0.287538 -0.041690 -0.092320
v 0.216369 -0.046905 -0.095490
v 0.219014 -0.041690 -0.092320
v 0.221565 -0.044242 -0.092321
v 0.290182 -0.046905 -0.095490
v 0.284986 -0.044242 -0.092321
v -0.625757 -0.002547 -0.022426
v -0.620405 -0.018105 -0.022426
v -0.620405 -0.002547 -0.022426
v -0.620405 0.002261 -0.017211
v -0.625757 0.002261 -0.017211
v -0.620405 0.002261 -0.000785
v -0.625757 0.002261 -0.000785
v -0.620405 -0.002547 0.003292
v -0.625757 -0.002547 0.003292
v -0.620405 0.002261 0.007369
v -0.629778 -0.002547 -0.000785
v -0.629778 -0.002547 -0.017211
v -0.625757 -0.049559 -0.022426
v -0.629778 -0.049559 -0.017211
v -0.625757 0.002261 0.007369
v -0.620405 0.002261 0.023795
v -0.625757 0.002261 0.023795
v -0.620405 -0.002547 0.029010
v -0.048797 -0.049559 -0.022427
v -0.048797 -0.018105 -0.022427
v -0.045005 -0.049559 -0.017211
v -0.045005 -0.018105 -0.017211
v -0.048797 -0.054367 -0.017211
v -0.045005 -0.049559 -0.000785
v -0.045005 -0.018105 -0.000785
v -0.048797 -0.049559 0.003292
v -0.048797 -0.018105 0.003292
v -0.048797 -0.054367 -0.000785
v -0.625757 -0.054367 -0.000785
v -0.625757 -0.054367 -0.017211
v -0.045005 -0.049559 0.007369
v -0.048797 -0.054367 0.007369
v -0.045005 -0.018105 0.007369
v -0.629778 -0.049559 -0.000785
v -0.625757 -0.049559 0.003292
v -0.048797 -0.054367 0.023795
v -0.625757 -0.054367 0.007369
v -0.045005 -0.049559 0.023795
v -0.045005 -0.018105 0.023795
v -0.048797 -0.049559 0.029010
v -0.625757 -0.049559 0.029010
v -0.048797 -0.018105 0.029010
v -0.620405 -0.018105 0.029010
v -0.629778 -0.049559 0.007369
v -0.625757 -0.054367 0.023795
v -0.629778 -0.049559 0.023795
v -0.625757 -0.002547 0.029010
v -0.629778 -0.002547 0.007369
v -0.629778 -0.002547 0.023795
v -0.625757 0.005256 0.006996
v -0.620435 0.010064 0.003292
v -0.629778 0.010064 0.003292
v -0.620405 0.005256 0.006996
v -0.625757 0.005256 -0.000412
v -0.620405 0.005256 -0.000412
v -0.625757 0.005256 -0.017211
v -0.620405 0.005256 -0.017211
v -0.620405 0.010064 -0.022426
v -0.625757 0.010064 -0.022426
v -0.620405 0.027778 -0.022426
v -0.629778 0.010064 -0.017211
v -0.629778 0.010064 -0.000412
v -0.629778 0.050171 0.003292
v -0.629778 0.050171 -0.000412
v -0.629778 0.050171 -0.017211
v -0.625757 0.050171 -0.022426
v -0.625757 0.054979 -0.017211
v -0.048797 0.067599 -0.022427
v -0.048797 0.027778 -0.022427
v -0.045005 0.027778 -0.017211
v -0.625757 0.054979 -0.000412
v -0.048797 0.072407 -0.017211
v -0.045006 0.067599 -0.017211
v -0.045006 0.027778 -0.000412
v -0.048797 0.072407 -0.000412
v -0.045006 0.067599 -0.000412
v -0.048797 0.027778 0.003292
v -0.048797 0.067599 0.003292
v -0.045006 0.067599 0.006996
v -0.045006 0.027778 0.006996
v -0.048797 0.072407 0.006996
v -0.045005 0.067599 0.023795
v -0.045005 0.027778 0.023795
v -0.048797 0.067599 0.029010
v -0.048797 0.027778 0.029010
v -0.048797 0.072407 0.023795
v -0.048797 0.067599 0.029010
v -0.620405 0.027778 0.029010
v -0.625757 0.054979 0.006996
v -0.625757 0.050171 0.029010
v -0.629778 0.050171 0.006996
v -0.625757 0.054979 0.023795
v -0.625757 0.010064 0.029010
v -0.620405 0.010064 0.029010
v -0.629778 0.050171 0.023795
v -0.625757 0.005256 0.023795
v -0.620405 0.005256 0.023795
v -0.629778 0.010064 0.006996
v -0.625757 0.005256 0.006996
v -0.629778 0.010064 0.023795
v -0.625757 0.005256 0.023795
v 0.153576 0.039012 0.040141
v 0.156001 0.035758 0.052417
v 0.153576 0.033219 0.051184
v 0.156001 0.041985 0.040141
v 0.183804 0.041985 0.040141
v 0.156001 0.013464 0.063243
v 0.153576 0.012494 0.061248
v 0.153576 -0.010724 0.061248
v 0.183804 0.035758 0.052417
v 0.185520 0.039770 0.040141
v 0.156001 -0.011694 0.063243
v 0.153576 -0.031450 0.051184
v 0.183804 0.013464 0.063243
v 0.185520 0.035075 0.049013
v 0.185520 -0.011543 0.059580
v 0.185520 -0.038001 0.040141
v 0.185520 0.013313 0.059580
v 0.183804 -0.011694 0.063243
v 0.156001 -0.033988 0.052417
v 0.153576 -0.037243 0.040141
v 0.156001 -0.040215 0.040141
v 0.183804 -0.040215 0.040141
v 0.183804 -0.033988 0.052417
v 0.185520 -0.033305 0.049013
v 0.153576 0.039012 -0.032473
v 0.156001 0.035758 -0.044750
v 0.156001 0.041985 -0.032473
v 0.153576 0.033219 -0.043517
v 0.183804 0.041985 -0.032473
v 0.156001 0.013464 -0.055576
v 0.153576 0.012494 -0.053581
v 0.153576 -0.010724 -0.053581
v 0.183804 0.035758 -0.044750
v 0.185520 0.039770 -0.032473
v 0.156001 -0.011694 -0.055576
v 0.153576 -0.031450 -0.043517
v 0.183804 0.013464 -0.055576
v 0.185520 0.035075 -0.041346
v 0.185520 -0.011543 -0.051913
v 0.185520 -0.038001 -0.032473
v 0.185520 0.013313 -0.051913
v 0.183804 -0.011694 -0.055576
v 0.156001 -0.033988 -0.044750
v 0.153576 -0.037243 -0.032473
v 0.156001 -0.040215 -0.032473
v 0.183804 -0.040215 -0.032473
v 0.183804 -0.033988 -0.044750
v 0.185520 -0.033305 -0.041346
v 0.264118 0.037951 -0.092540
v 0.260278 0.037952 -0.091012
v 0.260278 0.038336 -0.096227
v 0.265709 0.037952 -0.096227
v 0.256437 0.037951 -0.092540
v 0.264118 0.037951 -0.099914
v 0.254846 0.037952 -0.096227
v 0.260278 0.037952 -0.101441
v 0.256437 0.037951 -0.099914
v 0.264118 -0.043840 -0.092540
v 0.260278 -0.044224 -0.096227
v 0.260278 -0.043840 -0.091012
v 0.265709 -0.043840 -0.096227
v 0.256437 -0.043840 -0.092540
v 0.264118 -0.043840 -0.099914
v 0.254846 -0.043840 -0.096227
v 0.260278 -0.043840 -0.101441
v 0.256437 -0.043840 -0.099914
v 0.368817 0.160252 -0.010339
v 0.376607 0.150281 -0.019179
v 0.376945 0.150565 -0.015577
v 0.377393 0.150031 -0.015289
v 0.385522 0.140344 -0.010051
v 0.366394 0.162453 -0.012597
v 0.368369 0.160786 -0.010051
v 0.364988 0.164815 0.002647
v 0.386821 0.138109 -0.012597
v 0.385699 0.140132 -0.009384
v 0.389074 0.136110 0.003292
v 0.362164 0.167495 0.003292
v 0.364816 0.165019 0.003292
v 0.368161 0.161033 0.015853
v 0.366394 0.162453 0.019181
v 0.368369 0.160786 0.016634
v 0.391051 0.133068 0.003292
v 0.388911 0.136305 0.003906
v 0.385522 0.140344 0.016634
v 0.386821 0.138109 0.019181
v 0.385031 0.140928 0.016950
v 0.376607 0.150281 0.025762
v 0.376407 0.151206 0.021814
v 0.376945 0.150565 0.022161
v 0.375189 0.149091 -0.022460
v 0.386821 0.138109 -0.012597
v 0.376607 0.150281 -0.019179
v 0.366394 0.162453 -0.012597
v 0.386893 0.135142 -0.014917
v 0.363484 0.163040 -0.014917
v 0.391051 0.133068 0.003292
v 0.391741 0.129364 0.003292
v 0.386893 0.135142 0.021501
v 0.386821 0.138109 0.019181
v 0.362164 0.167495 0.003292
v 0.358636 0.168818 0.003292
v 0.363484 0.163040 0.021501
v 0.366394 0.162453 0.019181
v 0.375189 0.149091 0.029044
v 0.376607 0.150281 0.025762
v -0.047540 -0.011461 -0.022969
v -0.044075 -0.014069 0.003292
v -0.047540 -0.011461 0.003292
v -0.047540 -0.011461 0.029553
v -0.044075 -0.014069 -0.022969
v -0.044075 -0.014069 0.029553
v -0.047540 -0.014069 -0.029408
v -0.158623 -0.011461 -0.022969
v -0.159351 -0.014069 -0.029408
v -0.163002 -0.003501 -0.022969
v -0.163730 -0.006109 -0.029408
v -0.227263 -0.003501 -0.022969
v -0.226729 -0.006109 -0.029408
v -0.234134 -0.011461 -0.022969
v -0.233600 -0.014069 -0.029408
v -0.318010 -0.011461 -0.022969
v -0.318544 -0.014069 -0.029408
v -0.324881 -0.003501 -0.022969
v -0.325415 -0.006109 -0.029408
v -0.387360 -0.003501 -0.022969
v -0.386975 -0.006109 -0.029408
v -0.397557 -0.011461 -0.022969
v -0.397172 -0.014069 -0.029408
v -0.456751 -0.011461 -0.022969
v -0.457152 -0.014069 -0.029408
v -0.470468 0.002925 -0.022969
v -0.470868 0.000317 -0.029408
v -0.620601 0.002925 -0.022969
v -0.620601 0.000317 -0.029408
v -0.623365 0.000317 -0.022969
v -0.620601 0.002925 0.003292
v -0.623365 0.000317 0.003292
v -0.623365 -0.044431 -0.022969
v -0.623365 0.000317 0.029553
v -0.620601 -0.044431 -0.029408
v -0.620601 0.002925 0.029553
v -0.620601 -0.047039 -0.022969
v -0.623365 -0.044431 0.003292
v -0.620601 -0.047039 0.003292
v -0.047540 -0.047039 -0.022969
v -0.620601 -0.047039 0.029553
v -0.047540 -0.044431 -0.029408
v -0.623365 -0.044431 0.029553
v -0.620601 0.000317 0.035991
v -0.470868 0.000317 0.035991
v -0.470468 0.002925 0.029553
v -0.457152 -0.014069 0.035991
v -0.456751 -0.011461 0.029553
v -0.397172 -0.014069 0.035991
v -0.397557 -0.011461 0.029553
v -0.386975 -0.006109 0.035991
v -0.387360 -0.003501 0.029553
v -0.325415 -0.006109 0.035991
v -0.324881 -0.003501 0.029553
v -0.318544 -0.014069 0.035991
v -0.318010 -0.011461 0.029553
v -0.233600 -0.014069 0.035991
v -0.234134 -0.011461 0.029553
v -0.226729 -0.006109 0.035991
v -0.227263 -0.003501 0.029553
v -0.163730 -0.006109 0.035991
v -0.163002 -0.003501 0.029553
v -0.159351 -0.014069 0.035991
v -0.158623 -0.011461 0.029553
v -0.047540 -0.014069 0.035991
v -0.047540 -0.044431 0.035991
v -0.044075 -0.044431 0.029553
v -0.047540 -0.047039 0.029553
v -0.620601 -0.044431 0.035991
v -0.047540 -0.047039 0.003292
v -0.044075 -0.044431 0.003292
v -0.044075 -0.044431 -0.022969
v -0.044075 0.024635 -0.022969
v -0.047540 0.022026 0.003292
v -0.044075 0.024635 0.003292
v -0.044075 0.024635 0.029553
v -0.047540 0.022026 -0.022969
v -0.047540 0.022026 0.029553
v -0.047540 0.024635 -0.029408
v -0.044076 0.062323 -0.022969
v -0.159338 0.024635 -0.029408
v -0.158623 0.022026 -0.022969
v -0.163717 0.015923 -0.029408
v -0.163002 0.013315 -0.022969
v -0.226741 0.015923 -0.029408
v -0.227263 0.013315 -0.022969
v -0.233612 0.024635 -0.029408
v -0.234134 0.022026 -0.022969
v -0.318531 0.024592 -0.029408
v -0.318010 0.021984 -0.022969
v -0.325401 0.015923 -0.029408
v -0.324881 0.013315 -0.022969
v -0.386985 0.015923 -0.029408
v -0.387360 0.013315 -0.022969
v -0.397182 0.024614 -0.029408
v -0.397557 0.022005 -0.022969
v -0.457186 0.024614 -0.029408
v -0.456751 0.022005 -0.022969
v -0.470902 0.012916 -0.029408
v -0.470468 0.010308 -0.022969
v -0.620601 0.012916 -0.029408
v -0.620601 0.010308 -0.022969
v -0.623365 0.012916 -0.022969
v -0.620601 0.058494 -0.029408
v -0.623365 0.012916 0.003292
v -0.620601 0.010308 0.003292
v -0.620601 0.010308 0.029553
v -0.623365 0.058402 -0.022969
v -0.623365 0.012916 0.029553
v -0.620602 0.061104 -0.022969
v -0.208627 0.085040 -0.029408
v -0.620602 0.061104 0.003292
v -0.623365 0.058402 0.003292
v -0.623365 0.058402 0.029553
v -0.209669 0.087584 -0.022969
v -0.620602 0.061104 0.029553
v -0.620601 0.012916 0.035991
v -0.470468 0.010308 0.029553
v -0.470902 0.012916 0.035991
v -0.456751 0.022005 0.029553
v -0.457186 0.024614 0.035991
v -0.397557 0.022005 0.029553
v -0.397182 0.024614 0.035991
v -0.387360 0.013315 0.029553
v -0.386985 0.015923 0.035991
v -0.324881 0.013315 0.029553
v -0.325401 0.015923 0.035991
v -0.318010 0.021984 0.029553
v -0.318531 0.024592 0.035991
v -0.234134 0.022026 0.029553
v -0.233612 0.024635 0.035991
v -0.227263 0.013315 0.029553
v -0.226741 0.015923 0.035991
v -0.163002 0.013315 0.029553
v -0.163717 0.015923 0.035991
v -0.158623 0.022026 0.029553
v -0.159338 0.024635 0.035991
v -0.047540 0.024635 0.035991
v -0.044076 0.062323 0.029553
v -0.047540 0.062323 0.035991
v -0.047540 0.064931 0.029553
v -0.044075 0.062323 0.003292
v -0.047540 0.064931 0.003292
v -0.187730 0.064931 0.029553
v -0.047540 0.064931 -0.022969
v -0.189646 0.062323 0.035991
v -0.047540 0.062323 -0.029408
v -0.187730 0.064931 -0.022969
v -0.189646 0.062323 -0.029408
v -0.190415 0.066388 0.029553
v -0.187730 0.064931 0.003292
v -0.190415 0.066388 0.003292
v -0.206985 0.086220 0.029553
v -0.190415 0.066388 -0.022969
v -0.206985 0.086220 -0.022969
v -0.206985 0.086220 0.003292
v -0.209669 0.087584 0.003292
v -0.209669 0.087584 0.029553
v -0.208627 0.085040 0.035991
v -0.620601 0.058494 0.035991
v -0.002375 0.066838 -0.007678
v 0.000132 0.062496 -0.007678
v 0.002639 0.066838 -0.007678
v 0.000132 0.071181 -0.007678
v 0.005146 0.062496 -0.007678
v 0.005146 0.071181 -0.007678
v 0.007653 0.066838 -0.007678
v 0.000132 0.071181 0.014262
v 0.005146 0.071181 0.014262
v 0.002639 0.066838 0.014262
v -0.002375 0.066838 0.014262
v 0.007653 0.066838 0.014262
v 0.000132 0.062496 0.014262
v 0.005146 0.062496 0.014262
v 0.061724 -0.059096 -0.007678
v 0.064231 -0.063438 -0.007678
v 0.066738 -0.059096 -0.007678
v 0.064231 -0.054754 -0.007678
v 0.069245 -0.063438 -0.007678
v 0.069245 -0.054754 -0.007678
v 0.071752 -0.059096 -0.007678
v 0.064231 -0.054754 0.014262
v 0.069245 -0.054754 0.014262
v 0.066738 -0.059096 0.014262
v 0.061724 -0.059096 0.014262
v 0.071752 -0.059096 0.014262
v 0.064231 -0.063438 0.014262
v 0.069245 -0.063438 0.014262
v 0.265176 0.037005 -0.091524
v 0.260278 0.037952 -0.091012
v 0.264118 0.037951 -0.092540
v 0.265709 0.037952 -0.096227
v 0.260278 0.037005 -0.089576
v 0.267205 0.037005 -0.096227
v 0.255130 0.037005 -0.092103
v 0.256437 0.037951 -0.092540
v 0.265176 0.037005 -0.100930
v 0.264118 0.037951 -0.099914
v 0.254846 0.037952 -0.096227
v 0.253351 0.037005 -0.096227
v 0.260278 0.037952 -0.101441
v 0.260278 0.037005 -0.102877
v 0.255130 0.037005 -0.100351
v 0.256437 0.037951 -0.099914
v 0.253351 -0.002944 -0.096227
v 0.255130 0.028588 -0.100351
v 0.253351 0.028588 -0.096227
v 0.255130 0.028588 -0.092103
v 0.255130 -0.002944 -0.100351
v 0.260278 0.028588 -0.102877
v 0.255130 -0.002944 -0.092103
v 0.260278 0.028588 -0.089576
v 0.260278 -0.002944 -0.102877
v 0.265176 0.028588 -0.100930
v 0.260278 -0.002944 -0.089576
v 0.265176 0.028588 -0.091524
v 0.265176 -0.002944 -0.100930
v 0.267205 0.028588 -0.096227
v 0.265176 -0.002944 -0.091524
v 0.267205 -0.002944 -0.096227
v 0.267205 -0.034476 -0.096227
v 0.265176 -0.034476 -0.100930
v 0.265176 -0.034476 -0.091524
v 0.260278 -0.034476 -0.102877
v 0.260278 -0.034476 -0.089576
v 0.255130 -0.034476 -0.100351
v 0.255130 -0.034476 -0.092103
v 0.253351 -0.034476 -0.096227
v 0.265176 -0.042893 -0.100930
v 0.265709 -0.043840 -0.096227
v 0.267205 -0.042893 -0.096227
v 0.265176 -0.042893 -0.091524
v 0.264118 -0.043840 -0.099914
v 0.264118 -0.043840 -0.092540
v 0.260278 -0.043840 -0.101441
v 0.260278 -0.042893 -0.102877
v 0.260278 -0.043840 -0.091012
v 0.260278 -0.042893 -0.089576
v 0.255130 -0.042893 -0.100351
v 0.256437 -0.043840 -0.099914
v 0.255130 -0.042893 -0.092103
v 0.256437 -0.043840 -0.092540
v 0.254846 -0.043840 -0.096227
v 0.253351 -0.042893 -0.096227
v 0.363484 0.163040 0.021501
v 0.351485 0.165717 0.003292
v 0.358636 0.168818 0.003292
v 0.363484 0.163040 -0.014917
v 0.356751 0.159441 0.023072
v 0.356751 0.159441 -0.016488
v 0.369466 0.144288 0.031265
v 0.375189 0.149091 0.029044
v 0.369466 0.144288 -0.024681
v 0.375189 0.149091 -0.022460
v 0.386893 0.135142 0.021501
v 0.382180 0.129136 0.023072
v 0.386893 0.135142 -0.014917
v 0.382180 0.129136 -0.016488
v 0.387446 0.122860 0.003292
v 0.391741 0.129364 0.003292
v 0.397857 -0.037945 0.063083
v 0.390421 0.005129 0.063083
v 0.415716 -0.031602 0.063083
v 0.417329 -0.049618 0.063083
v 0.378126 -0.009295 0.063083
v 0.400620 -0.072623 0.063083
v 0.350149 0.024290 0.063083
v 0.419258 -0.076059 0.063083
v 0.346713 0.005652 0.063083
v 0.385673 -0.104036 0.063083
v 0.305692 0.020749 0.063083
v 0.400096 -0.116331 0.063083
v 0.312036 0.002890 0.063083
v 0.357022 -0.123767 0.063083
v 0.268962 -0.004547 0.063083
v 0.363366 -0.141626 0.063083
v 0.283385 -0.016842 0.063083
v 0.322345 -0.126529 0.063083
v 0.249800 -0.044818 0.063083
v 0.318909 -0.145167 0.063083
v 0.268439 -0.048254 0.063083
v 0.290932 -0.111583 0.063083
v 0.253341 -0.089275 0.063083
v 0.278637 -0.126006 0.063083
v 0.271201 -0.082932 0.063083
v 0.390421 0.005129 -0.056499
v 0.397857 -0.037945 -0.056499
v 0.415716 -0.031602 -0.056499
v 0.417329 -0.049618 -0.056499
v 0.378126 -0.009295 -0.056499
v 0.400620 -0.072623 -0.056499
v 0.350149 0.024290 -0.056499
v 0.419258 -0.076059 -0.056499
v 0.346713 0.005652 -0.056499
v 0.385673 -0.104036 -0.056499
v 0.305692 0.020749 -0.056499
v 0.400096 -0.116331 -0.056499
v 0.312036 0.002890 -0.056499
v 0.357022 -0.123767 -0.056499
v 0.268962 -0.004547 -0.056499
v 0.363366 -0.141626 -0.056499
v 0.283385 -0.016842 -0.056499
v 0.322345 -0.126529 -0.056499
v 0.249800 -0.044818 -0.056499
v 0.318909 -0.145167 -0.056499
v 0.268439 -0.048254 -0.056499
v 0.290932 -0.111583 -0.056499
v 0.253341 -0.089275 -0.056499
v 0.278637 -0.126006 -0.056499
v 0.271201 -0.082932 -0.056499
v -0.047540 0.022026 -0.022969
v -0.158623 0.022026 0.003292
v -0.047540 0.022026 0.003292
v -0.047540 0.022026 0.029553
v -0.158623 0.022026 -0.022969
v -0.158623 0.022026 0.029553
v -0.163002 0.013315 0.003292
v -0.163002 0.013315 -0.022969
v -0.163002 0.013315 0.029553
v -0.227263 0.013315 0.003292
v -0.227263 0.013315 -0.022969
v -0.227263 0.013315 0.029553
v -0.234134 0.022026 0.003292
v -0.234134 0.022026 -0.022969
v -0.234134 0.022026 0.029553
v -0.318010 0.021984 0.003292
v -0.318010 0.021984 -0.022969
v -0.324881 0.013315 0.003292
v -0.318010 0.021984 0.029553
v -0.324881 0.013315 -0.022969
v -0.324881 0.013315 0.029553
v -0.387360 0.013315 -0.022969
v -0.387360 0.013315 0.029553
v -0.387360 0.013315 0.003292
v -0.397557 0.022005 0.003292
v -0.397557 0.022005 -0.022969
v -0.397557 0.022005 0.029553
v -0.456751 0.022005 0.003292
v -0.456751 0.022005 -0.022969
v -0.470468 0.010308 0.003292
v -0.456751 0.022005 0.029553
v -0.470468 0.010308 -0.022969
v -0.470468 0.010308 0.029553
v -0.620601 0.010308 -0.022969
v -0.620601 0.010308 0.029553
v -0.620601 0.010308 0.003292
v 0.468261 -0.130335 0.023043
v 0.468261 -0.130335 -0.016459
v 0.410343 -0.150320 0.003292
v 0.432435 -0.142715 0.042170
v 0.432435 -0.142715 -0.035586
v 0.371893 -0.163635 0.048798
v 0.371893 -0.163635 -0.042214
v 0.338786 -0.175353 0.029996
v 0.338786 -0.175353 -0.023412
v -0.619199 -0.039987 0.032820
v -0.613088 -0.036778 0.032820
v -0.618391 -0.042081 0.032820
v -0.618275 -0.038196 0.032820
v -0.616297 -0.042889 0.032820
v -0.611671 -0.031591 0.032820
v -0.614506 -0.041965 0.032820
v -0.609879 -0.030668 0.032820
v -0.607901 -0.035361 0.032820
v -0.607786 -0.031476 0.032820
v -0.606978 -0.033569 0.032820
v -0.611671 -0.031591 -0.033644
v -0.613088 -0.036778 -0.033644
v -0.609879 -0.030668 -0.033644
v -0.618275 -0.038196 -0.033644
v -0.607786 -0.031476 -0.033644
v -0.619199 -0.039987 -0.033644
v -0.606978 -0.033569 -0.033644
v -0.618391 -0.042081 -0.033644
v -0.607901 -0.035361 -0.033644
v -0.616297 -0.042889 -0.033644
v -0.614506 -0.041965 -0.033644
v -0.614594 0.056005 0.036443
v -0.611385 0.049894 0.036443
v -0.616687 0.055197 0.036443
v -0.612802 0.055081 0.036443
v -0.617495 0.053103 0.036443
v -0.606198 0.048477 0.036443
v -0.616572 0.051312 0.036443
v -0.605274 0.046685 0.036443
v -0.609968 0.044707 0.036443
v -0.606083 0.044592 0.036443
v -0.608176 0.043784 0.036443
v -0.606198 0.048477 -0.029859
v -0.611385 0.049894 -0.029859
v -0.605274 0.046685 -0.029859
v -0.612802 0.055081 -0.029859
v -0.606083 0.044592 -0.029859
v -0.614594 0.056005 -0.029859
v -0.608176 0.043784 -0.029859
v -0.616687 0.055197 -0.029859
v -0.609968 0.044707 -0.029859
v -0.617495 0.053103 -0.029859
v -0.616572 0.051312 -0.029859
v 0.189603 -0.078414 -0.016510
v 0.119126 -0.078414 0.023094
v 0.189603 -0.078414 0.023094
v 0.189603 -0.049726 0.023094
v 0.119126 -0.078414 -0.016510
v 0.189603 -0.049726 -0.016510
v 0.112304 -0.067447 0.023094
v 0.112304 -0.067447 -0.016510
v 0.062047 -0.067447 0.023094
v 0.062047 -0.067447 -0.016510
v 0.005359 -0.067447 0.023094
v 0.055289 -0.078414 0.023094
v -0.120067 -0.049726 -0.016510
v 0.005359 -0.067447 -0.016510
v 0.055289 -0.078414 -0.016510
v 0.012117 -0.078414 0.023094
v 0.012117 -0.078414 -0.016510
v -0.103513 -0.067447 0.023094
v -0.120067 -0.049726 0.023094
v -0.103513 -0.067447 -0.016510
v 0.110301 -0.126031 0.034599
v 0.100949 -0.126030 0.034593
v 0.104298 -0.126030 0.038356
v 0.110301 -0.126031 0.041904
v 0.098512 -0.126030 0.035477
v 0.100955 -0.126030 0.041888
v 0.097268 -0.126031 0.038356
v 0.098513 -0.126030 0.041106
v 0.098513 -0.126030 -0.034522
v 0.097268 -0.126031 -0.031772
v 0.104298 -0.126030 -0.031772
v 0.100955 -0.126030 -0.035305
v 0.098512 -0.126030 -0.028893
v 0.110301 -0.126031 -0.035320
v 0.100949 -0.126030 -0.028009
v 0.110301 -0.126031 -0.028015
v 0.322345 -0.126529 -0.056499
v 0.357022 -0.123767 0.063083
v 0.357022 -0.123767 -0.056499
v 0.322345 -0.126529 0.063083
v 0.385673 -0.104036 0.063083
v 0.290932 -0.111583 -0.056499
v 0.385673 -0.104036 -0.056499
v 0.290932 -0.111583 0.063083
v 0.400620 -0.072623 0.063083
v 0.271201 -0.082932 -0.056499
v 0.400620 -0.072623 -0.056499
v 0.271201 -0.082932 0.063083
v 0.397857 -0.037945 0.063083
v 0.268439 -0.048254 -0.056499
v 0.397857 -0.037945 -0.056499
v 0.268439 -0.048254 0.063083
v 0.378126 -0.009295 0.063083
v 0.283385 -0.016842 -0.056499
v 0.378126 -0.009295 -0.056499
v 0.283385 -0.016842 0.063083
v 0.346713 0.005652 0.063083
v 0.312036 0.002890 -0.056499
v 0.346713 0.005652 -0.056499
v 0.312036 0.002890 0.063083
v 0.400620 -0.072623 -0.056499
v 0.385673 -0.104036 0.063083
v 0.385673 -0.104036 -0.056499
v 0.400620 -0.072623 0.063083
v 0.357022 -0.123767 0.063083
v 0.397857 -0.037945 -0.056499
v 0.357022 -0.123767 -0.056499
v 0.397857 -0.037945 0.063083
v 0.322345 -0.126529 0.063083
v 0.378126 -0.009295 -0.056499
v 0.322345 -0.126529 -0.056499
v 0.378126 -0.009295 0.063083
v 0.290932 -0.111583 0.063083
v 0.346713 0.005652 -0.056499
v 0.290932 -0.111583 -0.056499
v 0.346713 0.005652 0.063083
v 0.271201 -0.082932 0.063083
v 0.312036 0.002890 -0.056499
v 0.271201 -0.082932 -0.056499
v 0.312036 0.002890 0.063083
v 0.268439 -0.048254 0.063083
v 0.283385 -0.016842 -0.056499
v 0.268439 -0.048254 -0.056499
v 0.283385 -0.016842 0.063083
v 0.221565 -0.044242 -0.092321
v 0.284858 -0.044087 -0.088024
v 0.221693 -0.044087 -0.088024
v 0.284986 -0.044242 -0.092321
v 0.219014 -0.041690 -0.092320
v 0.287409 -0.041535 -0.088024
v 0.219142 -0.041535 -0.088024
v 0.287538 -0.041690 -0.092320
v 0.219014 0.035482 -0.092320
v 0.287409 0.035649 -0.088024
v 0.219142 0.035329 -0.088024
v 0.287538 0.035804 -0.092320
v 0.221565 0.038047 -0.092321
v 0.284858 0.038189 -0.088024
v 0.221693 0.037893 -0.088024
v 0.284986 0.038344 -0.092321
v 0.545317 -0.092304 0.052167
v 0.561444 -0.047915 0.045540
v 0.564382 -0.049442 0.049653
v 0.565749 -0.046366 0.048349
v 0.621301 -0.049600 0.043293
v 0.544084 -0.087542 0.048257
v 0.567732 -0.034452 0.034780
v 0.540302 -0.090668 0.048660
v 0.544084 -0.087542 -0.041674
v 0.480978 -0.108291 0.058195
v 0.540302 -0.090668 -0.042076
v 0.481421 -0.111342 0.062208
v 0.545317 -0.092304 -0.045584
v 0.480978 -0.108291 -0.051612
v 0.561444 -0.047915 -0.038956
v 0.564382 -0.049442 -0.043069
v 0.481421 -0.111342 -0.055624
v 0.565749 -0.046366 -0.041766
v 0.621301 -0.049600 -0.036709
v 0.567732 -0.034452 -0.028197
v 0.478049 -0.110871 0.058490
v 0.478048 -0.110871 -0.051907
v 0.472129 -0.126939 0.058764
v 0.472129 -0.126939 -0.052180
v 0.475456 -0.127276 0.062594
v 0.475456 -0.127276 -0.056011
v 0.474630 -0.129660 0.058566
v 0.474630 -0.129660 -0.051983
v 0.502239 -0.135420 0.055717
v 0.502239 -0.135420 -0.049133
v 0.503616 -0.133146 0.059657
v 0.503616 -0.133146 -0.053073
v 0.504891 -0.135420 0.055493
v 0.504891 -0.135420 -0.048909
v 0.614313 -0.108389 0.040457
v 0.614313 -0.108389 -0.033873
v 0.613605 -0.106041 0.044074
v 0.613605 -0.106041 -0.037491
v 0.616520 -0.106528 0.040188
v 0.616520 -0.106528 -0.033604
v 0.624277 -0.049571 0.040051
v 0.624277 -0.049571 -0.033468
v 0.620737 -0.046354 -0.035720
v 0.623849 -0.046630 -0.032729
v 0.617517 -0.034439 -0.025646
v 0.623849 -0.046630 0.039313
v 0.614572 -0.034436 -0.028352
v 0.620737 -0.046354 0.042304
v 0.617517 -0.034439 0.032229
v 0.614572 -0.034436 0.034936
v 0.613105 -0.031657 0.031851
v 0.571049 -0.034436 0.038814
v 0.613105 -0.031657 -0.025267
v 0.570967 -0.031578 0.035477
v 0.571049 -0.034436 -0.032231
v 0.570967 -0.031578 -0.028894
v -0.028312 0.077401 0.055909
v -0.063577 0.081017 0.057068
v -0.027673 0.081017 0.058877
v -0.064207 0.077401 0.054097
v -0.075641 0.096285 0.055890
v -0.014272 0.060000 0.057495
v -0.011606 0.061105 0.060944
v -0.079063 0.096112 0.052716
v -0.085224 0.108413 0.048970
v -0.014272 0.060000 -0.050911
v -0.010861 0.058104 0.057884
v 0.053702 0.058104 0.059686
v -0.010861 0.058104 -0.051300
v 0.054877 0.061105 0.063043
v -0.028312 0.077401 -0.049325
v -0.011606 0.061105 -0.054361
v 0.053702 0.058104 -0.053102
v -0.027673 0.081017 -0.052293
v -0.063577 0.081017 -0.050484
v 0.054877 0.061105 -0.056459
v -0.064207 0.077401 -0.047514
v -0.075641 0.096285 -0.049306
v -0.079063 0.096112 -0.046132
v -0.085224 0.108413 -0.042386
v 0.056794 0.059773 -0.053100
v 0.056794 0.059773 0.059684
v 0.077991 0.084979 -0.053092
v 0.077991 0.084979 0.059675
v 0.078883 0.089652 -0.056306
v 0.078883 0.089652 0.062889
v -0.088546 0.108056 0.045849
v 0.081083 0.086641 -0.053091
v 0.081083 0.086641 0.059674
v 0.130226 0.086424 -0.053081
v 0.130226 0.086424 0.059665
v 0.126658 0.089441 -0.056157
v 0.126658 0.089441 0.062741
v -0.088546 0.108056 -0.039265
v -0.086374 0.111296 0.046065
v -0.086374 0.111296 -0.039482
v 0.046828 0.125609 0.049905
v 0.046828 0.125609 -0.043321
v 0.048108 0.122739 0.053314
v 0.048108 0.122739 -0.046730
v 0.049976 0.124287 0.050232
v 0.068321 0.101956 0.057438
v 0.049976 0.124287 -0.043648
v 0.068321 0.101956 -0.050854
v 0.067312 0.106460 0.054168
v 0.067312 0.106460 -0.047584
v 0.070463 0.104957 0.054167
v 0.116871 0.101956 0.057247
v 0.070463 0.104957 -0.047583
v 0.116871 0.101956 -0.050663
v 0.115726 0.104957 0.054155
v 0.115726 0.104957 -0.047572
v 0.118786 0.103204 0.054155
v 0.130544 0.088169 0.059665
v 0.118786 0.103204 -0.047571
v 0.130544 0.088169 -0.053081
v -0.028951 0.073784 0.058717
v -0.064207 0.077401 0.054097
v -0.028312 0.077401 0.055909
v -0.064836 0.073784 0.056936
v -0.016937 0.058894 0.060280
v -0.079063 0.096112 0.052716
v -0.082549 0.096008 0.055178
v -0.088546 0.108056 0.045849
v -0.091868 0.107699 0.048268
v -0.093639 0.110516 0.045509
v -0.270405 0.088516 0.038678
v -0.088546 0.108056 -0.039265
v -0.079063 0.096112 -0.046132
v -0.064207 0.077401 -0.047514
v -0.273129 0.091230 0.036052
v -0.093639 0.110516 -0.038925
v -0.082549 0.096008 -0.048594
v -0.091868 0.107699 -0.041685
v -0.064836 0.073784 -0.050352
v -0.270405 0.088516 -0.032094
v -0.028951 0.073784 -0.052133
v -0.273129 0.091230 -0.029468
v -0.028312 0.077401 -0.049325
v -0.016937 0.058894 -0.053696
v -0.273267 0.088156 -0.029462
v -0.273267 0.088156 0.036046
v -0.247270 0.051003 -0.032024
v -0.247269 0.051003 0.038608
v -0.244980 0.051561 -0.034580
v -0.244980 0.051561 0.041164
v -0.014272 0.060000 0.057495
v -0.243562 0.048560 -0.032269
v -0.243562 0.048560 0.038853
v -0.109052 0.048560 -0.043903
v -0.109052 0.048560 0.050487
v -0.106904 0.051561 -0.046799
v -0.106904 0.051561 0.053383
v -0.014272 0.060000 -0.050911
v -0.016220 0.056100 0.057233
v -0.016220 0.056100 -0.050649
v -0.040900 0.025360 0.056431
v -0.040900 0.025360 -0.049847
v -0.042815 0.026638 0.059037
v -0.042815 0.026638 -0.052453
v -0.043971 0.023637 0.056097
v -0.083030 0.026638 0.055184
v -0.043971 0.023637 -0.049513
v -0.083030 0.026638 -0.048600
v -0.081801 0.023637 0.052511
v -0.081801 0.023637 -0.045927
v -0.084946 0.025157 0.052201
v -0.105908 0.047040 0.050831
v -0.084946 0.025157 -0.045617
v -0.105908 0.047040 -0.044247
v 0.086036 -0.086029 0.059670
v 0.108423 -0.107725 0.061841
v 0.083762 -0.088193 0.063031
v 0.079587 -0.059934 0.059670
v 0.076775 -0.059934 0.063031
v 0.075179 -0.056932 0.059669
v 0.079587 -0.059934 -0.053086
v 0.008502 -0.056932 0.058010
v 0.075179 -0.056932 -0.053086
v 0.004897 -0.059934 0.061360
v 0.004887 -0.055556 0.058494
v 0.008502 -0.056932 -0.051426
v 0.001102 -0.050240 0.058059
v -0.000805 -0.051294 0.061135
v 0.004887 -0.055556 -0.051910
v -0.001871 -0.048548 0.057914
v 0.001102 -0.050240 -0.051475
v -0.025679 -0.051294 0.060053
v 0.076774 -0.059934 -0.056447
v 0.004897 -0.059934 -0.054776
v 0.083762 -0.088193 -0.056447
v -0.000805 -0.051294 -0.054551
v -0.001871 -0.048548 -0.051331
v -0.025679 -0.051294 -0.053469
v -0.025268 -0.048548 -0.050375
v -0.025268 -0.048548 0.056959
v 0.086036 -0.086029 -0.053086
v 0.108423 -0.107725 -0.055257
v -0.027824 -0.050423 -0.050129
v -0.054981 -0.076206 -0.052259
v -0.027824 -0.050423 0.056713
v -0.054981 -0.076206 0.058843
v -0.055291 -0.073775 -0.049208
v -0.066246 -0.076181 -0.050280
v -0.055291 -0.073775 0.055792
v -0.066246 -0.076181 0.056863
v -0.068167 -0.073787 -0.047047
v -0.074794 -0.088554 -0.043377
v -0.068167 -0.073787 0.053631
v -0.074794 -0.088554 0.049961
v -0.077595 -0.087401 -0.040233
v -0.077595 -0.087401 0.046817
v -0.075278 -0.091436 0.046850
v 0.008028 -0.125725 0.049633
v -0.075278 -0.091436 -0.040266
v 0.007814 -0.122724 0.052994
v 0.008028 -0.125725 -0.043049
v 0.007813 -0.122724 -0.046410
v 0.110301 -0.125725 0.054310
v 0.110301 -0.125725 -0.047726
v 0.109721 -0.122724 0.057461
v 0.109721 -0.122724 -0.050877
v 0.113199 -0.123468 0.054309
v 0.113199 -0.123468 -0.047725
v 0.111792 -0.105231 -0.053083
v 0.111792 -0.105231 0.059667
v 0.232737 0.039216 -0.097578
v 0.230987 0.027087 -0.097578
v 0.232737 0.027087 -0.097578
v 0.230987 0.039216 -0.097578
v 0.233612 0.039216 -0.096063
v 0.230112 0.027087 -0.096063
v 0.233612 0.027087 -0.096063
v 0.230112 0.039216 -0.096063
v 0.232737 0.039216 -0.094547
v 0.230987 0.027087 -0.094547
v 0.232737 0.027087 -0.094547
v 0.230987 0.039216 -0.094547
v 0.230987 -0.032975 -0.097578
v 0.232737 -0.045104 -0.097578
v 0.232737 -0.032975 -0.097578
v 0.230987 -0.045104 -0.097578
v 0.233612 -0.045104 -0.096063
v 0.230112 -0.032975 -0.096063
v 0.233612 -0.032975 -0.096063
v 0.230112 -0.045104 -0.096063
v 0.232737 -0.045104 -0.094547
v 0.230987 -0.032975 -0.094547
v 0.232737 -0.032975 -0.094547
v 0.230987 -0.045104 -0.094547
v 0.379186 -0.044577 0.071982
v 0.378126 -0.009295 0.063083
v 0.397857 -0.037945 0.063083
v 0.365272 -0.024374 0.071982
v 0.381134 -0.069031 0.071982
v 0.346713 0.005652 0.063083
v 0.400620 -0.072623 0.063083
v 0.343121 -0.013834 0.071982
v 0.370594 -0.091182 0.071982
v 0.312036 0.002890 0.063083
v 0.385673 -0.104036 0.063083
v 0.318667 -0.015782 0.071982
v 0.350391 -0.105096 0.071982
v 0.283385 -0.016842 0.063083
v 0.357022 -0.123767 0.063083
v 0.298464 -0.029695 0.071982
v 0.325937 -0.107044 0.071982
v 0.268439 -0.048254 0.063083
v 0.322345 -0.126529 0.063083
v 0.287924 -0.051847 0.071982
v 0.303786 -0.096504 0.071982
v 0.271201 -0.082932 0.063083
v 0.290932 -0.111583 0.063083
v 0.289872 -0.076300 0.071982
v 0.378126 -0.009295 -0.056499
v 0.379186 -0.044577 -0.065398
v 0.397857 -0.037945 -0.056499
v 0.365272 -0.024374 -0.065398
v 0.381134 -0.069031 -0.065398
v 0.346713 0.005652 -0.056499
v 0.400620 -0.072623 -0.056499
v 0.343121 -0.013834 -0.065398
v 0.370594 -0.091182 -0.065398
v 0.312036 0.002890 -0.056499
v 0.385673 -0.104036 -0.056499
v 0.318667 -0.015782 -0.065398
v 0.350391 -0.105096 -0.065398
v 0.283385 -0.016842 -0.056499
v 0.357022 -0.123767 -0.056499
v 0.298464 -0.029695 -0.065398
v 0.325937 -0.107044 -0.065398
v 0.268439 -0.048254 -0.056499
v 0.322345 -0.126529 -0.056499
v 0.287924 -0.051847 -0.065398
v 0.303786 -0.096504 -0.065398
v 0.271201 -0.082932 -0.056499
v 0.290932 -0.111583 -0.056499
v 0.289872 -0.076300 -0.065398
v 0.427360 -0.140839 0.046476
v 0.423661 -0.090396 0.040770
v 0.440306 -0.136128 0.040770
v 0.410716 -0.095108 0.046476
v 0.429023 -0.088444 0.026994
v 0.414415 -0.145551 0.040770
v 0.445668 -0.134176 0.026994
v 0.397770 -0.099819 0.040770
v 0.423661 -0.090396 0.013218
v 0.409053 -0.147503 0.026994
v 0.440306 -0.136127 0.013218
v 0.392408 -0.101771 0.026994
v 0.410716 -0.095108 0.007511
v 0.414415 -0.145551 0.013218
v 0.427360 -0.140839 0.007511
v 0.397770 -0.099820 0.013218
v 0.423661 -0.090396 -0.034186
v 0.427360 -0.140839 -0.039893
v 0.440306 -0.136127 -0.034186
v 0.410716 -0.095108 -0.039893
v 0.429023 -0.088444 -0.020410
v 0.414415 -0.145551 -0.034186
v 0.445668 -0.134176 -0.020410
v 0.397770 -0.099819 -0.034186
v 0.423661 -0.090396 -0.006634
v 0.409053 -0.147503 -0.020410
v 0.440306 -0.136127 -0.006634
v 0.392408 -0.101771 -0.020410
v 0.410716 -0.095108 -0.000928
v 0.414415 -0.145551 -0.006634
v 0.427360 -0.140839 -0.000928
v 0.397770 -0.099820 -0.006634
v 0.363344 -0.163932 0.026710
v 0.352061 -0.116249 0.040486
v 0.368706 -0.161980 0.040486
v 0.346699 -0.118201 0.026710
v 0.365006 -0.111537 0.046192
v 0.368706 -0.161980 0.012933
v 0.381651 -0.157269 0.046192
v 0.352061 -0.116249 0.012933
v 0.377952 -0.106825 0.040486
v 0.381651 -0.157269 0.007227
v 0.394597 -0.152557 0.040486
v 0.365006 -0.111537 0.007227
v 0.383314 -0.104874 0.026710
v 0.394597 -0.152557 0.012933
v 0.399959 -0.150605 0.026710
v 0.377952 -0.106825 0.012933
v 0.352061 -0.116249 -0.033902
v 0.363344 -0.163932 -0.020126
v 0.368706 -0.161980 -0.033902
v 0.346699 -0.118201 -0.020126
v 0.365006 -0.111537 -0.039608
v 0.368706 -0.161980 -0.006349
v 0.381651 -0.157269 -0.039608
v 0.352061 -0.116249 -0.006349
v 0.377952 -0.106825 -0.033902
v 0.381651 -0.157269 -0.000643
v 0.394597 -0.152557 -0.033902
v 0.365006 -0.111537 -0.000643
v 0.383314 -0.104874 -0.020126
v 0.394597 -0.152557 -0.006349
v 0.399959 -0.150605 -0.020126
v 0.377952 -0.106825 -0.006349
v -0.005742 -0.027099 -0.041715
v 0.034123 -0.035458 -0.041715
v 0.034123 -0.027099 -0.041715
v -0.005742 -0.035458 -0.041715
v 0.034123 -0.036159 -0.040170
v -0.005742 -0.036159 -0.040170
v 0.034123 -0.036159 -0.035503
v -0.005742 -0.036159 -0.035503
v 0.034123 -0.035458 -0.033959
v -0.005742 -0.035458 -0.033959
v 0.034123 -0.027099 -0.033959
v -0.005742 -0.026399 -0.040170
v 0.034123 -0.026399 -0.040170
v -0.005742 -0.026399 -0.035503
v 0.034123 -0.026399 -0.035503
v -0.005742 -0.027099 -0.033959
v 0.005146 0.071181 -0.007678
v 0.000132 0.071181 0.014262
v 0.000132 0.071181 -0.007678
v 0.005146 0.071181 0.014262
v -0.002375 0.066838 0.014262
v 0.007653 0.066838 -0.007678
v -0.002375 0.066838 -0.007678
v 0.007653 0.066838 0.014262
v 0.000132 0.062496 0.014262
v 0.005146 0.062496 -0.007678
v 0.000132 0.062496 -0.007678
v 0.005146 0.062496 0.014262
v 0.069245 -0.054754 -0.007678
v 0.064231 -0.054754 0.014262
v 0.064231 -0.054754 -0.007678
v 0.069245 -0.054754 0.014262
v 0.061724 -0.059096 0.014262
v 0.071752 -0.059096 -0.007678
v 0.061724 -0.059096 -0.007678
v 0.071752 -0.059096 0.014262
v 0.064231 -0.063438 0.014262
v 0.069245 -0.063438 -0.007678
v 0.064231 -0.063438 -0.007678
v 0.069245 -0.063438 0.014262
v -0.136197 0.016960 0.012221
v -0.136197 0.014900 0.013074
v -0.150512 0.016960 0.012221
v -0.136197 0.021453 0.001375
v -0.120133 0.006152 0.016698
v -0.150512 0.004038 0.017573
v -0.136197 0.004038 0.017573
v -0.120133 0.004038 0.017573
v -0.136197 0.001923 0.016697
v -0.120133 -0.006827 0.013073
v -0.106120 0.006152 0.016698
v -0.106120 0.004038 0.017573
v -0.106120 0.016960 0.012221
v -0.120133 0.016960 0.012221
v -0.090056 0.014900 0.013074
v -0.106120 -0.006848 0.013064
v -0.090056 0.016960 0.012221
v -0.120133 -0.008885 0.012221
v -0.106120 0.017853 0.010066
v -0.090056 0.021391 0.001523
v -0.106120 -0.008885 0.012221
v -0.120133 -0.013271 0.001632
v -0.090056 0.001853 0.016669
v -0.090056 0.004038 0.017573
v -0.106120 -0.013300 0.001560
v -0.120133 0.017871 0.010021
v -0.090056 0.022313 -0.000702
v -0.106120 0.022313 -0.000702
v -0.136197 0.022313 -0.000702
v -0.120133 0.022313 -0.000702
v -0.150512 0.022313 -0.000702
v -0.136197 0.017666 -0.011918
v -0.106120 0.021533 -0.002584
v -0.090056 0.017791 -0.011619
v -0.120133 0.021495 -0.002675
v -0.090056 0.016960 -0.013624
v -0.106120 0.016960 -0.013624
v -0.136197 0.016960 -0.013624
v -0.120133 0.016960 -0.013624
v -0.150512 0.016960 -0.013624
v -0.136197 0.005928 -0.018194
v -0.106120 0.014912 -0.014472
v -0.090056 0.005928 -0.018194
v -0.120133 0.014912 -0.014472
v -0.090056 0.004038 -0.018977
v -0.106120 0.004038 -0.018977
v -0.136197 0.004038 -0.018977
v -0.120133 0.004038 -0.018977
v -0.150512 0.004038 -0.018977
v -0.136197 -0.006989 -0.014409
v -0.106120 0.001984 -0.018126
v -0.090056 -0.006989 -0.014409
v -0.120133 0.001984 -0.018126
v -0.090056 -0.008885 -0.013624
v -0.106120 -0.008885 -0.013624
v -0.136197 -0.008885 -0.013624
v -0.120133 -0.008885 -0.013624
v -0.150512 -0.008885 -0.013624
v -0.136197 -0.013415 -0.002688
v -0.106120 -0.009861 -0.011268
v -0.090056 -0.013415 -0.002688
v -0.120133 -0.009861 -0.011268
v -0.090056 -0.014237 -0.000702
v -0.106120 -0.014237 -0.000702
v -0.136197 -0.014237 -0.000702
v -0.120133 -0.014237 -0.000702
v -0.150512 -0.014237 -0.000702
v -0.136197 -0.009739 0.010158
v -0.090056 -0.009836 0.009923
v -0.136197 -0.008885 0.012221
v -0.090056 -0.008885 0.012221
v -0.150512 -0.008885 0.012221
v -0.076043 -0.009866 0.009852
v -0.155243 -0.010847 -0.000702
v -0.155243 -0.006487 0.009823
v -0.155243 0.004038 0.014183
v -0.155243 -0.006487 -0.011226
v -0.155243 0.004038 -0.015586
v -0.155243 0.014563 0.009823
v -0.155243 0.018922 -0.000702
v -0.155243 0.014563 -0.011226
v -0.076043 -0.013415 -0.002688
v -0.076043 -0.014237 -0.000702
v -0.059979 -0.009861 -0.011268
v -0.076043 -0.008885 -0.013624
v -0.059979 -0.008885 -0.013624
v -0.076043 -0.006989 -0.014409
v -0.059979 0.001984 -0.018126
v -0.076043 0.004038 -0.018977
v -0.059979 0.004038 -0.018977
v -0.076043 0.005928 -0.018194
v -0.059979 0.014912 -0.014472
v -0.076043 0.016960 -0.013624
v -0.059979 0.016960 -0.013624
v -0.076043 0.017828 -0.011528
v -0.059979 0.021657 -0.002284
v -0.076043 0.022313 -0.000702
v -0.059979 0.022313 -0.000702
v -0.076043 0.021372 0.001569
v -0.059979 0.017791 0.010215
v -0.076043 0.016960 0.012221
v -0.059979 0.016960 0.012221
v -0.076043 0.014900 0.013074
v -0.059979 0.006152 0.016698
v -0.076043 0.004038 0.017573
v -0.059979 0.004038 0.017573
v -0.076043 0.001832 0.016660
v -0.059979 -0.006918 0.013036
v -0.076043 -0.008885 0.012221
v -0.059979 -0.013398 0.001326
v -0.059979 -0.008885 0.012221
v -0.059979 -0.014237 -0.000702
v -0.045665 0.004038 0.017573
v -0.045665 -0.008885 0.012221
v -0.045665 -0.014237 -0.000702
v -0.045665 0.016960 0.012221
v -0.045665 -0.008885 -0.013624
v -0.045665 0.022313 -0.000702
v -0.045665 0.004038 -0.018977
v -0.045665 0.016960 -0.013624
v -0.040934 -0.006487 -0.011226
v -0.040934 -0.010847 -0.000702
v -0.040934 0.004038 -0.015586
v -0.040934 0.014563 -0.011226
v -0.040934 -0.006487 0.009823
v -0.040934 0.018922 -0.000702
v -0.040934 0.014563 0.009823
v -0.040934 0.004038 0.014183
v 0.031970 -0.021011 -0.044933
v 0.033418 -0.021011 -0.046749
v 0.033418 -0.019559 -0.044933
v 0.033418 -0.019559 -0.030741
v 0.043190 -0.021011 -0.046749
v 0.043190 -0.019559 -0.044933
v 0.031970 -0.041546 -0.044933
v 0.031970 -0.021011 -0.030741
v 0.033418 -0.041546 -0.046749
v 0.044637 -0.021011 -0.044933
v 0.043190 -0.041546 -0.046749
v 0.044637 -0.021011 -0.030741
v 0.044637 -0.041546 -0.044933
v 0.043190 -0.019559 -0.030741
v 0.033418 -0.021011 -0.028924
v 0.043190 -0.021011 -0.028924
v 0.033418 -0.041546 -0.028924
v 0.044637 -0.041546 -0.030741
v 0.031970 -0.041546 -0.030741
v 0.043190 -0.041546 -0.028924
v 0.043190 -0.042998 -0.044933
v 0.043190 -0.042998 -0.030741
v 0.033418 -0.042998 -0.044933
v 0.033418 -0.042998 -0.030741
v -0.009321 -0.042297 -0.030138
v -0.009321 -0.020260 -0.045536
v -0.009321 -0.020260 -0.030138
v -0.009321 -0.042297 -0.045536
v -0.008168 -0.042297 -0.028924
v -0.008168 -0.019559 -0.030138
v -0.008168 -0.020260 -0.028924
v -0.008168 -0.042998 -0.030138
v -0.008168 -0.042998 -0.045536
v -0.004866 -0.042297 -0.028924
v -0.008168 -0.020260 -0.046749
v -0.008168 -0.042297 -0.046749
v -0.004866 -0.042998 -0.045536
v -0.008168 -0.019559 -0.045536
v -0.004866 -0.020260 -0.046749
v -0.004866 -0.019559 -0.045536
v -0.004866 -0.019559 -0.030138
v -0.004866 -0.042297 -0.046749
v -0.004866 -0.042998 -0.030138
v -0.004866 -0.020260 -0.028924
v -0.003714 -0.020260 -0.045536
v -0.003714 -0.042297 -0.045536
v -0.003714 -0.042297 -0.030138
v -0.003714 -0.020260 -0.030138
vn -0.3770 -0.9262 -0.0000
vn -0.0000 1.0000 -0.0000
vn -0.0000 -1.0000 -0.0000
vn 0.2390 -0.9710 -0.0000
vn -0.2224 -0.9749 -0.0000
vn -0.0570 -0.0000 -0.9984
vn 0.0001 -1.0000 -0.0001
vn -0.9247 0.0001 -0.3808
vn -0.0571 0.0001 0.9984
vn -0.9247 0.0001 0.3808
vn -0.3806 -0.9247 -0.0000
vn -0.0000 -0.0000 -1.0000
vn -0.0000 -0.0000 1.0000
vn -0.0000 -0.3162 0.9487
vn -0.0000 0.7071 0.7071
vn 0.2421 0.5281 0.8140
vn 0.2421 0.5281 -0.8140
vn -0.0000 0.7071 -0.7071
vn -0.7648 -0.3384 0.5482
vn -0.0000 -0.3162 -0.9487
vn -0.7648 -0.3385 -0.5482
vn -0.2421 0.5281 -0.8140
vn -0.3155 0.7129 0.6263
vn -0.3155 0.7129 -0.6264
vn -0.2421 0.5281 0.8140
vn -0.3256 0.7102 0.6242
vn -0.3256 0.7102 -0.6242
vn 0.3256 0.7102 -0.6242
vn 0.3256 0.7102 0.6242
vn -0.0000 0.0003 -1.0000
vn -0.0000 -0.0003 -1.0000
vn -0.0000 0.0003 1.0000
vn -0.0000 -0.0003 1.0000
vn 0.7310 -0.0000 0.6824
vn -1.0000 -0.0000 -0.0000
vn 0.2418 -0.9703 0.0002
vn 0.2418 -0.9703 -0.0000
vn 0.2418 -0.9703 0.0001
vn 0.2418 -0.9703 -0.0001
vn 0.2418 -0.9703 -0.0002
vn 0.2500 -0.9659 -0.0670
vn 0.3328 -0.9411 -0.0599
vn 0.3329 -0.9411 -0.0600
vn 0.3330 -0.9410 -0.0601
vn 0.3329 -0.9411 -0.0599
vn 0.3329 -0.9410 -0.0601
vn 0.2588 -0.9659 -0.0000
vn 0.2500 -0.9659 0.0670
vn 0.2501 -0.9659 0.0670
vn 0.3330 -0.9410 0.0601
vn 0.3329 -0.9411 0.0600
vn 0.3328 -0.9411 0.0599
vn 0.3329 -0.9411 0.0599
vn 0.3329 -0.9410 0.0601
vn 0.2394 -0.9709 0.0003
vn 0.2395 -0.9709 -0.0000
vn 0.2396 -0.9709 0.0008
vn 0.2394 -0.9709 -0.0003
vn 0.2396 -0.9709 -0.0008
vn 0.1166 -0.0001 -0.9932
vn 0.1166 -0.0000 -0.9932
vn 0.1171 -0.0000 0.9931
vn 0.1166 -0.0000 0.9932
vn 0.1169 -0.0000 0.9931
vn -0.1777 0.9841 -0.0000
vn -0.5764 0.8171 -0.0000
vn -0.7653 0.6437 -0.0000
vn -0.7652 0.6437 -0.0000
vn -0.5248 0.8512 0.0029
vn -0.6156 0.7876 0.0248
vn -0.1878 0.9822 0.0066
vn -0.1077 0.9942 -0.0000
vn -0.1878 0.9822 -0.0066
vn -0.5248 0.8512 -0.0029
vn -0.6157 0.7876 -0.0248
vn -0.0004 1.0000 0.0002
vn -0.0004 1.0000 0.0003
vn -0.0005 1.0000 0.0002
vn -0.0013 1.0000 0.0002
vn -0.0013 1.0000 0.0001
vn -0.0013 1.0000 -0.0000
vn -0.0004 1.0000 -0.0002
vn -0.0004 1.0000 -0.0003
vn -0.0005 1.0000 -0.0002
vn -0.0013 1.0000 -0.0002
vn -0.0013 1.0000 -0.0001
vn -0.0000 -0.8280 0.5607
vn -0.0000 -0.9239 0.3827
vn -0.0000 -0.5656 0.8247
vn -0.0000 -0.3827 0.9239
vn -0.0000 0.8286 -0.5599
vn -0.0000 0.9239 -0.3827
vn -0.0000 0.5589 -0.8293
vn -0.0000 0.3827 -0.9239
vn -0.0000 -0.5683 -0.8228
vn -0.0000 -0.3827 -0.9239
vn -0.0000 -0.8318 -0.5550
vn -0.0000 -0.9239 -0.3827
vn -0.0000 -0.9832 -0.1824
vn -0.0000 -0.9813 0.1925
vn -0.0000 -0.1884 0.9821
vn -0.0000 0.1857 0.9826
vn -0.0000 0.3827 0.9239
vn -0.0000 0.9812 0.1930
vn -0.0000 0.9239 0.3827
vn -0.0000 0.9825 -0.1864
vn -0.0000 0.5613 0.8276
vn -0.0000 0.8274 0.5616
vn -0.0000 0.1879 -0.9822
vn -0.0000 -0.1971 -0.9804
vn -0.0000 -0.8318 0.5550
vn -0.0000 -0.5700 0.8216
vn -0.0000 0.8315 -0.5556
vn -0.0000 0.5644 -0.8255
vn -0.0000 -0.5677 -0.8232
vn -0.0000 -0.9815 -0.1914
vn -0.0000 -0.9815 0.1916
vn -0.0000 -0.1901 0.9818
vn -0.0000 0.1841 0.9829
vn -0.0000 0.9784 0.2066
vn -0.0000 0.9833 -0.1822
vn -0.0000 0.5563 0.8310
vn -0.0000 0.8271 0.5620
vn -0.0000 0.1886 -0.9821
vn -0.0000 -0.8267 0.5627
vn -0.0000 -0.5571 0.8304
vn -0.0000 0.8280 -0.5607
vn -0.0000 0.5492 -0.8357
vn -0.0000 -0.8322 -0.5544
vn -0.0000 -0.9842 -0.1773
vn -0.0000 -0.9805 0.1967
vn -0.0000 -0.1881 0.9821
vn -0.0000 0.1888 0.9820
vn -0.0000 0.9826 0.1857
vn -0.0000 0.9805 -0.1967
vn -0.0000 0.5641 0.8257
vn -0.0000 0.8291 0.5590
vn -0.0000 -0.1978 -0.9802
vn -0.7660 -0.6428 -0.0000
vn -0.0309 0.9995 -0.0000
vn 0.7660 0.6428 -0.0000
vn 0.0309 -0.9995 -0.0000
vn 0.6952 -0.7188 -0.0000
vn 0.4414 0.8973 -0.0000
vn -0.7660 0.6428 -0.0000
vn -0.4351 -0.9004 -0.0000
vn -0.2140 0.9768 -0.0000
vn 0.2140 -0.9768 -0.0000
vn 0.7660 -0.6428 -0.0000
vn 0.0309 0.9995 -0.0000
vn -0.0309 -0.9995 -0.0000
vn -0.1723 -0.9851 -0.0000
vn -0.1741 -0.9847 -0.0000
vn 0.8146 0.5800 -0.0000
vn -0.1887 -0.3757 -0.9073
vn -0.1855 -0.3709 -0.9100
vn -0.0619 -0.2228 -0.9729
vn -0.0956 -0.1859 -0.9779
vn -0.0488 -0.1406 -0.9889
vn -0.0484 0.0115 -0.9988
vn -0.0438 -0.2346 -0.9711
vn -0.0420 -0.2834 -0.9581
vn -0.0212 -0.0514 -0.9985
vn -0.0221 0.0196 -0.9996
vn -0.0435 -0.0027 -0.9991
vn -0.0232 -0.0057 -0.9997
vn -0.1855 -0.3709 0.9100
vn -0.1887 -0.3757 0.9073
vn -0.0619 -0.2228 0.9729
vn -0.0956 -0.1859 0.9779
vn -0.0488 -0.1406 0.9889
vn -0.0484 0.0115 0.9988
vn -0.0438 -0.2346 0.9711
vn -0.0420 -0.2834 0.9581
vn -0.0212 -0.0513 0.9985
vn -0.0221 0.0196 0.9996
vn -0.0435 -0.0027 0.9991
vn -0.0232 -0.0057 0.9997
vn -0.3794 -0.9252 -0.0000
vn -0.9445 -0.3286 -0.0000
vn -0.9599 -0.2577 0.1106
vn -0.4759 0.8697 0.1308
vn -0.0154 0.8789 0.4768
vn 0.0472 0.7824 0.6210
vn -0.2734 0.9549 0.1158
vn -0.1481 0.9768 0.1547
vn -0.2933 0.9480 -0.1234
vn -0.3481 0.9266 -0.1426
vn -0.9599 -0.2577 -0.1106
vn -0.0154 0.8789 -0.4768
vn 0.0472 0.7824 -0.6210
vn -0.1631 0.9721 -0.1686
vn 0.0862 0.9872 -0.1339
vn -0.0842 0.1265 -0.9884
vn -0.7930 0.6092 -0.0000
vn 0.3304 0.1648 -0.9294
vn 0.8392 0.5438 -0.0000
vn 0.0181 0.9783 -0.2062
vn 0.0168 0.9816 -0.1904
vn 0.0809 0.9889 0.1246
vn -0.0842 0.1264 0.9884
vn 0.3304 0.1648 0.9294
vn 0.0182 0.9783 0.2062
vn 0.0167 0.9816 0.1904
vn -0.0355 -0.0337 -0.9988
vn -0.1014 0.0855 -0.9912
vn -0.0948 -0.0973 -0.9907
vn -0.0699 -0.0165 -0.9974
vn -0.0939 -0.0011 -0.9956
vn -0.0893 0.0030 -0.9960
vn -0.0956 -0.0778 -0.9924
vn -0.0853 -0.0014 -0.9964
vn -0.1235 -0.3592 -0.9251
vn -0.9598 -0.2578 0.1105
vn -0.0154 0.8789 0.4767
vn -0.9445 -0.3287 0.0001
vn -0.0851 -0.0014 -0.9964
vn -0.0956 -0.0777 -0.9924
vn -0.0895 0.0031 -0.9960
vn 0.0001 1.0000 0.0001
vn -0.3793 -0.9253 -0.0000
vn -0.1235 -0.3591 -0.9251
vn -0.0955 -0.0777 0.9924
vn -0.9445 -0.3286 -0.0001
vn -0.1235 -0.3591 0.9251
vn -0.0852 -0.0015 0.9964
vn 0.8221 -0.5693 0.0001
vn -0.0948 -0.0972 0.9907
vn 0.8221 -0.5694 -0.0000
vn -0.0948 -0.0972 -0.9907
vn 0.4042 -0.9147 -0.0001
vn 0.4239 -0.9057 0.0001
vn -0.1015 0.0855 0.9912
vn 0.5200 -0.8542 -0.0000
vn -0.0356 -0.0338 -0.9988
vn 0.5174 -0.8558 0.0001
vn -0.0356 -0.0337 0.9988
vn 0.6477 -0.7619 -0.0000
vn 0.9661 0.2583 -0.0000
vn 0.0810 0.9889 0.1246
vn 0.0863 0.9872 -0.1339
vn 0.8392 0.5439 -0.0000
vn -0.0700 -0.0165 -0.9974
vn -0.0700 -0.0165 0.9974
vn 0.3303 0.1648 0.9294
vn 0.0182 0.9783 0.2063
vn -0.0942 -0.0014 -0.9956
vn 0.3303 0.1648 -0.9294
vn 0.0182 0.9783 -0.2064
vn -0.0941 -0.0013 0.9956
vn 0.0167 0.9816 0.1905
vn -0.0841 0.1263 0.9884
vn -0.7931 0.6091 -0.0000
vn -0.1482 0.9768 0.1548
vn 0.0473 0.7823 0.6211
vn 0.0167 0.9816 -0.1905
vn -0.0841 0.1263 -0.9884
vn -0.0895 0.0031 0.9960
vn -0.0000 1.0000 -0.0001
vn -0.1633 0.9721 -0.1686
vn 0.0473 0.7823 -0.6211
vn -0.0155 0.8789 -0.4768
vn -0.9598 -0.2578 -0.1105
vn -0.1014 0.0855 0.9912
vn -0.0355 -0.0337 0.9988
vn -0.0948 -0.0973 0.9907
vn -0.0699 -0.0165 0.9974
vn -0.0939 -0.0011 0.9956
vn -0.0893 0.0030 0.9960
vn -0.0957 -0.0778 0.9924
vn -0.1235 -0.3592 0.9251
vn -0.0853 -0.0014 0.9964
vn -0.1068 0.9943 -0.0000
vn -0.0887 0.0329 -0.9955
vn -0.0796 0.0098 -0.9968
vn -0.0596 0.0243 -0.9979
vn -0.0831 0.0066 -0.9965
vn -0.0900 0.0010 -0.9959
vn -0.0916 0.1195 -0.9886
vn -0.1010 0.0921 -0.9906
vn -0.0957 0.4438 -0.8910
vn -0.0848 0.0084 -0.9964
vn -0.0883 0.0208 -0.9959
vn -0.0881 0.0064 -0.9961
vn -0.8193 -0.5733 -0.0000
vn -0.7221 -0.6917 -0.0000
vn 0.7798 -0.6260 -0.0000
vn -0.0887 0.0329 0.9955
vn -0.0596 0.0243 0.9979
vn -0.0796 0.0098 0.9968
vn -0.0831 0.0066 0.9965
vn -0.0900 0.0010 0.9959
vn -0.0916 0.1195 0.9886
vn -0.1010 0.0921 0.9906
vn -0.0957 0.4437 0.8910
vn -0.0848 0.0084 0.9964
vn -0.0883 0.0208 0.9959
vn -0.0881 0.0064 0.9961
vn 0.7169 0.6972 -0.0000
vn -0.0503 0.0372 -0.9980
vn -0.0716 0.3548 -0.9322
vn -0.0666 0.0108 -0.9977
vn -0.0472 0.2408 -0.9694
vn -0.0745 0.4445 -0.8927
vn -0.0543 0.0177 -0.9984
vn -0.0078 0.3791 -0.9253
vn -0.0202 0.0039 -0.9998
vn 0.0075 0.2214 -0.9751
vn 0.0721 0.3987 -0.9142
vn 0.0038 0.4053 -0.9142
vn 0.0036 0.4043 -0.9146
vn 0.7654 -0.6436 -0.0000
vn 0.7877 0.6160 -0.0000
vn -0.0044 -1.0000 -0.0000
vn -0.0503 0.0372 0.9980
vn -0.0666 0.0108 0.9977
vn -0.0716 0.3548 0.9322
vn -0.0472 0.2408 0.9694
vn -0.0543 0.0177 0.9984
vn -0.0745 0.4445 0.8927
vn -0.0202 0.0039 0.9998
vn -0.0078 0.3791 0.9253
vn 0.0076 0.2214 0.9751
vn 0.0721 0.3987 0.9142
vn 0.0038 0.4053 0.9142
vn 0.0036 0.4043 0.9146
vn -0.4632 -0.8863 -0.0000
vn 0.3487 -0.9372 -0.0000
vn 0.6392 -0.7690 -0.0000
vn 0.6412 -0.7674 -0.0000
vn 0.8168 -0.5770 -0.0000
vn -0.0241 -0.0240 -0.9994
vn -0.0294 -0.0413 -0.9987
vn -0.2213 -0.2759 -0.9354
vn -0.2537 -0.4354 -0.8637
vn -0.0045 0.0016 -1.0000
vn -0.0075 0.0018 -1.0000
vn -0.0060 -0.0015 -1.0000
vn 1.0000 -0.0000 -0.0000
vn 0.7121 0.7021 -0.0000
vn 0.6172 0.7868 -0.0000
vn 0.6285 0.7778 -0.0000
vn -0.6069 0.5065 0.6125
vn 0.6068 0.5065 0.6125
vn 0.7121 0.7021 -0.0001
vn 0.7450 0.3829 0.5462
vn 0.6172 0.7868 -0.0001
vn -0.0001 1.0000 0.0001
vn 0.7825 0.3087 0.5407
vn 0.7120 0.7022 -0.0000
vn -0.0000 -0.0001 -1.0000
vn 1.0000 -0.0000 -0.0001
vn 1.0000 -0.0000 0.0001
vn 1.0000 -0.0001 -0.0001
vn 0.8313 -0.2291 0.5064
vn 0.8168 -0.5769 -0.0001
vn -0.0294 -0.0412 -0.9987
vn 0.8167 -0.5770 -0.0000
vn 0.6412 -0.7674 0.0001
vn 0.8167 -0.5770 -0.0001
vn 0.9165 -0.0710 0.3937
vn -0.2537 -0.4355 -0.8637
vn 0.9165 -0.0710 -0.3937
vn 0.8313 -0.2290 -0.5065
vn -0.4632 -0.8862 -0.0000
vn 0.3486 -0.9373 -0.0000
vn 0.8168 -0.5770 0.0001
vn 0.7825 0.3087 -0.5407
vn 0.7450 0.3829 -0.5462
vn 0.7120 0.7022 0.0001
vn 0.6068 0.5065 -0.6125
vn -0.0295 -0.0413 0.9987
vn 0.6392 -0.7690 -0.0001
vn 0.7120 0.7021 -0.0001
vn -0.0000 0.0001 1.0000
vn -0.2537 -0.4355 0.8637
vn 0.0001 -0.0001 1.0000
vn -0.2213 -0.2758 0.9354
vn -0.0001 1.0000 -0.0001
vn -0.0000 1.0000 0.0001
vn -0.6069 0.5065 -0.6125
vn -1.0000 -0.0001 -0.0000
vn -0.6069 0.5066 -0.6124
vn -0.0894 0.9960 0.0001
vn -0.0045 0.0015 1.0000
vn -0.0059 -0.0016 1.0000
vn 0.0027 1.0000 -0.0000
vn -0.9708 -0.2400 -0.0000
vn 0.0020 1.0000 -0.0000
vn -0.8150 -0.5795 0.0001
vn -0.0074 0.0019 1.0000
vn -0.7751 -0.6318 -0.0000
vn -0.0240 -0.0239 0.9994
vn -0.9708 -0.2399 -0.0000
vn 0.0026 1.0000 0.0001
vn -0.8150 -0.5794 -0.0001
vn -0.0059 -0.0015 -1.0000
vn -0.0895 0.9960 -0.0001
vn -0.0045 0.0015 -1.0000
vn -1.0000 -0.0001 -0.0001
vn -0.6069 0.5066 0.6124
vn -0.0074 0.0018 -1.0000
vn -0.7853 -0.6192 -0.0000
vn -0.0240 -0.0238 -0.9994
vn -0.9970 -0.0770 -0.0001
vn -0.9970 -0.0770 -0.0000
vn -0.6068 0.5066 0.6125
vn -1.0000 -0.0000 0.0001
vn 0.0007 1.0000 -0.0004
vn -0.0321 0.9995 -0.0015
vn -0.0894 0.9960 -0.0000
vn 0.0026 1.0000 -0.0000
vn 0.0016 1.0000 -0.0000
vn -0.0000 1.0000 0.0018
vn -0.0321 0.9995 0.0015
vn -0.0894 0.9960 -0.0051
vn -1.0000 -0.0000 -0.0001
vn -0.6068 0.5066 -0.6125
vn -0.0240 -0.0240 0.9994
vn -0.0294 -0.0413 0.9987
vn -0.2213 -0.2759 0.9354
vn -0.2537 -0.4354 0.8637
vn -0.0045 0.0016 1.0000
vn -0.0075 0.0018 1.0000
vn -0.0060 -0.0015 1.0000
vn 0.7674 0.6412 -0.0000
vn -0.0643 0.9979 -0.0000
vn 0.0874 0.9962 -0.0000
vn 0.0875 0.9962 -0.0000
vn 0.1935 0.9811 -0.0000
vn -0.1141 0.9935 -0.0000
vn -0.1142 0.9935 -0.0000
vn -0.1088 0.9941 -0.0000
vn -0.1088 0.9941 -0.0001
vn 0.1142 0.9935 -0.0000
vn 0.1141 0.9935 -0.0000
vn -0.0875 0.9962 -0.0000
vn -0.0874 0.9962 -0.0000
vn -0.1113 0.9938 -0.0000
vn 0.1152 0.9933 -0.0000
vn 0.0688 0.9976 -0.0000
vn 0.0227 0.9997 -0.0000
vn 0.0045 -1.0000 -0.0000
vn 0.0046 -1.0000 -0.0000
vn 0.9945 0.1044 -0.0000
vn 0.9945 0.1045 -0.0000
vn 0.9945 -0.1045 -0.0000
vn 0.9915 -0.0850 0.0982
vn 0.9915 0.0849 0.0982
vn 0.0470 -0.0000 0.9989
vn 0.0557 -0.0000 0.9984
vn -0.0001 -0.0001 -1.0000
vn -0.6309 -0.7758 -0.0001
vn -0.7545 -0.6563 -0.0000
vn -0.0001 -0.0000 -1.0000
vn -0.6309 -0.7758 0.0001
vn -0.0000 -0.0001 1.0000
vn -0.0001 -0.0000 1.0000
vn -0.6310 -0.7758 -0.0000
vn -0.7546 -0.6562 -0.0000
vn -0.7546 -0.6562 -0.0001
vn 0.0008 0.0007 -1.0000
vn 0.0149 0.0061 -0.9999
vn 0.0599 0.0034 -0.9982
vn 0.0599 0.0058 -0.9982
vn 0.0748 -0.0002 -0.9972
vn 0.0724 -0.0079 -0.9973
vn 0.0889 0.0111 -0.9960
vn 0.0916 0.0091 -0.9958
vn 0.0939 -0.0091 -0.9955
vn 0.0885 -0.0184 -0.9959
vn 0.0891 -0.0066 -0.9960
vn 0.2867 0.9580 -0.0000
vn 0.7556 0.6551 -0.0000
vn 0.2703 0.9628 -0.0000
vn -0.6477 0.7058 0.2870
vn -0.6454 0.7316 0.2196
vn -0.6477 0.7058 -0.2870
vn -0.6454 0.7316 -0.2196
vn 0.9374 0.3482 -0.0000
vn 0.2603 0.9655 -0.0000
vn 0.9054 0.4245 -0.0000
vn 0.0939 -0.0092 -0.9955
vn 0.0886 -0.0182 -0.9959
vn 0.9054 0.4246 -0.0001
vn 0.2869 0.9580 -0.0000
vn 0.9054 0.4246 0.0001
vn 0.0892 -0.0065 -0.9960
vn 0.0886 -0.0182 0.9959
vn 0.0939 -0.0092 0.9955
vn 0.2869 0.9580 -0.0001
vn 0.0893 -0.0064 0.9960
vn -0.6453 0.7317 0.2197
vn 0.0915 0.0092 0.9958
vn -0.6453 0.7317 -0.2197
vn 0.0915 0.0092 -0.9958
vn -0.6476 0.7058 0.2871
vn -0.6476 0.7058 -0.2871
vn 0.2601 0.9656 -0.0000
vn 0.0748 -0.0000 0.9972
vn 0.2602 0.9656 -0.0000
vn 0.0748 -0.0000 -0.9972
vn 0.9374 0.3483 0.0001
vn 0.0725 -0.0079 0.9973
vn 0.9374 0.3482 -0.0001
vn 0.9374 0.3483 -0.0001
vn 0.2701 0.9628 -0.0000
vn 0.0599 0.0058 0.9982
vn 0.2700 0.9628 -0.0000
vn 0.7556 0.6550 0.0001
vn 0.0149 0.0061 0.9999
vn 0.7556 0.6550 -0.0000
vn 0.7556 0.6551 -0.0001
vn 0.7557 0.6549 -0.0000
vn 0.0008 0.0007 1.0000
vn 0.0599 0.0034 0.9982
vn 0.0748 -0.0002 0.9972
vn 0.0724 -0.0079 0.9973
vn 0.0889 0.0111 0.9960
vn 0.0916 0.0091 0.9958
vn 0.0939 -0.0091 0.9955
vn 0.0885 -0.0184 0.9959
vn 0.0891 -0.0066 0.9960
vn -0.2042 -0.9789 -0.0000
vn 0.2398 -0.9708 -0.0000
vn 0.9909 -0.1349 -0.0000
vn 0.0019 1.0000 -0.0000
vn 0.1013 -0.0136 -0.9948
vn 0.1358 0.0222 -0.9905
vn 0.1369 0.0367 -0.9899
vn 0.1259 0.0342 -0.9914
vn 0.1174 0.0127 -0.9930
vn 0.1155 0.0025 -0.9933
vn 0.1111 -0.0014 -0.9938
vn 0.0906 0.5572 -0.8254
vn 0.0763 0.5908 -0.8032
vn 0.0881 0.5631 -0.8217
vn 0.0708 0.6034 -0.7943
vn -0.9060 0.4232 -0.0000
vn -0.9147 0.4042 -0.0000
vn -0.9144 0.4048 -0.0000
vn -0.9160 0.4013 -0.0000
vn -0.9383 0.3457 -0.0000
vn 0.8875 0.4609 -0.0000
vn 0.8874 0.4609 -0.0000
vn -0.2848 0.9586 -0.0000
vn 0.1358 0.0222 0.9905
vn 0.1009 -0.0137 0.9948
vn 0.1369 0.0367 0.9899
vn 0.1259 0.0342 0.9914
vn 0.1174 0.0127 0.9930
vn 0.1155 0.0025 0.9933
vn 0.1111 -0.0014 0.9938
vn 0.0708 0.6034 0.7943
vn 0.0763 0.5909 0.8031
vn 0.0881 0.5631 0.8216
vn 0.0906 0.5572 0.8254
vn 0.7361 0.6768 -0.0128
vn 0.7364 0.6765 0.0004
vn 0.7362 0.6768 -0.0000
vn 0.7365 0.6765 0.0011
vn 0.7361 0.6768 -0.0000
vn 0.7509 0.6605 -0.0000
vn -0.6807 -0.7325 -0.0000
vn -0.7736 -0.6336 -0.0000
vn 0.7855 -0.6189 -0.0000
vn 0.6486 -0.7611 -0.0000
vn 0.6485 -0.7612 -0.0000
vn 0.6485 -0.7612 -0.0001
vn -0.0000 -1.0000 -0.0001
vn 0.6485 -0.7612 0.0001
vn -0.0000 0.0001 -1.0000
vn 0.0001 -0.0000 1.0000
vn 0.0001 0.0001 1.0000
vn 0.0001 -1.0000 -0.0000
vn 0.7855 -0.6189 0.0001
vn 0.7855 -0.6189 -0.0001
vn -0.0000 -1.0000 0.0001
vn -0.6807 -0.7326 0.0001
vn -0.6807 -0.7325 -0.0001
vn -0.6807 -0.7325 0.0001
vn -0.6808 -0.7325 -0.0001
vn -0.0000 0.0004 1.0000
vn -0.0001 0.0001 -1.0000
vn 0.7364 0.6765 -0.0004
vn 0.7365 0.6765 -0.0011
vn 0.7361 0.6768 0.0128
vn -0.7736 -0.6336 -0.0001
vn -0.7737 -0.6336 -0.0000
vn -0.7736 -0.6337 -0.0000
vn -0.0001 0.0001 1.0000
vn 0.3261 -0.9453 -0.0000
vn 0.1304 -0.0025 -0.9915
vn 0.1385 0.0103 -0.9903
vn 0.0950 0.0263 -0.9951
vn 0.0645 0.0270 -0.9976
vn 0.0187 0.0111 -0.9998
vn 0.0278 0.0021 -0.9996
vn 0.0016 0.0002 -1.0000
vn 0.0019 0.0126 -0.9999
vn 0.0001 0.0001 -1.0000
vn -0.3065 0.4717 -0.8267
vn -0.1781 0.2742 -0.9450
vn -0.1030 0.1616 0.9815
vn -0.0877 0.1349 0.9870
vn -0.7638 -0.6454 0.0001
vn -0.0191 0.0201 0.9996
vn -0.7638 -0.6455 -0.0004
vn -0.0172 0.0181 0.9997
vn -0.7613 -0.6484 -0.0050
vn -0.6889 0.7227 0.0562
vn -0.7614 -0.6483 -0.0052
vn -0.6888 0.7225 0.0587
vn -0.7610 -0.6487 0.0045
vn -0.7610 -0.6487 0.0047
vn -0.7638 -0.6455 0.0007
vn -0.7638 -0.6454 -0.0000
vn -0.6889 0.7227 -0.0561
vn -0.6889 0.7224 -0.0587
vn -0.0172 0.0181 -0.9997
vn -0.0191 0.0201 -0.9996
vn -0.0877 0.1349 -0.9870
vn -0.3065 0.4717 0.8267
vn -0.1043 0.1605 -0.9815
vn -0.1779 0.2743 0.9450
vn 0.0019 0.0126 0.9999
vn 0.0016 0.0002 1.0000
vn 0.0645 0.0270 0.9976
vn 0.0187 0.0111 0.9998
vn 0.0950 0.0263 0.9951
vn 0.0278 0.0021 0.9996
vn 0.1385 0.0103 0.9903
vn 0.1304 -0.0025 0.9915
vn -0.7639 -0.6454 -0.0006
vn -0.3065 0.4716 -0.8268
vn 0.3262 -0.9453 -0.0000
vn 0.0019 0.0127 -0.9999
vn -0.7611 -0.6487 0.0047
vn 0.9384 -0.3456 -0.0000
vn 0.9384 -0.3457 -0.0000
vn 0.0644 0.0270 -0.9976
vn -0.3066 0.4717 0.8268
vn -0.7639 -0.6454 0.0006
vn 0.0019 0.0127 0.9999
vn 0.9383 -0.3457 -0.0000
vn 0.0645 0.0271 0.9976
vn 0.2846 -0.9586 -0.0000
vn 0.2846 -0.9587 -0.0000
vn 0.1385 0.0104 -0.9903
vn 0.1384 0.0104 0.9903
vn 0.9162 -0.4008 -0.0000
vn 0.1305 -0.0025 -0.9914
vn 0.1305 -0.0025 0.9914
vn 0.0942 0.6036 -0.7917
vn 0.0569 0.6490 -0.7586
vn 0.0950 0.0264 -0.9951
vn 0.0320 0.6886 -0.7245
vn 0.9055 -0.4243 -0.0000
vn 0.0934 0.5992 -0.7951
vn 0.9055 -0.4244 -0.0000
vn 0.9055 -0.4244 -0.0001
vn 0.0942 0.6037 0.7917
vn 0.0569 0.6490 0.7586
vn 0.0950 0.0264 0.9951
vn 0.0320 0.6886 0.7245
vn 0.0279 0.0021 0.9996
vn 0.0934 0.5993 0.7951
vn 0.0652 0.6423 -0.7637
vn 0.0305 0.6834 -0.7294
vn 0.0652 0.6423 0.7637
vn 0.0305 0.6834 0.7294
vn -0.9030 0.4297 -0.0000
vn -0.9462 -0.3235 -0.0000
vn -0.7151 0.6990 -0.0000
vn -0.9757 -0.2190 -0.0000
vn -0.7488 -0.6628 -0.0000
vn -0.7363 0.6767 -0.0000
vn -0.3347 0.9423 -0.0000
vn 0.1813 0.9834 -0.0000
vn 0.6053 0.7960 -0.0000
vn 0.6257 0.7801 -0.0000
vn 0.8244 0.5660 -0.0000
vn 0.8679 0.4968 -0.0018
vn 0.8246 0.5657 -0.0000
vn 0.9974 0.0718 -0.0070
vn 0.9959 0.0903 -0.0062
vn 0.9960 0.0891 0.0047
vn 0.8679 0.4968 0.0018
vn 0.9974 0.0718 0.0070
vn 0.9959 0.0903 0.0062
vn 0.9960 0.0891 -0.0047
vn -0.1042 0.1606 0.9815
vn -0.7639 -0.6453 -0.0001
vn -0.0190 0.0201 0.9996
vn -0.7613 -0.6483 -0.0052
vn -0.6888 0.7227 -0.0561
vn -0.7610 -0.6487 0.0046
vn -0.0190 0.0201 -0.9996
vn -0.7639 -0.6453 0.0001
vn -0.1043 0.1606 -0.9815
vn 0.0935 0.5993 -0.7951
vn 0.0654 0.6423 -0.7637
vn 0.0570 0.6491 -0.7586
vn 0.0305 0.6834 -0.7295
vn 0.0320 0.6886 -0.7244
vn 0.0935 0.5993 0.7951
vn 0.0654 0.6423 0.7637
vn 0.0942 0.6036 0.7917
vn 0.0570 0.6491 0.7586
vn 0.0305 0.6834 0.7295
vn 0.0320 0.6886 0.7244
vn 0.2848 -0.9586 -0.0000
vn 0.9161 -0.4009 -0.0000
vn -0.0211 0.9998 -0.0000
vn -0.0299 0.9996 -0.0000
vn -0.6113 0.7914 -0.0000
vn -0.6112 0.7914 -0.0000
vn -0.0461 -0.9989 -0.0000
vn -0.0282 -0.9996 -0.0000
vn -0.0294 -0.9996 -0.0000
vn 0.4556 -0.8902 -0.0000
vn 0.4484 -0.8938 -0.0000
vn 0.6015 -0.7989 -0.0000
vn -0.9656 -0.2600 -0.0000
vn -0.9678 -0.2518 -0.0000
vn -0.8503 -0.5262 -0.0000
vn -0.5934 -0.7373 0.3230
vn -0.8412 -0.5407 -0.0000
vn -0.5934 -0.7373 -0.3229
vn 0.0721 0.0225 0.9971
vn 0.0223 -0.0241 0.9995
vn 0.0412 0.0083 0.9991
vn 0.0889 0.0349 0.9954
vn 0.0179 -0.0802 0.9966
vn 0.0965 0.0327 0.9948
vn -0.8536 -0.5209 -0.0001
vn -0.0435 -0.0000 0.9991
vn -0.0570 -0.0000 0.9984
vn 0.1061 0.0126 0.9943
vn 0.1210 -0.0007 0.9927
vn 0.1193 0.0033 0.9929
vn 0.1042 0.0047 0.9946
vn 0.1232 0.0249 0.9921
vn -0.0001 -0.0001 1.0000
vn -0.8308 -0.5565 -0.0000
vn -0.3326 -0.2030 0.9209
vn -0.7325 -0.6808 -0.0000
vn -0.0957 -0.0887 0.9914
vn -0.0000 -0.0898 0.9960
vn 0.0220 -0.0242 0.9995
vn 0.0151 -0.0076 0.9999
vn 0.0279 -0.0125 0.9995
vn 0.0195 0.0066 0.9998
vn 0.8696 0.4938 -0.0000
vn 0.8780 -0.4787 -0.0000
vn -0.8152 -0.5791 -0.0000
vn -0.6772 -0.7358 -0.0000
vn -0.6769 -0.7361 -0.0000
vn -0.0254 -0.9997 -0.0000
vn 0.2571 -0.9664 -0.0000
vn 0.2514 -0.9679 -0.0000
vn 0.4781 -0.8783 -0.0000
vn 0.4800 -0.8773 -0.0000
vn 0.1232 0.0249 -0.9921
vn 0.0889 0.0349 -0.9954
vn 0.1042 0.0047 -0.9946
vn 0.1061 0.0126 -0.9943
vn 0.0965 0.0327 -0.9948
vn 0.1209 -0.0005 -0.9927
vn 0.1193 0.0033 -0.9929
vn 0.0179 -0.0802 -0.9966
vn 0.0412 0.0083 -0.9991
vn 0.0721 0.0225 -0.9971
vn 0.0221 -0.0240 -0.9995
vn -0.0283 -0.9996 -0.0001
vn -0.8536 -0.5209 -0.0000
vn -0.0435 -0.0000 -0.9991
vn -0.3326 -0.2030 -0.9210
vn -0.0957 -0.0887 -0.9914
vn 0.0001 -0.0898 -0.9960
vn -0.8308 -0.5566 -0.0000
vn -0.8252 -0.5649 -0.0000
vn -0.8230 -0.5680 -0.0000
vn -0.6270 -0.7790 -0.0000
vn 0.0220 -0.0242 -0.9995
vn 0.0279 -0.0125 -0.9995
vn 0.0151 -0.0076 -0.9999
vn 0.0195 0.0066 -0.9998
vn 0.8424 0.5388 -0.0000
vn 0.9182 -0.3960 -0.0000
vn 0.2319 0.9727 -0.0000
vn 0.0107 -0.9999 -0.0043
vn 0.1061 -0.9944 0.0007
vn 0.0132 -0.9999 -0.0042
vn 0.0026 -1.0000 0.0008
vn 0.0126 -0.9998 0.0125
vn 0.1061 -0.9944 -0.0007
vn -0.8560 0.5169 -0.0000
vn -0.9794 -0.2021 -0.0000
vn -0.1652 0.9863 -0.0000
vn -0.8831 0.4692 -0.0000
vn -0.7624 0.6471 -0.0000
vn 0.7919 0.6106 -0.0000
vn 0.0056 -0.0042 -1.0000
vn 0.0057 -0.0037 -1.0000
vn 0.0064 -0.0006 -1.0000
vn 0.0065 -0.0000 -1.0000
vn 0.8585 -0.5128 -0.0000
vn 0.7516 -0.2784 -0.5979
vn 0.7333 -0.2842 -0.6177
vn 0.7452 -0.2804 -0.6050
vn 0.7190 -0.2884 -0.6323
vn 0.0001 -0.0000 -1.0000
vn 0.8585 -0.5128 -0.0001
vn 0.1060 -0.9944 0.0008
vn 0.1060 -0.9944 -0.0008
vn 0.7516 -0.2785 -0.5980
vn 0.0132 -0.9999 -0.0041
vn 0.7333 -0.2843 -0.6176
vn 0.0055 -0.0041 -1.0000
vn 0.0057 -0.0039 -1.0000
vn 0.0063 -0.0005 -1.0000
vn 0.7191 -0.2884 -0.6323
vn 0.0025 -1.0000 0.0007
vn -0.9497 -0.0001 -0.3131
vn -0.9497 0.0001 -0.3131
vn 0.0065 0.0001 -1.0000
vn 0.0063 -0.0006 1.0000
vn -0.9497 -0.0001 0.3132
vn -0.9497 0.0001 0.3131
vn 0.0055 -0.0041 1.0000
vn 0.0064 -0.0000 1.0000
vn 0.0125 -0.9998 0.0124
vn 0.7452 -0.2804 0.6050
vn 0.0056 -0.0039 1.0000
vn 0.7516 -0.2785 0.5979
vn 0.7190 -0.2884 0.6323
vn 0.7333 -0.2843 0.6176
vn 0.7920 0.6106 -0.0000
vn 0.7919 0.6106 0.0001
vn -0.6114 0.7914 0.0001
vn -0.9253 -0.0001 0.3792
vn -0.0210 0.9998 -0.0000
vn -0.0434 -0.0000 0.9991
vn -0.6114 0.7913 -0.0001
vn -0.9253 -0.0001 -0.3793
vn 0.7919 0.6106 -0.0001
vn -0.0297 0.9996 -0.0000
vn -0.7623 0.6472 -0.0000
vn -0.9794 -0.2021 -0.0001
vn -0.9794 -0.2021 0.0001
vn -0.9794 -0.2020 -0.0001
vn -0.8560 0.5170 -0.0001
vn -0.8560 0.5169 0.0001
vn -0.8560 0.5170 -0.0000
vn -0.1651 0.9863 -0.0000
vn -0.1652 0.9863 -0.0001
vn -0.1652 0.9863 0.0001
vn -0.8831 0.4693 -0.0000
vn -0.0283 -0.9996 -0.0000
vn 0.0721 0.0224 -0.9971
vn -0.0462 -0.9989 -0.0000
vn 0.0888 0.0349 -0.9954
vn -0.8152 -0.5792 -0.0001
vn -0.6771 -0.7358 0.0001
vn -0.8152 -0.5792 0.0001
vn 0.4799 -0.8773 -0.0001
vn 0.1042 0.0046 -0.9945
vn -0.6768 -0.7362 -0.0001
vn -0.0255 -0.9997 -0.0000
vn 0.4779 -0.8784 0.0001
vn 0.1195 0.0034 -0.9928
vn 0.1232 0.0248 0.9921
vn 0.0888 0.0349 0.9954
vn 0.0721 0.0224 0.9971
vn 0.1042 0.0046 0.9945
vn -0.0256 -0.9997 -0.0000
vn 0.1194 0.0033 0.9928
vn 0.8780 -0.4787 -0.0001
vn 0.8780 -0.4786 -0.0000
vn 0.1209 -0.0006 -0.9927
vn 0.1209 -0.0007 0.9927
vn 0.8696 0.4937 -0.0001
vn 0.8696 0.4937 -0.0000
vn 0.8696 0.4937 0.0001
vn 0.0965 0.0328 0.9948
vn 0.0965 0.0328 -0.9948
vn 0.2319 0.9727 -0.0001
vn 0.0179 -0.0803 -0.9966
vn 0.0179 -0.0803 0.9966
vn 0.8424 0.5389 -0.0000
vn 0.9182 -0.3961 -0.0000
vn 0.9182 -0.3960 0.0001
vn 0.9182 -0.3960 -0.0001
vn -0.0435 0.0001 -0.9991
vn -0.0297 0.9996 -0.0001
vn -0.0434 0.0001 0.9991
vn -0.0210 0.9998 0.0001
vn -0.8115 0.5843 -0.0000
vn -0.8115 0.5844 -0.0000
vn -0.1265 0.9920 -0.0000
vn -0.4588 0.8885 -0.0002
vn -0.4588 0.8885 -0.0000
vn -0.8307 -0.5567 -0.0000
vn 0.8222 0.5691 -0.0000
vn -0.6721 0.7404 -0.0000
vn -0.8412 -0.5408 -0.0000
vn -0.4460 -0.8044 -0.3925
vn -0.6715 0.3426 -0.6570
vn -0.4290 0.7807 -0.4543
vn -0.8307 -0.5567 0.0001
vn -0.4139 0.8360 -0.3604
vn -0.4460 -0.8044 0.3925
vn -0.8503 -0.5263 -0.0000
vn -0.5934 -0.7373 0.3229
vn -0.6715 0.3426 0.6570
vn -0.4589 0.8885 -0.0001
vn -0.4290 0.7807 0.4543
vn -0.1264 0.9920 -0.0000
vn -0.4139 0.8360 0.3604
vn 0.1841 0.9606 0.2081
vn 0.0001 1.0000 -0.0000
vn 0.1841 0.9606 -0.2081
vn -0.0001 1.0000 -0.0000
vn 0.0413 0.0083 -0.9991
vn -0.8536 -0.5209 0.0001
vn -0.7325 -0.6807 0.0001
vn -0.0571 0.0001 -0.9984
vn -0.0570 -0.0001 -0.9984
vn -0.9246 -0.0000 -0.3808
vn -0.0434 -0.0000 -0.9991
vn -0.9253 -0.0000 -0.3792
vn -0.9246 0.0001 -0.3808
vn -0.8252 -0.5649 -0.0001
vn -0.6269 -0.7791 0.0001
vn 0.0001 -0.0899 -0.9960
vn -0.8308 -0.5565 0.0001
vn -0.9497 -0.0000 -0.3131
vn -0.9247 -0.0000 -0.3808
vn 0.0065 -0.0000 1.0000
vn 0.0057 -0.0037 1.0000
vn 0.0064 -0.0006 1.0000
vn 0.0056 -0.0042 1.0000
vn 0.7333 -0.2842 0.6176
vn 0.7516 -0.2784 0.5979
vn 0.0413 0.0084 0.9991
vn -0.7326 -0.6807 -0.0000
vn -0.9246 -0.0000 0.3808
vn -0.9253 -0.0000 0.3792
vn -0.9246 0.0001 0.3808
vn -0.8230 -0.5680 0.0001
vn -0.9497 -0.0001 0.3131
vn -0.6269 -0.7791 -0.0000
vn -0.8308 -0.5566 -0.0001
vn -0.9247 -0.0000 0.3808
vn -0.9497 -0.0000 0.3131
vn 0.6614 0.6858 -0.3037
vn 0.7244 0.6738 -0.1460
vn 0.6378 0.7040 -0.3123
vn 0.7186 0.6804 -0.1435
vn 0.6637 0.7450 -0.0671
vn 0.6649 0.7446 -0.0592
vn 0.5257 0.8383 -0.1449
vn 0.5332 0.8369 -0.1236
vn 0.6637 0.7449 -0.0672
vn 0.5257 0.8382 -0.1449
vn 0.7186 0.6805 -0.1434
vn 0.6379 0.7040 -0.3122
vn 0.7652 0.6437 0.0016
vn 0.5333 0.8368 -0.1236
vn 0.6615 0.6857 -0.3037
vn 0.5166 0.8483 0.1161
vn 0.6609 0.7484 0.0554
vn 0.5337 0.8366 0.1234
vn 0.6287 0.7150 0.3059
vn 0.6649 0.7446 0.0592
vn 0.7140 0.6853 0.1437
vn 0.6459 0.7030 0.2978
vn 0.7945 0.5176 0.3177
vn 0.8045 0.5145 -0.2969
vn 0.7187 0.6804 0.1430
vn 0.7941 0.5824 0.1735
vn 0.8045 0.5140 0.2977
vn 0.7950 0.5895 -0.1433
vn 0.7245 0.6737 -0.1460
vn 0.8149 0.4936 -0.3039
vn 0.9174 0.3711 0.1439
vn 0.7909 0.6007 0.1168
vn 0.8609 0.5029 0.0772
vn 0.9167 0.3801 0.1235
vn 0.9252 0.3615 -0.1152
vn 0.8351 0.5479 0.0485
vn 0.8644 0.4987 -0.0648
vn 0.9164 0.3810 -0.1231
vn 0.8347 0.5486 -0.0481
vn 0.7993 0.5840 -0.1419
vn 0.7942 0.5823 0.1735
vn 0.7945 0.5175 0.3177
vn 0.8045 0.5140 0.2978
vn 0.8609 0.5029 0.0771
vn 0.9174 0.3710 0.1439
vn 0.9167 0.3800 0.1235
vn 0.8148 0.4936 -0.3039
vn 0.7992 0.5840 -0.1419
vn 0.9164 0.3809 -0.1231
vn 0.9252 0.3615 -0.1153
vn 0.6287 0.7149 0.3060
vn 0.7140 0.6852 0.1437
vn 0.5336 0.8367 0.1234
vn 0.5165 0.8484 0.1162
vn 0.6609 0.7484 0.0555
vn -0.0673 -0.0000 -0.9977
vn -0.6634 0.2872 -0.6909
vn -0.0423 -0.0001 -0.9991
vn -1.0000 -0.0001 0.0001
vn 0.0001 1.0000 -0.0001
vn -1.0000 0.0001 0.0001
vn -1.0000 0.0001 -0.0001
vn -0.0673 -0.0000 0.9977
vn -0.6635 0.2872 0.6909
vn -0.0424 -0.0001 0.9991
vn 0.0001 -1.0000 0.0001
vn -0.0600 0.0001 0.9982
vn 0.0412 0.0001 0.9992
vn -0.0001 -1.0000 -0.0000
vn -0.0600 -0.0000 -0.9982
vn 0.0413 0.0001 -0.9991
vn -0.0602 0.0001 -0.9982
vn -0.0674 -0.0000 -0.9977
vn 0.0412 -0.0000 -0.9992
vn -0.0423 -0.0000 -0.9991
vn 0.6926 -0.0000 -0.7213
vn 0.6926 -0.0000 0.7213
vn -0.0423 -0.0000 0.9991
vn 0.0412 -0.0000 0.9992
vn -0.0674 -0.0000 0.9977
vn -0.0602 -0.0000 0.9982
vn -0.6634 0.2872 -0.6910
vn -0.6205 0.7842 0.0001
vn -0.6634 0.2872 0.6909
vn -0.6635 -0.2872 -0.6909
vn -0.0423 0.0001 -0.9991
vn -1.0000 0.0001 -0.0000
vn -0.6635 -0.2871 0.6909
vn -0.0423 0.0001 0.9991
vn -0.0600 -0.0000 0.9982
vn 0.0412 -0.0001 0.9992
vn -0.0601 -0.0001 -0.9982
vn 0.0412 -0.0001 -0.9992
vn -0.0602 -0.0000 -0.9982
vn -0.0424 -0.0000 -0.9991
vn -0.6634 -0.2872 -0.6909
vn -0.6205 -0.7842 -0.0001
vn -0.6634 -0.2872 0.6910
vn 0.0001 -0.0001 -1.0000
vn 0.8488 -0.5287 -0.0000
vn 0.8558 -0.5173 -0.0001
vn 0.0214 -0.9998 -0.0000
vn 0.8557 -0.5174 0.0001
vn 0.0214 -0.9998 0.0001
vn 0.4543 0.8909 -0.0000
vn 0.4421 0.8677 0.2272
vn 0.4540 0.8910 -0.0022
vn 0.4395 0.8626 0.2505
vn 0.4035 0.7919 0.4583
vn 0.4028 0.7912 0.4601
vn 0.8732 0.4874 -0.0009
vn 0.8772 0.4797 -0.0208
vn 0.8488 0.4658 0.2504
vn 0.8638 0.4574 0.2115
vn 0.7781 0.4115 0.4745
vn 0.8099 0.3955 0.4331
vn 0.8463 -0.5327 -0.0000
vn 0.8292 -0.5160 0.2148
vn 0.8232 -0.5182 0.2318
vn 0.7568 -0.4703 0.4540
vn 0.7548 -0.4507 0.4765
vn 0.0842 -0.9965 -0.0000
vn 0.0816 -0.9678 0.2383
vn 0.0813 -0.9604 0.2666
vn 0.0748 -0.8857 0.4583
vn 0.0750 -0.8853 0.4590
vn 0.5671 -0.8237 -0.0000
vn 0.5467 -0.7945 0.2646
vn 0.5505 -0.7996 0.2399
vn 0.5038 -0.7318 0.4589
vn 0.5039 -0.7323 0.4582
vn -0.3398 -0.9405 -0.0000
vn -0.3305 -0.9150 0.2312
vn -0.3295 -0.9121 0.2440
vn -0.3019 -0.8358 0.4586
vn -0.3017 -0.8356 0.4591
vn -0.9087 -0.4174 -0.0000
vn -0.8867 -0.3999 0.2322
vn -0.8776 -0.4031 0.2597
vn -0.8003 -0.3602 0.4794
vn -0.8213 -0.3480 0.4520
vn -0.0002 1.0000 -0.0000
vn -0.0002 1.0000 0.0001
vn -0.5061 0.8625 -0.0000
vn -0.4929 0.8400 0.2269
vn -0.4908 0.8246 0.2813
vn -0.4523 0.7583 0.4695
vn -0.4586 0.7478 0.4800
vn 0.8092 0.5875 -0.0000
vn 0.7893 0.5735 0.2195
vn 0.7782 0.5649 0.2745
vn 0.7185 0.5219 0.4598
vn 0.7172 0.5220 0.4617
vn -0.0002 0.9567 0.2912
vn -0.0000 0.9628 0.2704
vn -0.0001 0.8886 0.4587
vn -0.0002 0.8885 0.4590
vn -0.6682 0.7440 -0.0000
vn -0.6439 0.7172 0.2665
vn -0.6685 0.7437 -0.0000
vn -0.6497 0.7234 0.2337
vn -0.5933 0.6608 0.4597
vn -0.5934 0.6615 0.4586
vn 0.5288 -0.0000 0.8488
vn 0.5291 -0.0000 0.8486
vn 0.9476 -0.0001 0.3194
vn 0.9476 -0.0000 0.3196
vn 0.0002 1.0000 -0.0003
vn 0.2379 0.9708 -0.0318
vn 0.0003 1.0000 -0.0004
vn 0.0005 1.0000 -0.0002
vn 0.0004 1.0000 -0.0002
vn 0.5333 0.8459 -0.0000
vn 0.5321 0.8467 -0.0000
vn 0.5489 -0.8359 -0.0000
vn 0.5475 -0.8368 -0.0000
vn 0.0013 -1.0000 0.0004
vn 0.0009 -1.0000 0.0005
vn 0.0002 -1.0000 -0.0003
vn 0.0003 -1.0000 -0.0005
vn -0.5060 0.8625 -0.0000
vn -0.4907 0.8246 0.2814
vn -0.4587 0.7478 0.4800
vn -0.4522 0.7585 0.4692
vn 0.7172 0.5220 0.4618
vn 0.7893 0.5734 0.2195
vn 0.8093 0.5874 0.0002
vn 0.7184 0.5220 0.4598
vn -0.0001 0.8884 0.4591
vn 0.7781 0.5650 0.2744
vn -0.0002 0.9567 0.2911
vn -0.0000 0.8886 0.4588
vn -0.5933 0.6615 0.4587
vn -0.0001 0.9628 0.2704
vn -0.6438 0.7173 0.2665
vn -0.6681 0.7441 -0.0000
vn -0.5932 0.6609 0.4598
vn 0.4027 0.7912 0.4602
vn 0.4422 0.8677 0.2272
vn -0.6683 0.7439 -0.0000
vn 0.4544 0.8908 -0.0000
vn 0.4036 0.7918 0.4584
vn 0.8098 0.3956 0.4332
vn 0.4396 0.8626 0.2504
vn 0.8637 0.4574 0.2116
vn 0.4541 0.8910 -0.0022
vn 0.8771 0.4799 -0.0207
vn 0.7781 0.4116 0.4745
vn 0.0007 -1.0000 0.0004
vn 0.8487 0.4658 0.2503
vn 0.5474 -0.8369 -0.0000
vn 0.0004 -1.0000 -0.0004
vn 0.5321 0.8467 -0.0001
vn 0.0003 1.0000 -0.0002
vn 0.7548 -0.4508 0.4766
vn 0.0005 1.0000 -0.0008
vn 0.8290 -0.5163 0.2148
vn 0.2381 0.9707 -0.0318
vn 0.7567 -0.4704 0.4541
vn 0.0752 -0.8852 0.4590
vn 0.8232 -0.5182 0.2319
vn 0.0817 -0.9677 0.2383
vn 0.8464 -0.5326 -0.0000
vn 0.0843 -0.9964 -0.0000
vn 0.0748 -0.8856 0.4583
vn 0.5039 -0.7322 0.4582
vn 0.5466 -0.7945 0.2645
vn 0.0844 -0.9964 -0.0000
vn 0.5668 -0.8238 -0.0000
vn 0.5037 -0.7319 0.4590
vn -0.3016 -0.8356 0.4591
vn 0.5504 -0.7997 0.2399
vn 0.5670 -0.8237 -0.0000
vn -0.3397 -0.9405 -0.0000
vn -0.3020 -0.8357 0.4587
vn -0.8213 -0.3481 0.4521
vn -0.3296 -0.9121 0.2440
vn -0.8866 -0.3999 0.2322
vn -0.3399 -0.9405 -0.0000
vn -0.9087 -0.4175 -0.0000
vn -0.8003 -0.3602 0.4793
vn -0.2492 0.9684 0.0001
vn -0.2492 0.9684 -0.0000
vn -0.7677 0.6408 -0.0000
vn 0.0228 -0.9988 -0.0429
vn 0.9970 -0.0683 -0.0355
vn -0.0228 -0.9988 -0.0428
vn 0.9971 0.0670 -0.0352
vn -0.9971 -0.0671 -0.0352
vn 0.0228 0.9988 -0.0429
vn -0.9970 0.0683 -0.0355
vn -0.0228 0.9988 -0.0430
vn -0.0225 -0.9988 -0.0429
vn 0.0227 -0.9989 -0.0407
vn -0.9974 -0.0631 -0.0353
vn -0.9973 0.0643 -0.0351
vn 0.9973 -0.0642 -0.0351
vn -0.0227 0.9989 -0.0407
vn 0.0225 0.9988 -0.0429
vn 0.9974 0.0631 -0.0353
vn 0.6971 -0.7170 -0.0000
vn 0.9787 -0.2052 -0.0000
vn 0.9787 -0.2051 -0.0000
vn 0.9804 0.1970 -0.0000
vn -0.0003 1.0000 -0.0001
vn -0.2490 0.9685 -0.0001
vn -0.7677 0.6408 -0.0001
vn -0.0002 -1.0000 -0.0001
vn 0.0003 -0.0001 1.0000
vn -0.7677 0.6408 0.0001
vn -0.2491 0.9685 0.0001
vn -0.0003 -1.0000 0.0001
vn -0.0001 -1.0000 0.0001
vn 1.0000 0.0016 -0.0000
vn -0.0001 -1.0000 -0.0001
vn 1.0000 0.0015 0.0001
vn 0.0002 0.0001 1.0000
vn 1.0000 0.0015 -0.0001
vn 0.9804 0.1971 -0.0001
vn 0.6971 -0.7170 -0.0001
vn 0.6971 -0.7170 0.0001
vn -0.0000 -0.8856 -0.4645
vn 0.0001 -0.6228 -0.7824
vn -0.0000 -0.6228 -0.7824
vn -0.0000 -0.2232 -0.9748
vn -0.0000 -0.2234 -0.9747
vn -0.0000 0.2233 -0.9747
vn -0.0000 0.2231 -0.9748
vn -0.0000 0.6228 -0.7824
vn -0.0000 0.8856 -0.4645
vn -0.0001 -0.8856 -0.4645
vn 0.0001 -0.8902 -0.4557
vn -0.0001 -0.6228 -0.7824
vn -0.0000 -0.6295 -0.7770
vn -0.0001 -0.8918 -0.4524
vn -0.0001 -0.2233 -0.9748
vn -0.0000 -0.6294 -0.7771
vn 0.0001 -0.2225 -0.9749
vn 0.0001 0.2224 -0.9750
vn -0.0001 0.2232 -0.9748
vn -0.0000 -0.2187 -0.9758
vn -0.0000 0.6294 -0.7770
vn -0.0001 0.6228 -0.7824
vn -0.0000 0.2187 -0.9758
vn -0.0001 0.8897 -0.4565
vn 0.0001 0.8918 -0.4524
vn -0.0001 0.8856 -0.4645
vn -0.0000 0.6294 -0.7771
vn -0.0000 -0.8856 0.4645
vn -0.0000 -0.6228 0.7824
vn -0.0000 -0.2232 0.9748
vn -0.0000 -0.2233 0.9747
vn -0.0000 0.2233 0.9747
vn -0.0000 0.2234 0.9747
vn -0.0000 0.6228 0.7824
vn -0.0000 0.8856 0.4645
vn -0.0001 -0.8856 0.4645
vn -0.0001 -0.6228 0.7824
vn 0.0001 -0.8918 0.4524
vn -0.0000 -0.6294 0.7771
vn -0.0001 -0.8918 0.4524
vn -0.0001 -0.2232 0.9748
vn -0.0000 -0.6294 0.7770
vn 0.0001 -0.2224 0.9749
vn 0.0001 0.2224 0.9749
vn -0.0001 0.2233 0.9748
vn -0.0000 -0.2225 0.9749
vn -0.0000 0.6295 0.7770
vn -0.0001 0.6228 0.7824
vn -0.0000 0.2224 0.9750
vn -0.0001 0.8918 0.4524
vn 0.0001 0.8902 0.4557
vn -0.0001 0.8856 0.4645
vn -0.0000 0.6294 0.7771
vn 0.7627 0.6468 -0.0000
vn 1.0000 -0.0001 0.0001
vn 1.0000 -0.0001 -0.0000
vn 0.7627 0.6467 -0.0000
vn 1.0000 -0.0001 -0.0004
vn 1.0000 -0.0001 -0.0005
vn 0.7628 -0.6467 -0.0000
vn -0.7502 -0.6612 -0.0000
vn 0.0004 -1.0000 0.0001
vn 1.0000 -0.0000 -0.0005
vn 1.0000 -0.0002 -0.0001
vn 0.7655 -0.6435 -0.0000
vn -0.0000 -1.0000 0.0002
vn 1.0000 0.0001 0.0001
vn 1.0000 0.0001 -0.0000
vn 0.7656 -0.6434 -0.0000
vn -0.0000 -0.6103 -0.7922
vn 0.7655 -0.6434 0.0001
vn 1.0000 0.0001 -0.0012
vn -0.0000 -0.7352 0.6778
vn -0.9039 -0.4277 -0.0000
vn 0.8560 -0.5169 -0.0000
vn -0.8624 0.5062 -0.0000
vn 0.9315 -0.1308 0.3394
vn 0.9857 -0.1539 -0.0679
vn 0.9310 -0.1336 0.3397
vn 0.9857 -0.1549 -0.0668
vn 0.7393 -0.2457 -0.6269
vn 0.7390 -0.2459 -0.6272
vn 0.1549 -0.4585 -0.8751
vn 0.1541 -0.4587 -0.8751
vn -0.4235 -0.6690 -0.6108
vn -0.4238 -0.6691 -0.6105
vn -0.6569 -0.7539 0.0113
vn -0.6568 -0.7539 0.0119
vn -0.4085 -0.6635 0.6268
vn -0.4082 -0.6634 0.6272
vn 0.1114 -0.4734 0.8738
vn 0.1099 -0.4736 0.8739
vn 0.4738 -0.3068 0.8255
vn 0.4734 -0.3058 0.8261
vn 0.3434 -0.9392 0.0006
vn 0.3421 -0.9396 0.0009
vn -0.0618 -0.9913 -0.1160
vn 0.2094 -0.8952 -0.3934
vn -0.6013 -0.6618 -0.4478
vn -0.2846 -0.5474 -0.7870
vn -0.6629 -0.2465 -0.7070
vn 0.1419 -0.3421 -0.9289
vn -0.7439 -0.6660 0.0552
vn -0.9397 -0.3420 -0.0000
vn 0.7324 -0.1428 -0.6657
vn -0.6645 -0.2418 0.7071
vn 0.6645 0.2418 -0.7071
vn -0.4655 -0.5787 0.6697
vn 0.9984 -0.0530 -0.0194
vn 0.9397 0.3421 -0.0000
vn 0.1556 -0.3596 0.9201
vn 0.7595 -0.1427 0.6347
vn 0.6645 0.2418 0.7071
vn 0.8038 0.0930 -0.5875
vn 0.0818 -0.9967 -0.0007
vn -0.4994 -0.6673 -0.5525
vn -0.6667 -0.7399 0.0896
vn -0.3956 -0.6507 0.6481
vn 0.1552 -0.9705 0.1847
vn 0.2018 -0.4413 0.8744
vn 0.3295 -0.9076 0.2603
vn 0.7730 -0.2366 0.5887
vn 0.5027 -0.8448 0.1835
vn 0.9870 -0.1552 -0.0423
vn 0.5747 -0.8183 -0.0007
vn 0.7175 -0.2452 -0.6519
vn 0.5035 -0.8437 -0.1860
vn 0.1697 -0.4375 -0.8831
vn 0.3292 -0.9066 -0.2640
vn -0.4136 -0.6361 -0.6514
vn -0.4849 -0.3808 0.7873
vn 0.9315 -0.1308 -0.3394
vn 0.9310 -0.1336 -0.3397
vn 0.9857 -0.1539 0.0679
vn 0.9857 -0.1549 0.0668
vn 0.7393 -0.2457 0.6269
vn 0.7390 -0.2459 0.6272
vn 0.1549 -0.4585 0.8751
vn 0.1541 -0.4587 0.8751
vn -0.4235 -0.6690 0.6108
vn -0.4238 -0.6691 0.6104
vn -0.6569 -0.7539 -0.0114
vn -0.6569 -0.7539 -0.0119
vn -0.4086 -0.6635 -0.6268
vn -0.4082 -0.6634 -0.6272
vn 0.1114 -0.4734 -0.8738
vn 0.1099 -0.4736 -0.8739
vn 0.4738 -0.3068 -0.8255
vn 0.4734 -0.3058 -0.8261
vn 0.3434 -0.9392 -0.0006
vn -0.0618 -0.9913 0.1160
vn 0.3421 -0.9396 -0.0009
vn 0.2094 -0.8952 0.3934
vn -0.6012 -0.6618 0.4478
vn -0.2846 -0.5474 0.7870
vn -0.6629 -0.2465 0.7070
vn 0.1419 -0.3422 0.9289
vn -0.7439 -0.6660 -0.0552
vn 0.7324 -0.1428 0.6657
vn -0.6645 -0.2418 -0.7071
vn -0.4655 -0.5787 -0.6697
vn 0.9984 -0.0529 0.0194
vn 0.9397 0.3420 -0.0000
vn 0.1556 -0.3596 -0.9201
vn 0.7595 -0.1427 -0.6347
vn 0.8038 0.0930 0.5876
vn -0.4994 -0.6673 0.5525
vn 0.0818 -0.9967 0.0007
vn -0.6668 -0.7399 -0.0895
vn -0.3956 -0.6507 -0.6481
vn 0.1552 -0.9705 -0.1847
vn 0.2017 -0.4413 -0.8744
vn 0.3295 -0.9076 -0.2603
vn 0.7729 -0.2367 -0.5887
vn 0.5027 -0.8448 -0.1835
vn 0.9870 -0.1552 0.0422
vn 0.5748 -0.8183 0.0007
vn 0.7176 -0.2452 0.6519
vn 0.5035 -0.8437 0.1860
vn 0.1698 -0.4374 0.8831
vn 0.3292 -0.9066 0.2640
vn -0.4136 -0.6361 0.6514
vn -0.4848 -0.3808 -0.7874
vn -0.0618 -0.9913 0.1159
vn -0.4848 -0.3809 -0.7873
vn -0.4135 -0.6361 0.6514
vn 0.1697 -0.4375 0.8830
vn 0.1419 -0.3423 0.9288
vn 0.7176 -0.2453 0.6519
vn 0.7324 -0.1429 0.6657
vn 0.9870 -0.1553 0.0422
vn 0.9984 -0.0531 0.0194
vn 0.7595 -0.1428 -0.6347
vn 0.2018 -0.4414 -0.8744
vn 0.1556 -0.3597 -0.9200
vn -0.3956 -0.6508 -0.6481
vn -0.4654 -0.5788 -0.6696
vn -0.6667 -0.7399 -0.0895
vn -0.7438 -0.6661 -0.0552
vn -0.4994 -0.6674 0.5525
vn -0.6012 -0.6619 0.4478
vn 0.2094 -0.8952 0.3935
vn 0.8038 0.0929 0.5875
vn 0.2095 -0.8952 0.3934
vn 0.3420 -0.9397 -0.0000
vn 0.3432 -0.9393 -0.0004
vn 0.3450 -0.9386 0.0006
vn -0.1679 -0.5310 0.8306
vn 0.2285 -0.4296 0.8737
vn -0.1673 -0.5334 0.8291
vn 0.2277 -0.4307 0.8733
vn 0.7545 -0.2401 0.6108
vn 0.7549 -0.2400 0.6104
vn 0.9878 -0.1553 -0.0114
vn 0.9878 -0.1553 -0.0119
vn 0.7390 -0.2458 -0.6273
vn 0.1549 -0.4584 -0.8751
vn 0.1541 -0.4586 -0.8752
vn -0.4234 -0.6690 -0.6108
vn -0.6558 -0.7528 -0.0573
vn -0.6561 -0.7524 -0.0587
vn -0.6214 -0.7057 0.3404
vn -0.6226 -0.7047 0.3402
vn 0.3414 -0.9399 0.0014
vn 0.3411 -0.9400 0.0001
vn 0.4204 -0.8158 -0.3972
vn 0.6819 -0.7232 -0.1095
vn 0.5631 -0.2380 -0.7914
vn 0.8821 -0.1228 -0.4548
vn 0.6661 0.2372 -0.7071
vn 0.9994 -0.0301 0.0163
vn 0.0751 -0.3678 -0.9269
vn 0.7572 -0.1337 0.6394
vn -0.6645 -0.2419 -0.7071
vn 0.6645 0.2419 0.7071
vn -0.4978 -0.5903 -0.6354
vn 0.1521 -0.3610 0.9201
vn -0.7309 -0.6821 0.0233
vn -0.4617 -0.5872 0.6649
vn 0.6163 0.0246 0.7871
vn 0.3306 -0.9061 -0.2641
vn 0.6752 -0.2397 -0.6976
vn 0.0755 -0.4697 -0.8796
vn -0.4464 -0.6690 -0.5943
vn 0.1566 -0.9700 -0.1861
vn -0.6562 -0.7536 0.0386
vn 0.0856 -0.9963 -0.0007
vn -0.3868 -0.6586 0.6455
vn 0.1579 -0.9703 0.1835
vn 0.2052 -0.4398 0.8743
vn 0.3309 -0.9071 0.2602
vn 0.7753 -0.2242 0.5905
vn 0.5049 -0.8432 0.1846
vn 0.9903 -0.1388 0.0100
vn 0.5779 -0.8161 -0.0008
vn 0.7682 -0.2060 -0.6061
vn -0.6741 -0.4498 -0.5858
vn 0.6820 -0.7232 -0.1094
vn 0.6163 0.0247 0.7872
vn 0.6752 -0.2398 -0.6976
vn 0.5631 -0.2382 -0.7913
vn 0.0752 -0.3680 -0.9268
vn 0.0756 -0.4698 -0.8795
vn -0.4978 -0.5904 -0.6353
vn -0.4463 -0.6691 -0.5943
vn -0.7308 -0.6822 0.0233
vn -0.6562 -0.7536 0.0385
vn -0.4616 -0.5873 0.6648
vn -0.3868 -0.6586 0.6454
vn 0.1522 -0.3611 0.9200
vn 0.2052 -0.4399 0.8743
vn 0.7572 -0.1338 0.6393
vn 0.7752 -0.2243 0.5905
vn 0.9994 -0.0302 0.0163
vn 0.8821 -0.1229 -0.4548
vn 0.7683 -0.2061 -0.6061
vn 0.4203 -0.8158 -0.3972
vn -0.6741 -0.4499 -0.5858
vn 0.3426 -0.9395 0.0032
vn 0.3410 -0.9401 0.0001
vn 0.6819 -0.7232 -0.1094
vn -0.1679 -0.5310 -0.8306
vn -0.1676 -0.5337 -0.8289
vn 0.2285 -0.4296 -0.8737
vn 0.2277 -0.4307 -0.8733
vn 0.7545 -0.2401 -0.6108
vn 0.7549 -0.2400 -0.6104
vn 0.9878 -0.1553 0.0114
vn 0.9878 -0.1553 0.0119
vn 0.7394 -0.2457 0.6269
vn 0.7390 -0.2458 0.6273
vn 0.1549 -0.4584 0.8751
vn 0.1541 -0.4586 0.8752
vn -0.4238 -0.6691 0.6105
vn -0.6558 -0.7528 0.0573
vn -0.6561 -0.7524 0.0587
vn -0.6217 -0.7054 -0.3403
vn -0.6226 -0.7047 -0.3402
vn 0.3414 -0.9399 -0.0014
vn 0.4204 -0.8158 0.3972
vn 0.3410 -0.9401 -0.0001
vn 0.6819 -0.7232 0.1095
vn 0.5631 -0.2381 0.7913
vn 0.8821 -0.1228 0.4548
vn 0.6661 0.2372 0.7071
vn 0.9994 -0.0300 -0.0163
vn 0.0751 -0.3678 0.9269
vn 0.7572 -0.1337 -0.6394
vn -0.6645 -0.2419 0.7071
vn -0.4978 -0.5903 0.6354
vn 0.1521 -0.3610 -0.9201
vn -0.7309 -0.6821 -0.0233
vn -0.4617 -0.5872 -0.6648
vn 0.6164 0.0248 -0.7871
vn 0.6752 -0.2397 0.6976
vn 0.3306 -0.9061 0.2640
vn 0.0755 -0.4697 0.8796
vn -0.4463 -0.6690 0.5943
vn 0.1565 -0.9700 0.1861
vn -0.6562 -0.7536 -0.0385
vn 0.0856 -0.9963 0.0007
vn -0.3868 -0.6586 -0.6455
vn 0.1579 -0.9703 -0.1835
vn 0.2052 -0.4398 -0.8743
vn 0.3309 -0.9071 -0.2602
vn 0.7752 -0.2242 -0.5905
vn 0.5049 -0.8432 -0.1846
vn 0.9903 -0.1388 -0.0100
vn 0.5779 -0.8161 0.0008
vn 0.7682 -0.2060 0.6061
vn -0.6741 -0.4498 0.5858
vn 0.4204 -0.8158 0.3973
vn -0.6741 -0.4498 0.5859
vn 0.7683 -0.2061 0.6061
vn 0.8821 -0.1229 0.4548
vn 0.9903 -0.1389 -0.0100
vn 0.9994 -0.0302 -0.0163
vn 0.7752 -0.2243 -0.5905
vn 0.7572 -0.1338 -0.6393
vn 0.2052 -0.4399 -0.8743
vn 0.1522 -0.3611 -0.9200
vn -0.3868 -0.6587 -0.6454
vn -0.4616 -0.5874 -0.6648
vn -0.7308 -0.6822 -0.0233
vn -0.4463 -0.6691 0.5943
vn -0.4978 -0.5904 0.6353
vn 0.0756 -0.4698 0.8795
vn 0.0752 -0.3680 0.9268
vn 0.6752 -0.2398 0.6976
vn 0.5631 -0.2382 0.7913
vn 0.6820 -0.7232 0.1094
vn 0.6163 0.0247 -0.7871
vn 0.6819 -0.7232 0.1094
vn 0.3415 -0.9399 -0.0013
vn 0.3426 -0.9395 -0.0029
vn 0.8038 0.0929 -0.5875
vn -0.4994 -0.6674 -0.5525
vn 0.2095 -0.8952 -0.3934
vn -0.6012 -0.6619 -0.4478
vn -0.7438 -0.6661 0.0552
vn -0.6667 -0.7399 0.0895
vn -0.4654 -0.5788 0.6696
vn -0.3956 -0.6508 0.6481
vn 0.1556 -0.3597 0.9200
vn 0.2018 -0.4414 0.8744
vn 0.7595 -0.1428 0.6347
vn 0.7729 -0.2367 0.5887
vn 0.9870 -0.1553 -0.0422
vn 0.7324 -0.1429 -0.6657
vn 0.7176 -0.2453 -0.6518
vn 0.1419 -0.3423 -0.9288
vn 0.1697 -0.4375 -0.8830
vn -0.4135 -0.6361 -0.6515
vn -0.0618 -0.9913 -0.1159
vn -0.4848 -0.3809 0.7873
vn 0.3451 -0.9386 -0.0006
vn 0.3432 -0.9393 0.0004
vn 0.4540 0.8910 0.0022
vn 0.4421 0.8677 -0.2272
vn 0.4395 0.8627 -0.2504
vn 0.4035 0.7919 -0.4583
vn 0.4028 0.7912 -0.4601
vn 0.8732 0.4874 0.0009
vn 0.8488 0.4658 -0.2504
vn 0.8772 0.4797 0.0208
vn 0.8637 0.4574 -0.2116
vn 0.7782 0.4115 -0.4745
vn 0.8099 0.3955 -0.4331
vn 0.8289 -0.5164 -0.2149
vn 0.8232 -0.5182 -0.2318
vn 0.7568 -0.4703 -0.4540
vn 0.7548 -0.4507 -0.4765
vn 0.0816 -0.9677 -0.2383
vn 0.0813 -0.9604 -0.2666
vn 0.0748 -0.8857 -0.4583
vn 0.0750 -0.8853 -0.4590
vn 0.5467 -0.7945 -0.2646
vn 0.5505 -0.7996 -0.2399
vn 0.5038 -0.7318 -0.4589
vn 0.5039 -0.7323 -0.4582
vn -0.3305 -0.9150 -0.2312
vn -0.3295 -0.9121 -0.2439
vn -0.3019 -0.8358 -0.4586
vn -0.3017 -0.8356 -0.4591
vn -0.8867 -0.3999 -0.2322
vn -0.8776 -0.4031 -0.2597
vn -0.8003 -0.3602 -0.4793
vn -0.8213 -0.3480 -0.4520
vn -0.0002 1.0000 -0.0001
vn -0.4929 0.8400 -0.2269
vn -0.4908 0.8246 -0.2813
vn -0.4523 0.7583 -0.4695
vn -0.4586 0.7478 -0.4800
vn 0.7893 0.5735 -0.2195
vn 0.7782 0.5649 -0.2744
vn 0.7185 0.5219 -0.4598
vn 0.7172 0.5220 -0.4617
vn -0.0002 0.9567 -0.2911
vn -0.0000 0.9628 -0.2704
vn -0.0001 0.8886 -0.4587
vn -0.0002 0.8885 -0.4590
vn -0.6439 0.7172 -0.2666
vn -0.6497 0.7234 -0.2337
vn -0.5933 0.6608 -0.4597
vn -0.5934 0.6615 -0.4586
vn 0.5287 0.0001 -0.8488
vn 0.5291 -0.0000 -0.8486
vn 0.9476 -0.0000 -0.3194
vn 0.9476 0.0001 -0.3196
vn 0.0002 1.0000 0.0003
vn 0.0003 1.0000 0.0004
vn 0.0005 1.0000 0.0002
vn 0.0004 1.0000 0.0002
vn 0.5334 0.8459 -0.0001
vn 0.5322 0.8466 -0.0000
vn 0.5490 -0.8358 -0.0000
vn 0.5475 -0.8368 -0.0001
vn 0.0013 -1.0000 -0.0004
vn 0.0009 -1.0000 -0.0005
vn 0.0002 -1.0000 0.0003
vn 0.0003 -1.0000 0.0005
vn -0.4907 0.8246 -0.2814
vn -0.4586 0.7479 -0.4800
vn -0.4522 0.7585 -0.4692
vn 0.7893 0.5734 -0.2195
vn 0.8093 0.5874 -0.0000
vn 0.7184 0.5220 -0.4598
vn -0.0001 0.8884 -0.4591
vn 0.7782 0.5650 -0.2744
vn -0.0000 0.8886 -0.4588
vn -0.5933 0.6615 -0.4587
vn -0.0001 0.9628 -0.2704
vn -0.6438 0.7172 -0.2666
vn -0.5931 0.6610 -0.4597
vn 0.4027 0.7912 -0.4602
vn -0.6497 0.7234 -0.2338
vn 0.4422 0.8677 -0.2272
vn 0.4036 0.7918 -0.4584
vn 0.8098 0.3956 -0.4332
vn 0.4396 0.8626 -0.2504
vn 0.8637 0.4575 -0.2116
vn 0.8771 0.4799 0.0207
vn 0.7781 0.4116 -0.4746
vn 0.0007 -1.0000 -0.0004
vn 0.8487 0.4658 -0.2503
vn 0.5474 -0.8368 -0.0000
vn 0.0005 -1.0000 0.0006
vn 0.8731 0.4875 0.0009
vn 0.5321 0.8467 0.0001
vn 0.0003 1.0000 0.0002
vn 0.7549 -0.4507 -0.4765
vn 0.0004 1.0000 0.0005
vn 0.8290 -0.5164 -0.2148
vn 0.8463 -0.5326 -0.0000
vn 0.7567 -0.4703 -0.4541
vn 0.0752 -0.8852 -0.4590
vn 0.0748 -0.8856 -0.4583
vn 0.5039 -0.7322 -0.4582
vn 0.0814 -0.9604 -0.2666
vn 0.5466 -0.7945 -0.2645
vn 0.5668 -0.8239 -0.0000
vn 0.5037 -0.7319 -0.4590
vn -0.3016 -0.8356 -0.4591
vn 0.5504 -0.7997 -0.2400
vn 0.5670 -0.8237 -0.0002
vn -0.3020 -0.8357 -0.4587
vn -0.8213 -0.3481 -0.4521
vn -0.3296 -0.9121 -0.2439
vn -0.8866 -0.3999 -0.2322
vn -0.8003 -0.3602 -0.4794
vn -0.8775 -0.4031 -0.2597
vn 0.0439 -0.9984 -0.0370
vn -0.0348 -0.9987 -0.0370
vn 0.9990 -0.0330 -0.0309
vn -0.9990 -0.0327 -0.0309
vn -0.9990 0.0328 -0.0309
vn 0.9990 0.0328 -0.0309
vn 0.0394 0.9985 -0.0370
vn -0.0393 0.9985 -0.0370
vn -0.7502 0.6612 -0.0000
vn -0.8816 -0.4720 -0.0000
vn -0.8839 0.4677 -0.0000
vn -0.0302 0.9995 -0.0000
vn -0.0301 0.9995 -0.0000
vn 0.7572 0.6532 -0.0000
vn 1.0000 -0.0000 -0.0009
vn 0.8089 -0.0000 0.5880
vn 0.0001 0.6228 0.7824
vn -0.0001 0.6295 0.7770
vn 0.0001 0.8856 0.4645
vn 0.0001 0.8918 0.4524
vn -0.0001 0.2224 0.9749
vn 0.0001 0.2232 0.9748
vn 0.0001 -0.2233 0.9748
vn -0.0001 -0.2224 0.9749
vn 0.0001 -0.6228 0.7824
vn -0.0000 0.2224 0.9749
vn -0.0001 -0.6295 0.7770
vn 0.0001 -0.8856 0.4645
vn -0.0000 -0.6295 0.7770
vn -0.0001 0.8918 -0.4524
vn -0.0001 0.6295 -0.7770
vn 0.0001 0.8856 -0.4645
vn 0.0001 0.6228 -0.7824
vn -0.0001 0.2224 -0.9750
vn 0.0001 0.2233 -0.9748
vn 0.0001 -0.2232 -0.9748
vn -0.0001 -0.2225 -0.9749
vn 1.0000 0.0001 -0.0001
vn -0.0000 -0.2224 -0.9750
vn -0.0001 -0.6294 -0.7770
vn 0.0001 -0.8856 -0.4645
vn 0.0001 -0.8897 -0.4565
vn -0.0000 0.9973 0.0735
vn 0.0505 0.9974 0.0514
vn 0.0706 0.9975 -0.0000
vn -0.0505 0.9974 0.0514
vn 0.0505 0.9974 -0.0514
vn -0.0706 0.9975 -0.0000
vn -0.0000 0.9973 -0.0735
vn -0.0505 0.9974 -0.0514
vn -0.0000 -0.9973 0.0735
vn 0.0505 -0.9974 0.0514
vn 0.0706 -0.9975 -0.0000
vn -0.0505 -0.9974 0.0514
vn 0.0505 -0.9974 -0.0514
vn -0.0706 -0.9975 -0.0000
vn -0.0000 -0.9973 -0.0735
vn -0.0505 -0.9974 -0.0514
vn 0.7942 0.5824 0.1733
vn 0.7580 0.6408 -0.1216
vn 0.7909 0.6008 0.1166
vn 0.7188 0.6804 0.1428
vn 0.7141 0.6852 0.1436
vn 0.7053 0.7036 -0.0863
vn 0.8609 0.5030 0.0771
vn 0.8350 0.5481 0.0484
vn 0.8119 0.5766 -0.0916
vn 0.6650 0.7445 0.0591
vn 0.6611 0.7483 0.0554
vn 0.6822 0.7312 -0.0011
vn 0.8643 0.4988 -0.0648
vn 0.8346 0.5488 -0.0481
vn 0.7072 0.7014 0.0890
vn 0.7992 0.5841 -0.1418
vn 0.8385 0.5449 -0.0077
vn 0.6650 0.7445 -0.0591
vn 0.6638 0.7449 -0.0670
vn 0.8175 0.5699 0.0830
vn 0.7187 0.6804 -0.1433
vn 0.7633 0.6345 0.1215
vn 0.7949 0.5896 -0.1431
vn 0.7245 0.6737 -0.1458
vn 0.7580 0.6408 -0.1217
vn 0.8119 0.5765 -0.0917
vn 0.2182 0.1831 -0.9586
vn 0.7053 0.7036 -0.0865
vn 0.6538 -0.3362 -0.6778
vn -0.2175 0.7024 -0.6778
vn 0.8385 0.5448 -0.0077
vn 0.8343 -0.5513 0.0001
vn 0.6538 -0.3362 0.6779
vn 0.8175 0.5699 0.0831
vn 0.6821 0.7312 -0.0011
vn -0.3980 0.9174 -0.0001
vn -0.2175 0.7024 0.6777
vn 0.7071 0.7015 0.0890
vn 0.2181 0.1832 0.9586
vn 0.7632 0.6346 0.1216
vn 0.9945 0.1045 0.0001
vn 0.9915 0.0850 0.0982
vn 0.0687 0.9976 0.0001
vn -0.1112 0.9938 -0.0000
vn 0.0873 0.9962 -0.0000
vn -0.1087 0.9941 -0.0000
vn 0.1934 0.9811 -0.0001
vn 0.1935 0.9811 0.0001
vn 0.1140 0.9935 -0.0000
vn -0.0873 0.9962 -0.0000
vn 0.0687 0.9976 -0.0000
vn 0.0469 -0.0001 0.9989
vn 0.9915 -0.0850 0.0983
vn 0.9945 -0.1044 -0.0000
vn 0.0752 -0.9972 -0.0000
vn 0.1259 -0.9920 -0.0000
vn -0.1215 -0.9926 -0.0000
vn -0.0952 -0.9955 -0.0000
vn 0.0956 -0.9954 -0.0000
vn 0.1240 -0.9923 -0.0000
vn -0.1187 -0.9929 -0.0000
vn -0.1244 -0.9922 -0.0000
vn 0.1583 -0.9874 -0.0001
vn 0.0713 -0.9975 -0.0000
vn -0.0645 0.9979 -0.0000
vn -0.0644 0.9979 -0.0000
vn -0.0642 0.9979 -0.0001
vn 0.1583 -0.9874 0.0001
vn -0.1186 -0.9929 -0.0000
vn 0.0955 -0.9954 -0.0000
vn 0.0752 -0.9972 -0.0001
vn 0.7673 0.6413 0.0001
vn 0.7673 0.6413 -0.0000
vn 0.7673 0.6412 -0.0000
vn 0.7673 0.6412 -0.0001
vn -0.0642 0.9979 -0.0000
vn -0.3962 -0.6863 -0.6100
vn -0.7924 -0.0000 -0.6100
vn -0.3962 0.6862 -0.6100
vn 0.3962 -0.6862 -0.6100
vn 0.3962 0.6863 -0.6100
vn 0.7924 -0.0000 -0.6100
vn 0.3962 0.6862 0.6100
vn -0.3962 0.6863 0.6100
vn -0.7924 -0.0000 0.6100
vn 0.7924 -0.0000 0.6100
vn -0.3962 -0.6862 0.6100
vn 0.3962 -0.6863 0.6100
vn 0.6926 -0.0000 0.7214
vn 0.0706 0.9975 0.0001
vn -0.0505 0.9974 0.0513
vn 0.0506 0.9974 -0.0514
vn -0.0706 0.9975 -0.0001
vn 0.0001 0.9973 -0.0735
vn -0.0505 0.9974 -0.0513
vn -0.6204 -0.7843 -0.0000
vn -0.6634 -0.2871 -0.6910
vn -0.6634 -0.2871 0.6910
vn -0.6926 -0.0000 -0.7213
vn -0.6926 -0.0000 0.7214
vn -0.0576 -0.0000 -0.9983
vn -0.0576 -0.0000 0.9983
vn 0.6925 -0.0000 0.7214
vn -0.6634 0.2871 -0.6910
vn -0.6634 0.2871 0.6910
vn -0.6204 0.7843 -0.0000
vn 0.0706 -0.9975 -0.0001
vn 0.6926 -0.0000 -0.7214
vn 0.0506 -0.9974 0.0513
vn 0.0001 -0.9973 0.0735
vn -0.0506 -0.9974 -0.0513
vn -0.0706 -0.9975 0.0001
vn -0.3978 0.9175 -0.0000
vn -0.2174 0.7024 0.6778
vn -0.2174 0.7024 -0.6778
vn 0.2183 0.1832 0.9585
vn 0.2183 0.1832 -0.9585
vn 0.6540 -0.3360 0.6778
vn 0.6540 -0.3360 -0.6778
vn 0.8344 -0.5511 -0.0000
vn -0.1735 -0.0661 0.9826
vn 0.0278 0.0020 0.9996
vn -0.1102 -0.1352 0.9847
vn -0.1903 0.0306 0.9813
vn -0.0278 -0.1721 0.9847
vn -0.1354 0.1100 0.9847
vn 0.0015 -0.0000 1.0000
vn 0.0622 -0.1629 0.9847
vn -0.0622 0.1629 0.9847
vn 0.1352 -0.1100 0.9847
vn 0.0278 0.1721 0.9847
vn -0.1781 0.2741 0.9451
vn 0.1722 -0.0277 0.9847
vn 0.1100 0.1353 0.9847
vn 0.1628 0.0622 0.9847
vn -0.1735 -0.0661 -0.9826
vn 0.0278 0.0020 -0.9996
vn -0.1102 -0.1352 -0.9847
vn -0.1903 0.0306 -0.9813
vn -0.0278 -0.1721 -0.9847
vn -0.1353 0.1100 -0.9847
vn 0.0015 -0.0000 -1.0000
vn 0.0621 -0.1629 -0.9847
vn -0.0621 0.1629 -0.9847
vn 0.1352 -0.1100 -0.9847
vn 0.0278 0.1721 -0.9847
vn -0.1781 0.2741 -0.9451
vn 0.1722 -0.0277 -0.9847
vn 0.1100 0.1353 -0.9847
vn 0.1628 0.0622 -0.9847
vn 0.0753 -0.9972 -0.0000
vn 0.1259 -0.9920 -0.0001
vn -0.1216 -0.9926 -0.0000
vn -0.0953 -0.9955 -0.0000
vn 0.0957 -0.9954 -0.0000
vn 0.1241 -0.9923 -0.0000
vn 0.1241 -0.9923 0.0001
vn -0.1187 -0.9929 -0.0001
vn -0.1245 -0.9922 -0.0000
vn -0.1245 -0.9922 0.0001
vn 0.1584 -0.9874 -0.0000
vn 0.0715 -0.9974 -0.0000
vn 0.0714 -0.9974 -0.0000
vn 0.3277 -0.9448 -0.0000
vn 0.3262 -0.9453 0.0002
vn 0.3262 -0.9453 -0.0002
vn 0.3264 -0.9452 -0.0006
vn 0.3264 -0.9452 0.0006
vn 0.3301 -0.9439 0.0027
vn 0.3301 -0.9439 -0.0027
vn 0.3308 -0.9437 0.0017
vn 0.3308 -0.9437 -0.0017
vn -0.0000 -0.7071 0.7071
vn -0.3840 -0.6910 0.6124
vn -0.0000 -0.7071 -0.7071
vn -0.3840 -0.6910 -0.6124
vn -0.2678 -0.4819 0.8343
vn -0.2678 -0.4819 -0.8343
vn 0.2684 -0.4806 0.8349
vn 0.2684 -0.4806 -0.8349
vn -0.2683 -0.4806 0.8349
vn 0.3855 -0.6904 0.6121
vn -0.7674 0.3333 -0.5478
vn -0.2684 -0.4806 -0.8349
vn 0.3855 -0.6905 -0.6121
vn -0.3855 -0.6905 0.6121
vn -0.3855 -0.6904 -0.6121
vn -0.3102 -0.7142 0.6275
vn -0.7674 0.3333 0.5478
vn -0.3102 -0.7142 -0.6275
vn 0.3347 -0.9423 -0.0000
vn -0.1813 -0.9834 -0.0000
vn 0.7610 -0.6487 -0.0000
vn -0.6487 -0.7610 -0.0000
vn 0.9834 -0.1813 -0.0000
vn -0.9423 -0.3347 -0.0000
vn 0.9423 0.3347 -0.0000
vn -0.9834 0.1813 -0.0000
vn 0.6487 0.7610 -0.0000
vn -0.7610 0.6487 -0.0000
vn 0.0382 0.9986 -0.0370
vn -0.0381 0.9986 -0.0355
vn 0.0394 0.9986 -0.0354
vn -0.0394 0.9985 -0.0371
vn 0.9990 0.0329 -0.0310
vn -0.9990 0.0313 -0.0310
vn 0.9990 0.0312 -0.0326
vn -0.9989 0.0328 -0.0328
vn 0.9989 -0.0329 -0.0328
vn -0.9990 -0.0311 -0.0326
vn 0.9990 -0.0314 -0.0310
vn -0.9990 -0.0327 -0.0310
vn 0.0440 -0.9983 -0.0371
vn -0.0336 -0.9987 -0.0371
vn 0.0429 -0.9985 -0.0354
vn -0.0348 -0.9988 -0.0354
vn 0.1156 0.0024 0.9933
vn -0.9147 0.4042 -0.0001
vn 0.0763 0.5908 0.8032
vn 0.1110 -0.0014 0.9938
vn -0.2846 0.9586 -0.0000
vn -0.2846 0.9587 -0.0000
vn -0.9144 0.4048 0.0001
vn 0.1157 0.0025 -0.9933
vn 0.1110 -0.0014 -0.9938
vn -0.9384 0.3457 -0.0000
vn -0.9384 0.3456 -0.0000
vn -0.9383 0.3457 -0.0001
vn -0.9383 0.3457 0.0001
vn 0.1012 -0.0136 0.9948
vn 0.1012 -0.0136 -0.9948
vn -0.2041 -0.9789 -0.0001
vn -0.2041 -0.9790 -0.0000
vn -0.2040 -0.9790 0.0001
vn -0.2041 -0.9790 -0.0001
vn 0.1371 0.0367 0.9899
vn 0.2399 -0.9708 0.0001
vn 0.2399 -0.9708 -0.0001
vn 0.2399 -0.9708 -0.0000
vn 0.1174 0.0132 0.9930
vn 0.1175 0.0132 -0.9930
vn 0.9908 -0.1350 -0.0000
vn 0.0909 0.5572 -0.8254
vn 0.8874 0.4610 -0.0000
vn 0.0882 0.5632 -0.8216
vn 0.0909 0.5571 0.8254
vn 0.0882 0.5632 0.8216
vn 0.0709 0.6034 0.7943
vn 0.0710 0.6035 -0.7942
vn 0.0019 1.0000 0.0001
vn -0.0665 0.0108 0.9977
vn -0.0503 0.0373 0.9980
vn -0.3509 -0.9364 -0.0000
vn -0.3253 -0.9456 -0.0000
vn -0.0715 0.3548 0.9322
vn -0.7782 -0.6280 0.0001
vn -0.0543 0.0179 0.9984
vn -0.7832 -0.6218 -0.0000
vn -0.7782 -0.6280 -0.0001
vn -0.0203 0.0038 0.9998
vn -0.3512 -0.9363 -0.0000
vn -0.0543 0.0178 -0.9984
vn -0.0666 0.0109 -0.9977
vn -0.0502 0.0372 -0.9980
vn -0.0203 0.0038 -0.9998
vn -0.3262 -0.9453 -0.0000
vn 0.7653 -0.6436 -0.0000
vn 0.0075 0.2213 -0.9752
vn 0.0075 0.2213 0.9752
vn -0.7831 -0.6218 -0.0001
vn -0.0045 -1.0000 0.0001
vn -0.0045 -1.0000 -0.0001
vn -0.0043 -1.0000 -0.0000
vn -0.0043 -1.0000 0.0001
vn 0.0038 0.4054 -0.9141
vn 0.0038 0.4054 0.9141
vn -0.7831 -0.6218 0.0001
vn -0.1067 0.9943 -0.0001
vn -0.1068 0.9943 0.0001
vn 0.0722 0.3988 0.9142
vn 0.0722 0.3988 -0.9142
vn 0.7168 0.6972 -0.0000
vn 0.7877 0.6161 -0.0001
vn 0.7876 0.6161 0.0001
vn 0.3512 0.9363 0.0001
vn 0.3262 0.9453 -0.0000
vn -0.0596 0.0242 0.9979
vn -0.0833 0.0065 0.9965
vn -0.0888 0.0328 0.9955
vn 0.7832 0.6218 -0.0000
vn -0.1011 0.0921 0.9906
vn 0.7831 0.6218 -0.0000
vn -0.0956 0.4438 0.8910
vn 0.7831 0.6218 -0.0001
vn 0.3253 0.9456 -0.0000
vn -0.1069 0.9943 -0.0000
vn -0.1011 0.0920 -0.9906
vn -0.0956 0.4437 -0.8910
vn -0.0832 0.0064 -0.9965
vn -0.0597 0.0243 -0.9979
vn -0.1068 0.9943 -0.0002
vn 0.3509 0.9364 -0.0000
vn -0.0888 0.0329 -0.9955
vn -0.8193 -0.5734 0.0001
vn -0.8193 -0.5734 -0.0001
vn -0.8194 -0.5732 -0.0000
vn -0.8194 -0.5733 -0.0000
vn -0.0880 0.0064 -0.9961
vn -0.0881 0.0065 0.9961
vn 0.7782 0.6280 -0.0001
vn -0.0847 0.0085 -0.9964
vn -0.0847 0.0085 0.9964
vn 0.7782 0.6280 0.0001
vn -0.0798 0.0097 0.9968
vn -0.0901 0.0010 0.9959
vn -0.7221 -0.6918 -0.0000
vn -0.0439 -0.2347 0.9711
vn 0.8150 0.5795 0.0001
vn 0.9708 0.2400 -0.0000
vn -0.0232 -0.0058 0.9997
vn 0.9708 0.2399 -0.0000
vn -0.0222 0.0196 0.9996
vn 0.8147 0.5799 -0.0001
vn 0.8147 0.5799 -0.0000
vn -0.0434 -0.0027 0.9991
vn 0.8147 0.5799 0.0001
vn 0.8147 0.5800 -0.0000
vn -0.0483 0.0115 0.9988
vn -0.0233 -0.0057 -0.9997
vn -0.0221 0.0195 -0.9996
vn -0.0435 -0.0026 -0.9990
vn -0.0484 0.0114 -0.9988
vn 0.8150 0.5795 -0.0001
vn -0.0439 -0.2346 -0.9711
vn -0.6477 0.7619 -0.0001
vn -0.6477 0.7619 0.0001
vn -0.5174 0.8557 -0.0001
vn -0.1856 -0.3709 -0.9099
vn -0.5200 0.8542 0.0001
vn -0.1856 -0.3709 0.9099
vn -0.4238 0.9057 -0.0000
vn -0.1887 -0.3758 -0.9073
vn -0.4043 0.9146 -0.0000
vn -0.8221 0.5694 -0.0000
vn -0.8221 0.5694 -0.0001
vn -0.3806 -0.9248 -0.0000
vn -0.1722 -0.9851 -0.0001
vn -0.0618 -0.2227 0.9729
vn -0.1741 -0.9847 0.0001
vn -0.0619 -0.2227 -0.9729
vn 0.9970 0.0770 -0.0000
vn 0.7751 0.6318 -0.0000
vn 0.7853 0.6191 -0.0000
vn 0.5000 -0.0000 -0.8660
vn -0.5000 -0.0000 -0.8660
vn 0.5000 -0.0000 0.8660
vn -0.5000 -0.0000 0.8660
vn -0.1736 -0.0661 0.9826
vn -0.1103 -0.1353 0.9846
vn -0.3873 -0.1518 0.9094
vn -0.2594 -0.3252 0.9094
vn -0.4113 0.0621 0.9094
vn -0.0279 -0.1722 0.9847
vn -0.1904 0.0306 0.9812
vn -0.0622 -0.4113 0.9094
vn -0.3251 0.2594 0.9094
vn 0.0622 -0.1630 0.9847
vn -0.1354 0.1101 0.9847
vn 0.1518 -0.3873 0.9094
vn -0.1518 0.3873 0.9094
vn 0.1353 -0.1101 0.9847
vn -0.0622 0.1630 0.9847
vn 0.3251 -0.2595 0.9094
vn 0.0622 0.4113 0.9094
vn 0.0279 0.1723 0.9847
vn 0.4113 -0.0621 0.9094
vn 0.2594 0.3252 0.9094
vn 0.1629 0.0622 0.9847
vn 0.1101 0.1354 0.9847
vn 0.3873 0.1518 0.9094
vn -0.1736 -0.0661 -0.9826
vn -0.3873 -0.1519 -0.9094
vn -0.1103 -0.1353 -0.9846
vn -0.2595 -0.3251 -0.9094
vn -0.4113 0.0621 -0.9094
vn -0.0278 -0.1722 -0.9847
vn -0.1904 0.0306 -0.9812
vn -0.0622 -0.4113 -0.9094
vn -0.3251 0.2595 -0.9094
vn 0.0622 -0.1630 -0.9847
vn -0.1354 0.1101 -0.9847
vn 0.1519 -0.3873 -0.9094
vn -0.1519 0.3873 -0.9094
vn 0.1353 -0.1101 -0.9847
vn -0.0622 0.1630 -0.9847
vn 0.3251 -0.2595 -0.9094
vn 0.0622 0.4113 -0.9094
vn 0.0278 0.1723 -0.9847
vn 0.4113 -0.0621 -0.9094
vn 0.2595 0.3251 -0.9094
vn 0.1629 0.0622 -0.9847
vn 0.1101 0.1354 -0.9847
vn 0.3873 0.1519 -0.9094
vn 0.6661 0.2373 0.7071
vn 0.6661 0.2373 -0.7071
vn -0.6629 -0.2464 0.7070
vn -0.6629 -0.2464 -0.7070
vn 0.0003 -0.0000 -1.0000
vn -0.3962 0.6862 -0.6101
vn -0.3962 0.6862 0.6101
vn 0.3962 0.6862 -0.6101
vn 0.3962 0.6862 0.6101
vn -0.7923 -0.0000 0.6101
vn 0.7923 -0.0000 -0.6101
vn -0.7923 -0.0000 -0.6101
vn 0.7923 -0.0000 0.6101
vn -0.3962 -0.6862 0.6101
vn 0.3962 -0.6862 -0.6101
vn -0.3962 -0.6862 -0.6101
vn 0.3962 -0.6862 0.6101
vn -0.0001 0.7091 0.7051
vn -0.0000 0.8291 0.5591
vn -0.0001 0.0033 1.0000
vn -0.0000 0.1887 0.9820
vn -0.0000 -0.1881 0.9822
vn -0.0000 -0.1883 0.9821
vn -0.0000 0.5614 0.8275
vn -0.0000 -0.8266 0.5628
vn -0.0000 -0.8280 0.5608
vn -0.0000 0.1855 0.9826
vn -0.0000 0.9812 0.1929
vn -0.0000 0.9805 -0.1966
vn -0.0000 0.9826 0.1856
vn -0.0001 1.0000 -0.0054
vn -0.0000 0.5590 -0.8292
vn -0.0000 0.8285 -0.5599
vn -0.0000 0.5493 -0.8356
vn -0.0001 0.7062 -0.7081
vn -0.0000 -0.1970 -0.9804
vn -0.0000 0.1878 -0.9822
vn -0.0000 -0.1977 -0.9803
vn -0.0001 -0.0027 -1.0000
vn -0.0000 -0.8318 -0.5551
vn -0.0000 -0.5684 -0.8228
vn -0.0000 -0.8322 -0.5545
vn -0.0001 -0.7086 -0.7056
vn -0.0000 -0.9813 0.1924
vn -0.0000 -0.9832 -0.1823
vn -0.0000 -0.9805 0.1966
vn -0.0000 -0.9842 -0.1772
vn -0.0001 -1.0000 0.0023
vn -0.0000 -0.5572 0.8304
vn -0.0000 -0.5657 0.8246
vn -0.0001 -0.7053 0.7089
vn -0.0000 -0.5678 -0.8232
vn -0.0000 0.1885 -0.9821
vn -0.0000 0.8314 -0.5557
vn -0.0000 0.9833 -0.1821
vn -0.0000 0.9784 0.2065
vn -0.0000 0.8271 0.5621
vn -0.0000 0.5564 0.8309
vn -0.0000 0.1840 0.9829
vn -0.0000 -0.1900 0.9818
vn -0.0000 -0.5701 0.8216
vn -0.0000 -0.8318 0.5551
vn -0.0000 -0.9815 -0.1913
vn 0.1578 0.0032 0.9875
vn 0.1576 -0.6952 0.7013
vn 0.1584 -0.9874 0.0057
vn 0.1579 0.7015 0.6950
vn 0.1585 -0.6999 -0.6965
vn 0.1568 0.9876 -0.0065
vn 0.1578 -0.0040 -0.9875
vn 0.1570 0.6972 -0.6994
vn 0.5823 -0.5936 -0.5555
vn 0.5823 -0.8125 0.0270
vn 0.5823 -0.0270 -0.8125
vn 0.5823 0.5555 -0.5936
vn 0.5823 -0.5555 0.5936
vn 0.5823 0.8125 -0.0270
vn 0.5823 0.5936 0.5555
vn 0.5823 0.0270 0.8125
vt 0.564453 0.706055
vt 0.564453 0.705566
vt 0.564453 0.706543
vt 0.094482 0.044220
vt 0.094482 0.062408
vt 0.098938 0.044220
vt 0.152710 0.526367
vt 0.143555 0.598145
vt 0.070068 0.507812
vt 0.481934 0.712891
vt 0.321289 0.729980
vt 0.321289 0.729492
vt 0.324951 0.729492
vt 0.324951 0.729980
vt 0.466064 0.877930
vt 0.952637 0.877930
vt 0.466064 0.746094
vt 0.952637 0.746094
vt 0.981934 0.753906
vt 0.981934 0.877930
vt 0.323730 0.729980
vt 0.323730 0.729492
vt 0.480469 0.710449
vt 0.480469 0.711426
vt 0.279053 0.656250
vt 0.280518 0.656250
vt 0.279053 0.014870
vt 0.280518 0.014870
vt 0.483154 0.714844
vt 0.484375 0.714844
vt 0.482666 0.714844
vt 0.482666 0.710938
vt 0.484375 0.710938
vt 0.481445 0.714844
vt 0.483154 0.710938
vt 0.481445 0.710938
vt 0.482422 0.710938
vt 0.481689 0.714844
vt 0.481689 0.710938
vt 0.482422 0.714844
vt 0.532715 0.706055
vt 0.532715 0.705566
vt 0.533691 0.706055
vt 0.534668 0.705566
vt 0.534180 0.706055
vt 0.534180 0.707031
vt 0.533691 0.707031
vt 0.534668 0.706055
vt 0.534668 0.704102
vt 0.535156 0.705566
vt 0.534668 0.704590
vt 0.535645 0.704102
vt 0.535645 0.704590
vt 0.535156 0.707031
vt 0.535156 0.706543
vt 0.535645 0.706543
vt 0.535645 0.707031
vt 0.536133 0.704590
vt 0.536133 0.704102
vt 0.535156 0.706055
vt 0.564453 0.705078
vt 0.500977 0.641602
vt 0.500000 0.072571
vt 0.499756 0.641602
vt 0.322754 0.730469
vt 0.322998 0.730469
vt 0.322754 0.730957
vt 0.323486 0.730469
vt 0.323486 0.730957
vt 0.323242 0.730469
vt 0.501953 0.641602
vt 0.481201 0.710938
vt 0.482910 0.710938
vt 0.482178 0.710938
vt 0.111206 0.731934
vt 0.111206 0.730957
vt 0.107483 0.730957
vt 0.110779 0.732422
vt 0.107361 0.730957
vt 0.106384 0.732422
vt 0.106018 0.731934
vt 0.106567 0.730957
vt 0.106018 0.730957
vt 0.106445 0.730957
vt 0.106323 0.731934
vt 0.106689 0.731934
vt 0.106689 0.730469
vt 0.108582 0.730469
vt 0.109314 0.730469
vt 0.109375 0.730957
vt 0.111816 0.733398
vt 0.111267 0.730957
vt 0.112061 0.731934
vt 0.111816 0.730469
vt 0.112488 0.730957
vt 0.322510 0.728516
vt 0.322754 0.728516
vt 0.323730 0.728516
vt 0.323486 0.728516
vt 0.596680 0.703613
vt 0.596680 0.703125
vt 0.100708 0.045197
vt 0.101929 0.045197
vt 0.100708 0.048523
vt 0.101929 0.048523
vt 0.106201 0.045197
vt 0.104980 0.045197
vt 0.104980 0.048523
vt 0.106201 0.048523
vt 0.104797 0.052307
vt 0.104797 0.048950
vt 0.106018 0.052307
vt 0.106018 0.048950
vt 0.101746 0.048950
vt 0.100525 0.048950
vt 0.101746 0.052307
vt 0.100525 0.052307
vt 0.113403 0.048920
vt 0.114502 0.048920
vt 0.113403 0.051788
vt 0.114502 0.051788
vt 0.118164 0.048920
vt 0.117065 0.048920
vt 0.117065 0.051788
vt 0.118164 0.051788
vt 0.116882 0.054993
vt 0.116882 0.052124
vt 0.117981 0.054993
vt 0.117981 0.052124
vt 0.114319 0.052124
vt 0.113281 0.052124
vt 0.114319 0.054993
vt 0.113281 0.054993
vt 0.093140 0.049713
vt 0.097168 0.049713
vt 0.097168 0.048553
vt 0.093140 0.048553
vt 0.110840 0.723633
vt 0.109009 0.723633
vt 0.107544 0.724121
vt 0.108826 0.723145
vt 0.108459 0.723145
vt 0.108948 0.723145
vt 0.108887 0.723145
vt 0.110229 0.723145
vt 0.109070 0.723145
vt 0.107544 0.723633
vt 0.107727 0.723145
vt 0.107910 0.723145
vt 0.109009 0.722656
vt 0.110840 0.722656
vt 0.110840 0.723145
vt 0.110352 0.722656
vt 0.108948 0.722656
vt 0.110229 0.722656
vt 0.106506 0.723633
vt 0.107422 0.724121
vt 0.106384 0.724121
vt 0.106445 0.723633
vt 0.106384 0.724609
vt 0.106384 0.725098
vt 0.107056 0.724609
vt 0.106384 0.723633
vt 0.107056 0.723633
vt 0.108398 0.724121
vt 0.107361 0.724609
vt 0.107361 0.723633
vt 0.108154 0.724609
vt 0.108154 0.723145
vt 0.108398 0.723145
vt 0.108093 0.724609
vt 0.107422 0.724609
vt 0.107422 0.723633
vt 0.108093 0.723145
vt 0.108337 0.723145
vt 0.107666 0.723145
vt 0.107422 0.723145
vt 0.107483 0.723633
vt 0.163818 0.819824
vt 0.052521 0.959961
vt 0.052521 0.819824
vt 0.163818 0.959961
vt 0.101746 0.731934
vt 0.105774 0.730469
vt 0.102417 0.731445
vt 0.105408 0.729492
vt 0.107483 0.728027
vt 0.106934 0.728027
vt 0.107239 0.728516
vt 0.106445 0.728516
vt 0.106018 0.729004
vt 0.105835 0.729004
vt 0.105835 0.729980
vt 0.105469 0.729004
vt 0.101807 0.731445
vt 0.102417 0.730957
vt 0.102356 0.731445
vt 0.105530 0.729492
vt 0.105957 0.729492
vt 0.106018 0.729492
vt 0.106873 0.728516
vt 0.106995 0.728516
vt 0.107544 0.728516
vt 0.109375 0.729004
vt 0.109009 0.729492
vt 0.106201 0.728516
vt 0.107239 0.728027
vt 0.108459 0.727539
vt 0.105957 0.729980
vt 0.107605 0.728027
vt 0.108948 0.729004
vt 0.109131 0.727539
vt 0.109619 0.727539
vt 0.109436 0.728516
vt 0.110718 0.727539
vt 0.110474 0.728516
vt 0.109070 0.728027
vt 0.107666 0.728516
vt 0.109619 0.728027
vt 0.109131 0.728027
vt 0.109436 0.729004
vt 0.110474 0.729004
vt 0.110535 0.729004
vt 0.110779 0.728027
vt 0.109680 0.728027
vt 0.105957 0.730469
vt 0.108948 0.729492
vt 0.111389 0.723145
vt 0.110962 0.723633
vt 0.111450 0.723145
vt 0.111572 0.723145
vt 0.111694 0.724609
vt 0.112122 0.723145
vt 0.112122 0.724609
vt 0.112122 0.722656
vt 0.111572 0.722656
vt 0.110901 0.722656
vt 0.110962 0.723145
vt 0.111328 0.722656
vt 0.110474 0.722656
vt 0.111328 0.723145
vt 0.111328 0.724609
vt 0.111572 0.724609
vt 0.111267 0.724609
vt 0.145508 0.844727
vt 0.158325 0.830078
vt 0.041443 0.960938
vt 0.158325 0.960938
vt 0.041443 0.830078
vt 0.041443 0.844727
vt 0.110352 0.723145
vt 0.084106 0.386719
vt 0.086731 0.386719
vt 0.086975 0.386719
vt 0.088013 0.386719
vt 0.091370 0.386719
vt 0.089417 0.386719
vt 0.088196 0.386719
vt 0.089294 0.386719
vt 0.090942 0.386719
vt 0.091675 0.386719
vt 0.092224 0.386719
vt 0.094177 0.386719
vt 0.091064 0.386719
vt 0.092163 0.386719
vt 0.091370 0.388672
vt 0.091370 0.396973
vt 0.091675 0.388672
vt 0.091675 0.396973
vt 0.084045 0.388672
vt 0.084045 0.396973
vt 0.084106 0.388672
vt 0.084106 0.396973
vt 0.094177 0.388672
vt 0.091736 0.388672
vt 0.094177 0.396973
vt 0.091736 0.396973
vt 0.094238 0.388672
vt 0.094238 0.396973
vt 0.089539 0.386475
vt 0.089539 0.394775
vt 0.093262 0.386475
vt 0.093262 0.394775
vt 0.093628 0.394775
vt 0.093628 0.386475
vt 0.095093 0.394775
vt 0.095093 0.386475
vt 0.095337 0.394775
vt 0.095337 0.386475
vt 0.096863 0.386475
vt 0.096863 0.394775
vt 0.097046 0.386475
vt 0.097046 0.394775
vt 0.099121 0.394775
vt 0.099121 0.386475
vt 0.099304 0.386475
vt 0.099304 0.394775
vt 0.100891 0.386475
vt 0.100891 0.394775
vt 0.101013 0.386475
vt 0.101013 0.394775
vt 0.103699 0.386475
vt 0.103699 0.394775
vt 0.089539 0.384521
vt 0.093262 0.384521
vt 0.093567 0.384521
vt 0.095093 0.384521
vt 0.103699 0.384521
vt 0.097046 0.384521
vt 0.095337 0.384521
vt 0.096863 0.384521
vt 0.099182 0.384521
vt 0.101013 0.384521
vt 0.099304 0.384521
vt 0.100891 0.384521
vt 0.089478 0.386475
vt 0.089478 0.394775
vt 0.103821 0.386475
vt 0.103821 0.394775
vt 0.376465 0.845215
vt 0.376465 0.936523
vt 0.278809 0.845215
vt 0.322266 0.728516
vt 0.322266 0.729004
vt 0.322510 0.729492
vt 0.322510 0.729004
vt 0.323730 0.729004
vt 0.323975 0.728516
vt 0.323975 0.729004
vt 0.323486 0.729492
vt 0.322754 0.729492
vt 0.371826 0.947266
vt 0.270264 0.839355
vt 0.371826 0.839355
vt 0.106995 0.731934
vt 0.106506 0.732422
vt 0.104004 0.729980
vt 0.103943 0.729492
vt 0.103882 0.724121
vt 0.102539 0.722168
vt 0.103149 0.722168
vt 0.107666 0.731934
vt 0.107605 0.729980
vt 0.107178 0.732422
vt 0.105896 0.728027
vt 0.104553 0.729492
vt 0.105530 0.723633
vt 0.104431 0.724121
vt 0.104309 0.723633
vt 0.105286 0.723633
vt 0.103027 0.722168
vt 0.103699 0.722168
vt 0.104736 0.723633
vt 0.105286 0.727539
vt 0.106995 0.729980
vt 0.103760 0.723633
vt 0.102600 0.722168
vt 0.106934 0.729980
vt 0.105347 0.728027
vt 0.078308 0.385498
vt 0.078308 0.384277
vt 0.082031 0.387939
vt 0.083374 0.387939
vt 0.080200 0.387695
vt 0.080017 0.387695
vt 0.080444 0.387207
vt 0.078369 0.385498
vt 0.078369 0.384277
vt 0.081238 0.384277
vt 0.081604 0.387207
vt 0.083435 0.387939
vt 0.083679 0.387695
vt 0.083740 0.387695
vt 0.078308 0.385742
vt 0.079956 0.387695
vt 0.081604 0.387451
vt 0.081970 0.387939
vt 0.080505 0.387207
vt 0.081543 0.387207
vt 0.080261 0.387695
vt 0.080444 0.387451
vt 0.080078 0.387695
vt 0.151245 0.504395
vt 0.049988 0.504395
vt 0.151245 0.614258
vt 0.110046 0.727539
vt 0.113159 0.727539
vt 0.115112 0.728516
vt 0.114746 0.728027
vt 0.113525 0.727051
vt 0.113342 0.726562
vt 0.112122 0.726562
vt 0.112061 0.726562
vt 0.111694 0.726562
vt 0.113159 0.726562
vt 0.110901 0.726562
vt 0.109985 0.726562
vt 0.109131 0.726562
vt 0.107910 0.726562
vt 0.108582 0.726562
vt 0.108459 0.726562
vt 0.107910 0.729980
vt 0.108459 0.729980
vt 0.107849 0.729492
vt 0.109680 0.729980
vt 0.107849 0.727539
vt 0.110229 0.729980
vt 0.109741 0.729492
vt 0.109741 0.729980
vt 0.109924 0.727539
vt 0.110291 0.729980
vt 0.062195 0.852539
vt 0.168213 0.852539
vt 0.062195 0.951660
vt 0.108887 0.726562
vt 0.109680 0.726562
vt 0.110657 0.726562
vt 0.111511 0.726562
vt 0.112061 0.729004
vt 0.112061 0.728516
vt 0.112061 0.727051
vt 0.159790 0.827148
vt 0.047607 0.827148
vt 0.159790 0.832031
vt 0.047607 0.832031
vt 0.113586 0.729004
vt 0.115234 0.730469
vt 0.115234 0.729980
vt 0.113586 0.728516
vt 0.113586 0.727539
vt 0.113464 0.727539
vt 0.114685 0.728516
vt 0.113403 0.727539
vt 0.113281 0.727539
vt 0.115173 0.729004
vt 0.114807 0.728516
vt 0.115295 0.730469
vt 0.088623 0.390381
vt 0.088501 0.390381
vt 0.088501 0.392822
vt 0.089050 0.391602
vt 0.088684 0.390381
vt 0.088501 0.390137
vt 0.088379 0.390137
vt 0.088257 0.390137
vt 0.088257 0.390625
vt 0.088074 0.390625
vt 0.088684 0.390137
vt 0.088562 0.390137
vt 0.088623 0.390137
vt 0.089050 0.391357
vt 0.089172 0.392090
vt 0.089111 0.391602
vt 0.089233 0.392090
vt 0.089111 0.391357
vt 0.088562 0.390381
vt 0.088562 0.390625
vt 0.088440 0.390137
vt 0.088318 0.390137
vt 0.088196 0.390137
vt 0.088135 0.390137
vt 0.088074 0.390137
vt 0.089233 0.392334
vt 0.089233 0.392578
vt 0.089050 0.391846
vt 0.089172 0.392334
vt 0.089111 0.392090
vt 0.089111 0.391846
vt 0.088501 0.390625
vt 0.088501 0.392578
vt 0.088379 0.392334
vt 0.088257 0.392334
vt 0.088257 0.391846
vt 0.088379 0.391846
vt 0.088318 0.391846
vt 0.088196 0.391846
vt 0.088379 0.395996
vt 0.088379 0.392822
vt 0.088196 0.392334
vt 0.088501 0.393066
vt 0.088379 0.392578
vt 0.088318 0.392334
vt 0.088257 0.395996
vt 0.088318 0.395996
vt 0.088379 0.392090
vt 0.069336 0.527344
vt 0.142700 0.605469
vt 0.142700 0.610840
vt 0.142700 0.527344
vt 0.069336 0.610840
vt 0.069763 0.606445
vt 0.069763 0.527344
vt 0.157471 0.526855
vt 0.088196 0.390625
vt 0.088135 0.390625
vt 0.088013 0.390625
vt 0.088318 0.390625
vt 0.160400 0.523438
vt 0.160400 0.615723
vt 0.069885 0.523438
vt 0.070068 0.524414
vt 0.069336 0.602539
vt 0.070801 0.523438
vt 0.323242 0.728516
vt 0.564453 0.707520
vt 0.564453 0.707031
vt 0.564453 0.708008
vt 0.564453 0.704590
vt 0.322998 0.728516
vt 0.093994 0.055664
vt 0.093994 0.046143
vt 0.157715 0.153320
vt 0.157715 0.272217
vt 0.032867 0.153320
vt 0.032990 0.153320
vt 0.094177 0.045471
vt 0.103271 0.045471
vt 0.104736 0.043243
vt 0.106201 0.045471
vt 0.106812 0.050903
vt 0.106201 0.056335
vt 0.104736 0.058563
vt 0.103271 0.056335
vt 0.094177 0.056335
vt 0.102661 0.050903
vt 0.094177 0.046143
vt 0.103149 0.046143
vt 0.094177 0.055664
vt 0.103149 0.055664
vt 0.482422 0.707031
vt 0.484131 0.707031
vt 0.483154 0.707031
vt 0.484375 0.707031
vt 0.486816 0.707031
vt 0.486816 0.708008
vt 0.484619 0.708008
vt 0.483154 0.708008
vt 0.116394 0.736816
vt 0.116333 0.736816
vt 0.115662 0.736816
vt 0.115723 0.736816
vt 0.115540 0.736816
vt 0.115601 0.736816
vt 0.111816 0.736816
vt 0.110962 0.736816
vt 0.110779 0.736816
vt 0.111633 0.736816
vt 0.108215 0.736816
vt 0.108948 0.736816
vt 0.108765 0.736816
vt 0.108032 0.736816
vt 0.107300 0.736816
vt 0.107178 0.736816
vt 0.105713 0.736816
vt 0.105957 0.736816
vt 0.105652 0.736816
vt 0.104431 0.736816
vt 0.104309 0.736816
vt 0.103760 0.736816
vt 0.105835 0.736816
vt 0.104797 0.736816
vt 0.104736 0.736816
vt 0.110962 0.730957
vt 0.115601 0.730957
vt 0.115356 0.724609
vt 0.111023 0.724609
vt 0.116394 0.730957
vt 0.115723 0.730957
vt 0.115967 0.724609
vt 0.115479 0.724609
vt 0.115662 0.730957
vt 0.115540 0.730957
vt 0.111816 0.730957
vt 0.115295 0.724609
vt 0.111633 0.730957
vt 0.108215 0.730957
vt 0.111511 0.724609
vt 0.108032 0.730957
vt 0.104431 0.730957
vt 0.104675 0.724609
vt 0.107971 0.724609
vt 0.104309 0.730957
vt 0.103760 0.730957
vt 0.104187 0.724609
vt 0.104553 0.724609
vt 0.105652 0.730957
vt 0.105652 0.724609
vt 0.105835 0.730957
vt 0.104797 0.730957
vt 0.105713 0.724609
vt 0.104797 0.724609
vt 0.105957 0.730957
vt 0.107178 0.730957
vt 0.106995 0.724609
vt 0.105896 0.724609
vt 0.107300 0.730957
vt 0.108765 0.730957
vt 0.108887 0.724609
vt 0.107178 0.724609
vt 0.108948 0.730957
vt 0.110779 0.730957
vt 0.110840 0.724609
vt 0.109070 0.724609
vt 0.113098 0.726562
vt 0.112732 0.725586
vt 0.112549 0.726562
vt 0.109680 0.723145
vt 0.110107 0.729004
vt 0.112549 0.727539
vt 0.108398 0.725098
vt 0.112732 0.728516
vt 0.113098 0.727539
vt 0.106201 0.729004
vt 0.107727 0.731445
vt 0.105408 0.729980
vt 0.105103 0.729004
vt 0.106995 0.725098
vt 0.106201 0.724609
vt 0.106140 0.723145
vt 0.105469 0.723633
vt 0.105469 0.724609
vt 0.563965 0.703613
vt 0.563965 0.705566
vt 0.563965 0.707520
vt 0.116333 0.731445
vt 0.115906 0.725586
vt 0.115906 0.724609
vt 0.115234 0.725586
vt 0.115234 0.724609
vt 0.104736 0.730957
vt 0.104736 0.724609
vt 0.105713 0.730957
vt 0.172974 0.960449
vt 0.047455 0.834473
vt 0.172974 0.834473
vt 0.084900 0.380859
vt 0.084900 0.397461
vt 0.096497 0.380859
vt 0.096497 0.397461
vt 0.099670 0.397461
vt 0.099670 0.380859
vt 0.098450 0.044128
vt 0.099304 0.044128
vt 0.098083 0.063171
vt 0.098083 0.045074
vt 0.101501 0.379883
vt 0.098633 0.379883
vt 0.099854 0.379883
vt 0.096680 0.379883
vt 0.095886 0.379883
vt 0.084900 0.379883
vt 0.085938 0.379883
vt 0.085632 0.379883
vt 0.095093 0.379883
vt 0.095398 0.379883
vt 0.086060 0.380127
vt 0.085876 0.380127
vt 0.094971 0.380127
vt 0.098511 0.379883
vt 0.095215 0.380127
vt 0.094971 0.381348
vt 0.086121 0.381348
vt 0.095154 0.381348
vt 0.085876 0.381348
vt 0.101562 0.397461
vt 0.098755 0.397461
vt 0.101562 0.380859
vt 0.098755 0.380859
vt 0.098450 0.064087
vt 0.099304 0.064087
vt 0.098450 0.045074
vt 0.099304 0.045074
vt 0.098450 0.063171
vt 0.099304 0.063171
vt 0.098511 0.397461
vt 0.096069 0.397461
vt 0.098511 0.380859
vt 0.096069 0.380859
vt 0.098694 0.380859
vt 0.098694 0.398193
vt 0.098633 0.398438
vt 0.101501 0.398438
vt 0.099854 0.398438
vt 0.096680 0.398438
vt 0.095886 0.398438
vt 0.084900 0.398438
vt 0.098511 0.398438
vt 0.062195 0.497803
vt 0.171021 0.497803
vt 0.062195 0.493408
vt 0.171021 0.493408
vt 0.062195 0.492188
vt 0.171021 0.492188
vt 0.172729 0.163940
vt 0.172729 0.292725
vt 0.042511 0.163940
vt 0.063110 0.515625
vt 0.063110 0.607422
vt 0.162109 0.515625
vt 0.098694 0.397461
vt 0.322266 0.729980
vt 0.322266 0.729492
vt 0.323975 0.729980
vt 0.323975 0.729492
vt 0.059174 0.387451
vt 0.059174 0.383545
vt 0.076599 0.387451
vt 0.076599 0.383545
vt 0.056946 0.383545
vt 0.056946 0.387451
vt 0.076599 0.382812
vt 0.059174 0.382812
vt 0.078857 0.387451
vt 0.078857 0.383545
vt 0.059174 0.388184
vt 0.076599 0.388184
vt 0.650879 0.704590
vt 0.644531 0.704590
vt 0.650879 0.703125
vt 0.644531 0.703125
vt 0.650879 0.702148
vt 0.644531 0.702148
vt 0.402100 0.015015
vt 0.402100 0.076599
vt 0.402100 0.603027
vt 0.402344 0.076599
vt 0.402344 0.015015
vt 0.402344 0.603027
vt 0.418213 0.708984
vt 0.419189 0.708984
vt 0.418457 0.712402
vt 0.419434 0.712402
vt 0.418457 0.709961
vt 0.419434 0.709961
vt 0.416260 0.703613
vt 0.419922 0.703613
vt 0.423828 0.713867
vt 0.423828 0.704102
vt 0.420166 0.704102
vt 0.419189 0.709473
vt 0.419189 0.711914
vt 0.419434 0.702637
vt 0.422607 0.702637
vt 0.415771 0.702148
vt 0.419922 0.702148
vt 0.422607 0.705078
vt 0.422607 0.712891
vt 0.422607 0.713379
vt 0.419434 0.713379
vt 0.422607 0.705566
vt 0.419434 0.705566
vt 0.424072 0.702148
vt 0.424072 0.713867
vt 0.419678 0.702148
vt 0.421875 0.702148
vt 0.563965 0.704102
vt 0.563965 0.707031
vt 0.596680 0.705566
vt 0.110535 0.045990
vt 0.110352 0.048309
vt 0.110535 0.045868
vt 0.110291 0.048370
vt 0.111145 0.051483
vt 0.111145 0.051208
vt 0.112793 0.052277
vt 0.112671 0.051941
vt 0.114197 0.050293
vt 0.113953 0.050110
vt 0.114563 0.046692
vt 0.114319 0.046753
vt 0.113647 0.043579
vt 0.113464 0.043854
vt 0.112061 0.042755
vt 0.111938 0.043091
vt 0.111084 0.044128
vt 0.111084 0.044342
vt 0.161133 0.253662
vt 0.161011 0.253662
vt 0.161133 0.172363
vt 0.160889 0.172363
vt 0.161499 0.172363
vt 0.161621 0.253662
vt 0.162720 0.172363
vt 0.162720 0.253662
vt 0.163818 0.172363
vt 0.163696 0.253662
vt 0.164062 0.172363
vt 0.163940 0.253662
vt 0.163452 0.172363
vt 0.163330 0.253662
vt 0.162231 0.172363
vt 0.162231 0.253662
vt 0.161377 0.172363
vt 0.161499 0.253662
vt 0.110779 0.043884
vt 0.109253 0.042389
vt 0.112000 0.042236
vt 0.111084 0.039825
vt 0.113770 0.043121
vt 0.113708 0.041138
vt 0.114807 0.046600
vt 0.115173 0.046204
vt 0.114380 0.050629
vt 0.114563 0.052063
vt 0.112793 0.052826
vt 0.112305 0.055298
vt 0.111023 0.051941
vt 0.109619 0.054016
vt 0.109985 0.048462
vt 0.108215 0.048920
vt 0.110291 0.045441
vt 0.108643 0.044281
vt 0.112061 0.048340
vt 0.112305 0.048309
vt 0.112671 0.047211
vt 0.112549 0.046692
vt 0.111938 0.729004
vt 0.112305 0.729980
vt 0.111816 0.729980
vt 0.108887 0.726074
vt 0.109314 0.731934
vt 0.111938 0.731445
vt 0.112305 0.730469
vt 0.107971 0.728516
vt 0.107544 0.728027
vt 0.107971 0.731934
vt 0.106018 0.728516
vt 0.106873 0.734863
vt 0.106079 0.728027
vt 0.105286 0.732422
vt 0.104492 0.733398
vt 0.104187 0.732422
vt 0.105225 0.726074
vt 0.104553 0.727051
vt 0.104553 0.727539
vt 0.107239 0.732910
vt 0.106995 0.732910
vt 0.100891 0.732910
vt 0.100647 0.732910
vt 0.144287 0.065491
vt 0.143066 0.065491
vt 0.144775 0.065491
vt 0.144897 0.065491
vt 0.143433 0.065491
vt 0.144409 0.065491
vt 0.142456 0.065491
vt 0.143677 0.065491
vt 0.141602 0.065491
vt 0.142700 0.065491
vt 0.141235 0.065491
vt 0.141846 0.065491
vt 0.141357 0.065491
vt 0.177856 0.810547
vt 0.177856 0.972168
vt 0.176636 0.810547
vt 0.176636 0.972168
vt 0.322754 0.729980
vt 0.322998 0.729492
vt 0.323242 0.729492
vt 0.322998 0.729980
vt 0.323242 0.729980
vt 0.323486 0.729980
vt 0.322754 0.729004
vt 0.322998 0.729004
vt 0.323242 0.729004
vt 0.323486 0.729004
vt 0.375000 0.658203
vt 0.375000 0.592773
vt 0.375000 0.554199
vt 0.374756 0.658203
vt 0.374756 0.554199
vt 0.374756 0.592773
vt 0.104736 0.050903
vt 0.104736 0.056915
vt 0.105896 0.055145
vt 0.106384 0.050903
vt 0.103577 0.055145
vt 0.105896 0.046661
vt 0.103088 0.050903
vt 0.104736 0.044891
vt 0.103577 0.046661
vt 0.105286 0.055511
vt 0.105957 0.055603
vt 0.104370 0.052338
vt 0.105225 0.055695
vt 0.104309 0.058838
vt 0.104736 0.051636
vt 0.104309 0.052185
vt 0.102051 0.050873
vt 0.104736 0.059570
vt 0.104187 0.058899
vt 0.101929 0.060211
vt 0.101929 0.049988
vt 0.101929 0.050812
vt 0.099670 0.052094
vt 0.099060 0.051636
vt 0.099548 0.052185
vt 0.101929 0.061188
vt 0.101807 0.060150
vt 0.099548 0.058838
vt 0.099060 0.059570
vt 0.099487 0.058655
vt 0.097900 0.055603
vt 0.098572 0.055298
vt 0.098511 0.055511
vt 0.161255 0.156860
vt 0.161255 0.156250
vt 0.045227 0.156860
vt 0.161255 0.157471
vt 0.045227 0.156250
vt 0.045227 0.157593
vt 0.161255 0.156128
vt 0.045227 0.156006
vt 0.161255 0.157715
vt 0.045258 0.157837
vt 0.151367 0.606934
vt 0.068176 0.518555
vt 0.151367 0.518555
vt 0.052887 0.520508
vt 0.156616 0.615723
vt 0.156616 0.520508
vt 0.358154 0.302490
vt 0.358154 0.656738
vt 0.391113 0.383789
vt 0.391113 0.656738
vt 0.165039 0.268555
vt 0.166504 0.268555
vt 0.164551 0.153809
vt 0.164307 0.268555
vt 0.166504 0.153809
vt 0.163696 0.153809
vt 0.168579 0.153809
vt 0.168091 0.268555
vt 0.168701 0.268555
vt 0.169312 0.153809
vt 0.835938 0.716309
vt 0.725586 0.716309
vt 0.835938 0.023422
vt 0.725586 0.023422
vt 0.951660 0.716309
vt 0.951660 0.023422
vt 0.101929 0.049561
vt 0.101929 0.050568
vt 0.098633 0.051453
vt 0.105164 0.051453
vt 0.098389 0.052612
vt 0.105469 0.052612
vt 0.096924 0.057556
vt 0.097290 0.056000
vt 0.106934 0.057556
vt 0.106506 0.056000
vt 0.098633 0.060516
vt 0.098389 0.062469
vt 0.105164 0.060516
vt 0.105469 0.062469
vt 0.101929 0.064514
vt 0.101929 0.062408
vt 0.641602 0.655762
vt 0.641602 0.135254
vt 0.092224 0.396973
vt 0.092224 0.388672
vt 0.092163 0.396973
vt 0.092163 0.388672
vt 0.091064 0.396973
vt 0.091064 0.388672
vt 0.090942 0.396973
vt 0.090942 0.388672
vt 0.089417 0.396973
vt 0.089417 0.388672
vt 0.089294 0.396973
vt 0.089294 0.388672
vt 0.088196 0.388672
vt 0.088196 0.396973
vt 0.088013 0.396973
vt 0.088013 0.388672
vt 0.086975 0.396973
vt 0.086975 0.388672
vt 0.086731 0.396973
vt 0.086731 0.388672
vt 0.501465 0.641602
vt 0.322510 0.729980
vt 0.483887 0.714844
vt 0.483887 0.710938
vt 0.483643 0.714844
vt 0.483643 0.710938
vt 0.487793 0.339111
vt 0.487793 0.675293
vt 0.577637 0.025269
vt 0.577637 0.025085
vt 0.577637 0.025406
vt 0.577637 0.024918
vt 0.577637 0.025497
vt 0.577637 0.024826
vt 0.577637 0.025482
vt 0.577637 0.024811
vt 0.577637 0.025375
vt 0.577637 0.024887
vt 0.577637 0.025208
vt 0.577637 0.025040
vt 0.100891 0.729004
vt 0.106995 0.729004
vt 0.100647 0.729004
vt 0.107239 0.729004
vt 0.147339 0.854980
vt 0.070312 0.854980
vt 0.070312 0.935059
vt 0.147339 0.935059
vt 0.182373 0.821289
vt 0.019409 0.821289
vt 0.182373 0.961426
vt 0.031036 0.962402
vt 0.180786 0.812500
vt 0.180786 0.962402
vt 0.031036 0.812500
vt 0.161743 0.840332
vt 0.056396 0.840332
vt 0.161743 0.954102
vt 0.660645 0.025482
vt 0.660645 0.025375
vt 0.272461 0.025391
vt 0.272461 0.025314
vt 0.660645 0.025208
vt 0.660645 0.025497
vt 0.272461 0.025192
vt 0.272461 0.025345
vt 0.660645 0.025040
vt 0.660645 0.025406
vt 0.272461 0.025070
vt 0.272461 0.025238
vt 0.660645 0.024887
vt 0.660645 0.025269
vt 0.272461 0.024963
vt 0.272461 0.025116
vt 0.660645 0.024811
vt 0.660645 0.025085
vt 0.272461 0.024918
vt 0.272461 0.024994
vt 0.660645 0.024826
vt 0.660645 0.024918
vt 0.986816 0.908203
vt 0.449463 0.908203
vt 0.449463 0.989746
vt 0.986816 0.989746
vt 0.063110 0.387207
vt 0.063110 0.403564
vt 0.066895 0.387207
vt 0.066895 0.403564
vt 0.068909 0.387207
vt 0.068909 0.403564
vt 0.072693 0.387207
vt 0.072693 0.403564
vt 0.115540 0.048309
vt 0.115540 0.055603
vt 0.115784 0.048309
vt 0.115784 0.055603
vt 0.115417 0.055603
vt 0.115906 0.048309
vt 0.115417 0.048309
vt 0.115906 0.055603
vt 0.103210 0.044495
vt 0.103210 0.053009
vt 0.103455 0.044495
vt 0.103455 0.053009
vt 0.103027 0.053009
vt 0.103638 0.044495
vt 0.103027 0.044495
vt 0.103638 0.053009
vt 0.168457 0.515625
vt 0.047150 0.515625
vt 0.168457 0.622070
vt 0.075134 0.405029
vt 0.060699 0.405029
vt 0.078857 0.404785
vt 0.075134 0.404785
vt 0.060699 0.404785
vt 0.078857 0.402832
vt 0.056946 0.404785
vt 0.060699 0.402832
vt 0.056946 0.402832
vt 0.075134 0.402832
s 1
usemtl Default_OBJ
f 3/1/1 2/2/1 1/3/1
f 6/4/2 5/5/2 4/6/2
f 9/5/3 8/4/3 7/6/3
f 12/5/3 11/4/3 10/6/3
f 15/4/2 14/5/2 13/6/2
f 18/1/4 17/2/4 16/3/4
f 21/1/5 20/2/5 19/3/5
f 24/7/6 23/8/7 22/9/8
f 27/8/3 26/7/9 25/9/10
f 30/10/11 29/10/11 28/10/11
f 31/10/11 28/10/11 29/10/11
f 34/11/12 33/11/12 32/11/12
f 33/11/12 35/12/12 32/11/12
f 35/12/12 36/12/12 32/11/12
f 37/11/12 35/12/12 33/11/12
f 38/11/12 37/11/12 33/11/12
f 39/12/12 35/12/12 37/11/12
f 42/13/13 41/14/13 40/13/13
f 41/14/13 43/14/13 40/13/13
f 44/14/13 43/14/13 41/14/13
f 43/14/13 45/14/13 40/13/13
f 45/14/13 46/13/13 40/13/13
f 47/14/13 45/14/13 43/14/13
f 50/15/13 49/16/13 48/17/13
f 51/18/13 48/17/13 49/16/13
f 51/18/13 49/16/13 52/19/13
f 53/20/13 52/19/13 49/16/13
f 56/21/13 55/21/13 54/22/13
f 57/22/13 54/22/13 55/21/13
f 57/22/13 55/21/13 58/22/13
f 59/22/13 58/22/13 55/21/13
f 58/22/13 59/22/13 60/22/13
f 61/22/13 60/22/13 59/22/13
f 64/23/12 63/23/12 62/24/12
f 65/24/12 62/24/12 63/23/12
f 68/25/12 67/26/12 66/27/12
f 69/28/12 66/27/12 67/26/12
f 72/29/13 71/30/13 70/29/14
f 70/29/14 71/30/13 73/30/15
f 74/31/16 70/29/14 73/30/15
f 74/31/16 73/30/15 75/32/17
f 76/33/18 75/32/17 73/30/15
f 70/29/14 74/31/16 77/34/19
f 70/29/14 77/34/19 78/35/20
f 76/33/18 78/35/20 75/32/17
f 79/33/12 78/35/20 76/33/18
f 80/35/12 78/35/20 79/33/12
f 81/36/21 78/35/20 77/34/19
f 75/32/17 78/35/20 82/37/22
f 81/36/21 82/37/22 78/35/20
f 77/34/19 83/38/23 81/36/21
f 84/39/24 81/36/21 83/38/23
f 82/37/22 81/36/21 84/39/24
f 85/40/25 83/38/23 77/34/19
f 83/38/23 85/40/25 84/39/24
f 74/31/16 85/40/25 77/34/19
f 82/37/22 84/39/24 85/40/25
f 85/40/25 86/40/26 82/37/22
f 85/40/25 74/31/16 86/40/26
f 82/37/22 87/37/27 75/32/17
f 87/37/27 82/37/22 86/40/26
f 75/32/17 88/32/28 74/31/16
f 88/32/28 75/32/17 87/37/27
f 86/40/26 89/31/29 87/37/27
f 89/31/29 86/40/26 74/31/16
f 89/31/29 74/31/16 88/32/28
f 88/32/28 87/37/27 89/31/29
f 92/41/12 91/42/12 90/43/12
f 91/42/12 93/44/12 90/43/12
f 94/45/12 90/43/12 93/44/12
f 94/45/12 95/46/12 90/43/12
f 96/47/12 90/43/12 95/46/12
f 94/45/12 93/44/12 97/48/12
f 98/44/12 97/48/12 93/44/12
f 93/44/12 99/49/12 98/44/12
f 98/44/12 100/50/12 97/48/12
f 101/51/12 98/44/12 99/49/12
f 99/49/12 102/52/30 101/51/12
f 103/53/30 101/51/12 102/52/30
f 97/48/12 100/50/12 104/54/12
f 105/55/12 104/54/12 100/50/12
f 105/55/12 106/56/12 104/54/12
f 107/57/12 104/54/12 106/56/12
f 110/58/30 109/53/12 108/59/30
f 111/52/12 108/59/30 109/53/12
f 109/53/12 112/55/12 111/52/12
f 113/60/12 111/52/12 112/55/12
f 112/55/12 114/55/31 113/60/12
f 115/60/31 113/60/12 114/55/31
f 118/42/13 117/41/13 116/43/13
f 118/42/13 116/43/13 119/44/13
f 120/45/13 119/44/13 116/43/13
f 120/45/13 116/43/13 121/46/13
f 122/47/13 121/46/13 116/43/13
f 120/45/13 123/48/13 119/44/13
f 124/44/13 119/44/13 123/48/13
f 119/44/13 124/44/13 125/49/13
f 126/50/13 124/44/13 123/48/13
f 127/51/13 125/49/13 124/44/13
f 125/49/13 127/51/13 128/52/32
f 129/53/32 128/52/32 127/51/13
f 123/48/13 130/54/13 126/50/13
f 131/55/13 126/50/13 130/54/13
f 131/55/13 130/54/13 132/56/13
f 133/57/13 132/56/13 130/54/13
f 136/58/32 135/59/32 134/53/13
f 137/52/13 134/53/13 135/59/32
f 134/53/13 137/52/13 138/55/13
f 139/60/13 138/55/13 137/52/13
f 138/55/13 139/60/13 140/55/33
f 141/60/33 140/55/33 139/60/13
f 144/5/34 143/5/34 142/6/34
f 145/6/34 142/6/34 143/5/34
f 148/4/35 147/4/35 146/5/35
f 149/5/35 146/5/35 147/4/35
f 152/6/12 151/6/12 150/4/12
f 153/4/12 150/4/12 151/6/12
f 156/11/2 155/11/2 154/11/2
f 155/11/2 157/11/2 154/11/2
f 157/11/2 158/11/2 154/11/2
f 159/11/2 157/11/2 155/11/2
f 162/11/3 161/11/3 160/11/3
f 161/11/3 163/11/3 160/11/3
f 163/11/3 164/11/3 160/11/3
f 165/11/3 163/11/3 161/11/3
f 168/6/34 167/5/34 166/6/34
f 169/5/34 166/6/34 167/5/34
f 172/5/35 171/4/35 170/5/35
f 173/4/35 170/5/35 171/4/35
f 176/4/12 175/6/12 174/4/12
f 177/6/12 174/4/12 175/6/12
f 180/12/3 179/12/3 178/12/3
f 179/12/3 181/12/3 178/12/3
f 181/12/3 182/12/3 178/12/3
f 183/12/3 181/12/3 179/12/3
f 186/12/2 185/12/2 184/12/2
f 185/12/2 187/12/2 184/12/2
f 187/12/2 188/12/2 184/12/2
f 189/12/2 187/12/2 185/12/2
f 192/61/12 191/61/12 190/61/12
f 193/61/12 190/61/12 191/61/12
f 196/61/13 195/61/13 194/61/13
f 197/61/13 194/61/13 195/61/13
f 200/62/36 199/63/37 198/64/38
f 199/63/37 201/64/39 198/64/38
f 199/63/37 202/62/40 201/64/39
f 205/65/41 204/65/41 203/65/41
f 204/65/41 206/65/41 203/65/41
f 206/65/41 207/65/41 203/65/41
f 208/65/41 206/65/41 204/65/41
f 209/65/41 206/65/41 208/65/41
f 210/66/41 208/65/41 204/65/41
f 211/66/41 210/66/41 204/65/41
f 212/65/41 208/65/41 210/66/41
f 215/67/42 214/67/43 213/67/43
f 214/67/43 216/67/43 213/67/43
f 216/67/43 217/67/44 213/67/43
f 218/67/43 216/67/43 214/67/43
f 219/67/45 216/67/43 218/67/43
f 220/67/43 218/67/43 214/67/43
f 221/67/43 220/67/43 214/67/43
f 222/67/46 218/67/43 220/67/43
f 225/66/47 224/66/47 223/65/47
f 224/66/47 226/65/47 223/65/47
f 226/65/47 227/65/47 223/65/47
f 228/65/47 226/65/47 224/66/47
f 229/66/47 228/65/47 224/66/47
f 230/65/47 226/65/47 228/65/47
f 233/68/48 232/68/48 231/68/48
f 232/68/48 234/68/48 231/68/48
f 234/68/48 235/68/49 231/68/48
f 236/68/48 234/68/48 232/68/48
f 237/68/48 236/68/48 232/68/48
f 238/68/48 234/68/48 236/68/48
f 239/68/48 238/68/48 236/68/48
f 240/68/48 234/68/48 238/68/48
f 243/69/50 242/69/51 241/69/51
f 242/69/51 244/69/51 241/69/51
f 244/69/51 245/69/52 241/69/51
f 246/69/51 244/69/51 242/69/51
f 247/69/53 246/69/51 242/69/51
f 248/69/51 244/69/51 246/69/51
f 249/69/54 248/69/51 246/69/51
f 250/69/51 244/69/51 248/69/51
f 253/68/47 252/68/47 251/68/47
f 252/68/47 254/70/47 251/68/47
f 255/70/47 254/70/47 252/68/47
f 254/70/47 256/68/47 251/68/47
f 256/68/47 257/68/47 251/68/47
f 258/70/47 256/68/47 254/70/47
f 261/3/4 260/3/4 259/2/4
f 262/1/4 259/2/4 260/3/4
f 265/71/55 264/63/56 263/62/57
f 264/63/56 265/71/55 266/71/58
f 264/63/56 266/71/58 267/62/59
f 270/37/60 269/32/61 268/39/61
f 269/32/61 271/39/61 268/39/61
f 271/39/61 272/72/61 268/39/61
f 272/72/61 273/36/61 268/39/61
f 274/72/61 272/72/61 271/39/61
f 275/32/61 271/39/61 269/32/61
f 276/73/61 275/32/61 269/32/61
f 277/74/61 271/39/61 275/32/61
f 280/37/62 279/39/63 278/32/63
f 279/39/63 281/39/64 278/32/63
f 281/39/64 282/32/63 278/32/63
f 282/32/63 283/73/63 278/32/63
f 284/74/63 282/32/63 281/39/64
f 285/72/63 281/39/64 279/39/63
f 286/36/63 285/72/63 279/39/63
f 287/72/63 281/39/64 285/72/63
f 290/75/2 289/76/2 288/77/65
f 291/78/2 290/75/2 288/77/65
f 288/77/65 292/77/65 291/78/2
f 293/78/2 291/78/2 292/77/65
f 294/75/2 293/78/2 292/77/65
f 295/76/2 294/75/2 292/77/65
f 292/77/65 288/77/65 296/79/66
f 297/79/66 296/79/66 288/77/65
f 296/79/66 297/79/66 298/80/67
f 299/80/68 298/80/67 297/79/66
f 298/80/67 300/81/67 296/79/66
f 301/82/67 296/79/66 300/81/67
f 300/81/67 302/83/67 301/82/67
f 299/80/68 297/79/66 303/81/68
f 304/82/68 303/81/68 297/79/66
f 305/83/67 303/81/68 304/82/68
f 308/84/69 307/85/70 306/86/71
f 309/87/72 308/84/69 306/86/71
f 306/86/71 310/88/2 309/87/72
f 310/88/2 306/86/71 311/89/2
f 311/89/2 306/86/71 312/90/2
f 312/90/2 306/86/71 313/90/2
f 314/86/73 313/90/2 306/86/71
f 313/90/2 315/91/2 312/90/2
f 312/90/2 315/91/2 316/92/2
f 314/86/73 317/89/2 313/90/2
f 318/88/2 317/89/2 314/86/73
f 318/88/2 314/86/73 319/87/72
f 320/84/74 319/87/72 314/86/73
f 321/85/75 320/84/74 314/86/73
f 322/92/2 315/91/2 313/90/2
f 315/91/2 323/93/2 316/92/2
f 324/94/2 316/92/2 323/93/2
f 325/95/2 324/94/2 323/93/2
f 315/91/2 322/92/2 326/93/2
f 327/94/2 326/93/2 322/92/2
f 327/94/2 328/95/2 326/93/2
f 331/96/76 330/96/76 329/96/77
f 330/96/76 332/97/76 329/96/77
f 332/97/76 333/96/78 329/96/77
f 334/96/76 332/97/76 330/96/76
f 335/96/76 334/96/76 330/96/76
f 336/97/77 332/97/76 334/96/76
f 337/96/77 336/97/77 334/96/76
f 338/97/76 332/97/76 336/97/77
f 341/96/79 340/96/80 339/97/80
f 340/96/80 342/97/80 339/97/80
f 342/97/80 343/97/80 339/97/80
f 344/96/80 342/97/80 340/96/80
f 345/96/81 344/96/80 340/96/80
f 346/97/80 342/97/80 344/96/80
f 347/96/79 346/97/80 344/96/80
f 348/97/80 342/97/80 346/97/80
f 351/98/82 350/98/82 349/98/83
f 350/98/82 352/99/82 349/98/83
f 353/98/84 352/99/82 350/98/82
f 352/99/82 354/98/83 349/98/83
f 354/98/83 355/98/83 349/98/83
f 356/99/82 354/98/83 352/99/82
f 357/99/82 356/99/82 352/99/82
f 358/98/83 354/98/83 356/99/82
f 361/98/85 360/99/86 359/98/86
f 360/99/86 362/99/86 359/98/86
f 363/99/86 362/99/86 360/99/86
f 362/99/86 364/98/86 359/98/86
f 364/98/86 365/98/86 359/98/86
f 366/98/86 364/98/86 362/99/86
f 367/99/86 366/98/86 362/99/86
f 368/98/85 364/98/86 366/98/86
f 371/100/87 370/100/88 369/100/89
f 369/100/89 372/100/90 371/100/87
f 375/100/91 374/100/92 373/100/93
f 373/100/93 376/101/94 375/100/91
f 379/100/95 378/101/96 377/100/97
f 377/100/97 380/100/98 379/100/95
f 383/100/99 382/100/98 381/100/100
f 381/100/100 384/100/88 383/100/99
f 387/100/101 386/100/90 385/100/102
f 385/100/102 388/100/103 387/100/101
f 391/100/104 390/100/105 389/100/106
f 389/100/106 392/100/92 391/100/104
f 395/100/107 394/100/103 393/100/108
f 393/100/108 396/100/105 395/100/107
f 399/101/109 398/100/94 397/101/110
f 397/101/110 400/100/96 399/101/109
f 403/100/88 402/100/111 401/100/112
f 404/100/90 401/100/112 402/100/111
f 407/100/92 406/100/113 405/100/114
f 408/101/94 405/100/114 406/100/113
f 411/101/96 410/100/115 409/100/97
f 412/100/98 409/100/97 410/100/115
f 415/100/98 414/100/116 413/100/117
f 416/100/88 413/100/117 414/100/116
f 419/100/90 418/100/118 417/100/119
f 420/100/103 417/100/119 418/100/118
f 423/100/105 422/100/120 421/100/121
f 424/100/92 421/100/121 422/100/120
f 427/100/103 426/100/122 425/100/123
f 428/100/105 425/100/123 426/100/122
f 431/100/94 430/101/124 429/101/110
f 432/100/96 429/101/110 430/101/124
f 435/100/88 434/100/125 433/100/126
f 436/100/90 433/100/126 434/100/125
f 439/100/92 438/100/127 437/100/128
f 440/101/94 437/100/128 438/100/127
f 443/101/96 442/100/95 441/100/129
f 444/100/98 441/100/129 442/100/95
f 447/100/98 446/100/130 445/100/131
f 448/100/88 445/100/131 446/100/130
f 451/100/90 450/100/132 449/100/133
f 452/100/103 449/100/133 450/100/132
f 455/100/105 454/100/134 453/100/135
f 456/100/92 453/100/135 454/100/134
f 459/100/103 458/100/136 457/100/137
f 460/100/105 457/100/137 458/100/136
f 463/100/94 462/101/109 461/101/138
f 464/100/96 461/101/138 462/101/109
f 467/102/139 466/103/139 465/104/139
f 468/105/139 465/104/139 466/103/139
f 471/103/12 470/102/12 469/106/12
f 472/107/12 469/106/12 470/102/12
f 475/102/140 474/104/140 473/107/140
f 476/108/140 473/107/140 474/104/140
f 479/104/13 478/105/13 477/108/13
f 480/109/13 477/108/13 478/105/13
f 483/109/141 482/106/141 481/108/141
f 484/107/141 481/108/141 482/106/141
f 487/109/142 486/105/142 485/106/142
f 488/103/142 485/106/142 486/105/142
f 491/110/143 490/111/143 489/112/143
f 492/113/143 489/112/143 490/111/143
f 495/114/12 494/113/12 493/115/12
f 496/111/12 493/115/12 494/113/12
f 499/116/144 498/112/144 497/114/144
f 500/113/144 497/114/144 498/112/144
f 503/117/13 502/110/13 501/116/13
f 504/112/13 501/116/13 502/110/13
f 507/114/145 506/115/145 505/116/145
f 508/117/145 505/116/145 506/115/145
f 511/111/146 510/110/146 509/115/146
f 512/117/146 509/115/146 510/110/146
f 515/118/139 514/119/139 513/120/139
f 516/121/139 513/120/139 514/119/139
f 519/119/12 518/118/12 517/122/12
f 520/123/12 517/122/12 518/118/12
f 523/118/147 522/120/147 521/123/147
f 524/124/147 521/123/147 522/120/147
f 527/120/13 526/121/13 525/124/13
f 528/125/13 525/124/13 526/121/13
f 531/125/141 530/122/141 529/124/141
f 532/123/141 529/124/141 530/122/141
f 535/125/148 534/121/148 533/122/148
f 536/119/148 533/122/148 534/121/148
f 539/126/149 538/127/149 537/128/149
f 540/129/149 537/128/149 538/127/149
f 543/130/12 542/129/12 541/131/12
f 544/127/12 541/131/12 542/129/12
f 547/132/150 546/128/150 545/130/150
f 548/129/150 545/130/150 546/128/150
f 551/133/13 550/126/13 549/132/13
f 552/128/13 549/132/13 550/126/13
f 555/130/145 554/131/145 553/132/145
f 556/133/145 553/132/145 554/131/145
f 559/127/151 558/126/151 557/131/151
f 560/133/151 557/131/151 558/126/151
f 563/134/12 562/134/12 561/135/12
f 564/135/12 561/135/12 562/134/12
f 567/135/3 566/136/3 565/134/3
f 568/137/3 565/134/3 566/136/3
f 571/134/2 570/137/2 569/135/2
f 572/136/2 569/135/2 570/137/2
f 575/136/13 574/137/13 573/136/13
f 576/137/13 573/136/13 574/137/13
f 579/138/3 578/139/152 577/138/3
f 580/139/153 577/138/3 578/139/152
f 578/139/152 581/140/11 580/139/153
f 582/140/11 580/139/153 581/140/11
f 585/141/2 584/141/2 583/142/2
f 586/142/2 583/142/2 584/141/2
f 589/143/154 588/143/154 587/144/154
f 590/144/154 587/144/154 588/143/154
f 593/145/2 592/145/2 591/146/2
f 594/146/2 591/146/2 592/145/2
f 597/147/155 596/148/156 595/139/157
f 596/148/156 598/149/158 595/139/157
f 598/149/158 599/150/159 595/139/157
f 600/142/160 599/150/159 598/149/158
f 595/139/157 599/150/159 601/151/161
f 602/152/162 595/139/157 601/151/161
f 599/150/159 603/153/163 601/151/161
f 599/150/159 600/142/160 604/154/164
f 599/150/159 604/154/164 603/153/163
f 605/144/165 604/154/164 600/142/160
f 606/155/166 603/153/163 604/154/164
f 609/148/167 608/147/168 607/139/169
f 610/149/170 609/148/167 607/139/169
f 611/150/171 610/149/170 607/139/169
f 611/150/171 612/142/172 610/149/170
f 611/150/171 607/139/169 613/151/173
f 607/139/169 614/152/174 613/151/173
f 615/153/175 611/150/171 613/151/173
f 611/150/171 616/154/176 612/142/172
f 611/150/171 615/153/175 616/154/176
f 617/144/177 612/142/172 616/154/176
f 618/155/178 616/154/176 615/153/175
f 621/156/179 620/157/179 619/156/179
f 622/157/179 619/156/179 620/157/179
f 625/158/180 624/159/180 623/160/181
f 626/161/182 623/160/181 624/159/180
f 627/160/183 623/160/181 626/161/182
f 624/159/180 628/159/180 626/161/182
f 627/160/183 626/161/182 629/162/184
f 627/160/183 629/162/184 630/163/2
f 631/164/2 630/163/2 629/162/184
f 632/162/185 629/162/184 626/161/182
f 629/162/184 632/162/185 633/162/186
f 632/162/185 626/161/182 634/162/187
f 632/162/185 634/162/187 633/162/186
f 635/161/188 626/161/182 628/159/180
f 635/161/188 634/162/187 626/161/182
f 635/161/188 628/159/180 636/160/189
f 637/158/180 636/160/189 628/159/180
f 636/160/189 638/160/190 635/161/188
f 638/160/190 639/162/191 635/161/188
f 634/162/187 635/161/188 639/162/191
f 638/160/190 640/163/2 639/162/191
f 641/164/2 639/162/191 640/163/2
f 634/162/187 639/162/191 642/162/192
f 642/162/192 633/162/186 634/162/187
f 642/162/192 643/165/193 633/162/186
f 642/162/192 644/166/194 643/165/193
f 642/162/192 645/164/195 644/166/194
f 646/167/195 644/166/194 645/164/195
f 647/168/196 643/165/193 644/166/194
f 647/168/196 648/169/197 643/165/193
f 649/170/197 643/165/193 648/169/197
f 647/168/196 644/166/194 650/171/198
f 651/172/199 650/171/198 644/166/194
f 651/172/199 652/173/2 650/171/198
f 653/174/2 650/171/198 652/173/2
f 654/165/200 633/162/186 643/165/193
f 633/162/186 654/165/200 655/166/201
f 633/162/186 655/166/201 656/164/195
f 657/167/195 656/164/195 655/166/201
f 658/168/202 655/166/201 654/165/200
f 658/168/202 654/165/200 659/169/197
f 660/170/197 659/169/197 654/165/200
f 658/168/202 661/171/203 655/166/201
f 662/172/204 655/166/201 661/171/203
f 662/172/204 661/171/203 663/173/2
f 664/174/2 663/173/2 661/171/203
f 667/175/205 666/149/206 665/176/207
f 668/174/208 667/175/205 665/176/207
f 669/177/209 668/174/208 665/176/207
f 670/164/210 669/177/209 665/176/207
f 665/176/207 671/156/211 670/164/210
f 672/163/212 670/164/210 671/156/211
f 673/178/213 671/156/211 665/176/207
f 676/179/214 675/180/215 674/179/216
f 677/180/2 674/179/216 675/180/215
f 677/180/2 678/181/217 674/179/216
f 678/181/217 679/181/218 674/179/216
f 678/181/217 677/180/2 680/181/219
f 681/179/180 674/179/216 679/181/218
f 682/180/220 680/181/219 677/180/2
f 679/181/218 683/180/179 681/179/180
f 681/179/180 683/180/179 684/179/180
f 683/180/179 679/181/218 685/180/179
f 686/180/221 684/179/180 683/180/179
f 687/181/222 685/180/179 679/181/218
f 686/180/221 688/181/223 684/179/180
f 684/179/180 688/181/223 689/179/224
f 686/180/221 690/180/179 688/181/223
f 691/181/225 688/181/223 690/180/179
f 692/181/226 689/179/224 688/181/223
f 693/179/227 691/181/225 690/180/179
f 690/180/179 685/180/179 693/179/227
f 691/181/225 693/179/227 694/181/228
f 687/181/222 695/179/229 685/180/179
f 695/179/229 693/179/227 685/180/179
f 687/181/222 696/181/230 695/179/229
f 697/179/231 695/179/229 696/181/230
f 695/179/229 697/179/231 693/179/227
f 696/181/230 698/181/206 697/179/231
f 699/179/232 694/181/228 693/179/227
f 699/179/232 693/179/227 697/179/231
f 694/181/228 699/179/232 700/181/233
f 701/179/234 697/179/231 698/181/206
f 697/179/231 701/179/234 699/179/232
f 698/181/206 702/181/235 701/179/234
f 703/179/236 700/181/233 699/179/232
f 703/179/236 699/179/232 701/179/234
f 700/181/233 703/179/236 704/181/237
f 701/179/234 705/179/238 703/179/236
f 705/179/238 701/179/234 702/181/235
f 706/179/238 703/179/236 705/179/238
f 706/179/238 704/181/237 703/179/236
f 707/182/197 705/179/238 702/181/235
f 705/179/238 707/182/197 708/179/239
f 709/182/240 708/179/239 707/182/197
f 709/182/240 710/182/241 708/179/239
f 711/179/239 708/179/239 710/182/241
f 707/182/197 702/181/235 712/182/197
f 710/182/241 713/182/242 711/179/239
f 706/179/238 711/179/239 713/182/242
f 706/179/238 713/182/242 704/181/237
f 713/182/242 714/182/197 704/181/237
f 715/181/243 712/182/197 702/181/235
f 716/181/244 704/181/237 714/182/197
f 712/182/197 715/181/243 717/180/2
f 712/182/197 717/180/2 718/182/245
f 719/180/246 718/182/245 717/180/2
f 717/180/2 715/181/243 720/180/2
f 721/181/247 720/180/2 715/181/243
f 716/181/244 714/182/197 722/180/2
f 714/182/197 723/182/248 722/180/2
f 724/180/249 722/180/2 723/182/248
f 722/180/2 725/180/2 716/181/244
f 726/181/250 716/181/244 725/180/2
f 720/180/2 721/181/247 727/179/195
f 720/180/2 727/179/195 728/180/251
f 729/179/252 728/180/251 727/179/195
f 727/179/195 721/181/247 730/179/253
f 680/181/219 730/179/253 721/181/247
f 730/179/253 680/181/219 682/180/220
f 730/179/253 682/180/220 731/179/254
f 732/180/255 731/179/254 682/180/220
f 726/181/250 725/180/2 733/179/195
f 725/180/2 734/180/256 733/179/195
f 735/179/257 733/179/195 734/180/256
f 733/179/195 736/179/253 726/181/250
f 737/181/258 726/181/250 736/179/253
f 737/181/258 736/179/253 738/180/259
f 736/179/253 739/179/260 738/180/259
f 740/180/261 738/180/259 739/179/260
f 738/180/259 741/180/259 737/181/258
f 692/181/226 737/181/258 741/180/259
f 692/181/226 741/180/259 689/179/224
f 741/180/259 742/180/262 689/179/224
f 743/179/263 689/179/224 742/180/262
f 746/149/264 745/175/265 744/176/266
f 745/175/265 747/174/267 744/176/266
f 747/174/267 748/177/268 744/176/266
f 748/177/268 749/164/269 744/176/266
f 744/176/266 749/164/269 750/156/270
f 750/156/270 751/178/271 744/176/266
f 752/163/272 750/156/270 749/164/269
f 755/183/273 754/183/273 753/184/273
f 756/184/273 753/184/273 754/183/273
f 759/185/3 758/186/3 757/185/3
f 760/186/3 757/185/3 758/186/3
f 763/187/274 762/188/275 761/189/276
f 764/190/277 761/189/276 762/188/275
f 765/191/278 764/190/277 762/188/275
f 765/191/278 766/192/279 764/190/277
f 767/191/280 764/190/277 766/192/279
f 768/193/281 767/191/280 766/192/279
f 769/194/282 766/192/279 765/191/278
f 768/193/281 766/192/279 770/195/283
f 766/192/279 769/194/282 770/195/283
f 771/196/284 770/195/283 769/194/282
f 774/183/285 773/183/285 772/197/285
f 775/197/285 772/197/285 773/183/285
f 778/198/286 777/198/286 776/199/286
f 779/199/286 776/199/286 777/198/286
f 782/200/3 781/200/3 780/201/3
f 783/201/3 780/201/3 781/200/3
f 786/202/287 785/202/287 784/203/287
f 787/203/287 784/203/287 785/202/287
f 790/187/288 789/189/289 788/188/290
f 791/190/291 788/188/290 789/189/289
f 791/190/291 792/191/292 788/188/290
f 792/191/292 791/190/291 793/192/293
f 794/191/294 793/192/293 791/190/291
f 794/191/294 795/193/295 793/192/293
f 793/192/293 796/194/296 792/191/292
f 793/192/293 795/193/295 797/195/297
f 793/192/293 797/195/297 796/194/296
f 798/196/298 796/194/296 797/195/297
f 801/204/299 800/204/299 799/205/299
f 802/205/299 799/205/299 800/204/299
f 805/190/300 804/206/301 803/207/302
f 806/208/303 803/207/302 804/206/301
f 804/206/301 807/209/304 806/208/303
f 803/207/302 806/208/303 808/210/305
f 809/211/306 806/208/303 807/209/304
f 808/210/305 806/208/303 810/212/307
f 810/212/307 806/208/303 811/213/308
f 809/211/306 812/214/309 806/208/303
f 811/213/308 806/208/303 812/214/309
f 811/213/308 812/214/309 813/215/310
f 814/216/311 813/215/310 812/214/309
f 817/217/3 816/217/3 815/218/3
f 818/218/3 815/218/3 816/217/3
f 821/219/312 820/219/312 819/220/312
f 822/220/312 819/220/312 820/219/312
f 825/221/2 824/221/2 823/222/2
f 826/222/2 823/222/2 824/221/2
f 829/223/313 828/223/313 827/224/313
f 830/224/313 827/224/313 828/223/313
f 833/224/314 832/224/314 831/225/314
f 834/225/314 831/225/314 832/224/314
f 837/226/273 836/226/273 835/227/273
f 838/227/273 835/227/273 836/226/273
f 841/190/315 840/207/316 839/206/317
f 842/208/318 839/206/317 840/207/316
f 842/208/318 840/207/316 843/210/319
f 839/206/317 842/208/318 844/209/320
f 842/208/318 843/210/319 845/212/321
f 846/211/322 844/209/320 842/208/318
f 842/208/318 845/212/321 847/213/323
f 848/214/324 846/211/322 842/208/318
f 842/208/318 847/213/323 848/214/324
f 847/213/323 849/215/325 848/214/324
f 850/216/326 848/214/324 849/215/325
f 853/228/327 852/229/327 851/228/327
f 854/229/327 851/228/327 852/229/327
f 857/230/328 856/230/328 855/231/329
f 858/231/330 855/231/329 856/230/328
f 858/231/330 859/232/331 855/231/329
f 858/231/330 860/233/331 859/232/331
f 861/234/331 859/232/331 860/233/331
f 862/232/331 855/231/329 859/232/331
f 855/231/329 862/232/331 863/233/331
f 864/234/331 863/233/331 862/232/331
f 867/235/12 866/235/12 865/236/12
f 868/237/332 865/236/12 866/235/12
f 866/235/12 869/236/333 868/237/332
f 869/236/333 870/238/334 868/237/332
f 871/228/335 870/238/334 869/236/333
f 872/239/336 865/236/12 868/237/332
f 873/240/337 872/239/336 868/237/332
f 874/153/338 872/239/336 873/240/337
f 865/236/12 872/239/336 875/236/12
f 876/239/12 875/236/12 872/239/336
f 879/241/2 878/242/2 877/231/2
f 880/243/2 877/231/2 878/242/2
f 883/231/339 882/243/339 881/231/340
f 884/243/340 881/231/340 882/243/339
f 881/231/340 884/243/340 885/233/341
f 886/234/341 885/233/341 884/243/340
f 889/233/339 888/234/339 887/233/339
f 890/234/339 887/233/339 888/234/339
f 893/242/13 892/242/13 891/243/13
f 894/243/13 891/243/13 892/242/13
f 892/242/13 895/244/13 894/243/13
f 894/243/13 895/244/13 896/234/13
f 897/234/13 896/234/13 895/244/13
f 898/232/13 897/234/13 895/244/13
f 901/244/342 900/232/342 899/244/342
f 902/232/342 899/244/342 900/232/342
f 905/242/339 904/242/339 903/244/339
f 906/244/339 903/244/339 904/242/339
f 909/245/343 908/246/344 907/247/259
f 910/247/259 907/247/259 908/246/344
f 910/247/259 908/246/344 911/248/339
f 911/248/339 908/246/344 912/248/345
f 913/246/346 912/248/345 908/246/344
f 911/248/339 914/248/339 910/247/259
f 912/248/345 913/246/346 915/248/347
f 916/247/348 910/247/259 914/248/339
f 917/246/349 915/248/347 913/246/346
f 914/248/339 918/246/12 916/247/348
f 916/247/348 918/246/12 919/247/220
f 918/246/12 914/248/339 920/246/12
f 921/248/350 920/246/12 914/248/339
f 920/246/12 921/248/350 922/246/12
f 923/248/341 922/246/12 921/248/350
f 924/246/351 919/247/220 918/246/12
f 925/247/352 922/246/12 923/248/341
f 923/248/341 915/248/347 925/247/352
f 922/246/12 925/247/352 926/246/12
f 927/247/353 925/247/352 915/248/347
f 915/248/347 917/246/349 927/247/353
f 927/247/353 917/246/349 928/247/353
f 929/247/354 926/246/12 925/247/352
f 930/246/355 928/247/353 917/246/349
f 929/247/354 931/248/356 926/246/12
f 929/247/354 928/247/353 931/248/356
f 926/246/12 931/248/356 932/246/357
f 933/248/358 931/248/356 928/247/353
f 928/247/353 930/246/355 933/248/358
f 934/248/359 932/246/357 931/248/356
f 933/248/358 930/246/355 935/248/360
f 936/246/361 935/248/360 930/246/355
f 932/246/357 934/248/359 937/246/362
f 935/248/360 936/246/361 938/248/358
f 939/246/363 938/248/358 936/246/361
f 939/246/363 940/246/364 938/248/358
f 941/248/328 937/246/362 934/248/359
f 942/248/358 938/248/358 940/246/364
f 941/248/328 943/247/365 937/246/362
f 937/246/362 943/247/365 944/246/334
f 941/248/328 945/248/366 943/247/365
f 940/246/364 946/247/354 942/248/358
f 942/248/358 946/247/354 947/248/367
f 940/246/364 948/246/368 946/247/354
f 949/247/352 946/247/354 948/246/368
f 950/247/353 947/248/367 946/247/354
f 948/246/368 951/248/341 949/247/352
f 948/246/368 952/246/369 951/248/341
f 949/247/352 951/248/341 953/247/353
f 954/248/370 951/248/341 952/246/369
f 952/246/369 955/246/371 954/248/370
f 956/248/347 953/247/353 951/248/341
f 957/248/339 954/248/370 955/246/371
f 947/248/367 950/247/353 958/246/13
f 950/247/353 953/247/353 958/246/13
f 958/246/13 959/246/372 947/248/367
f 960/248/373 947/248/367 959/246/372
f 961/246/13 958/246/13 953/247/353
f 961/246/13 953/247/353 956/248/347
f 956/248/347 962/248/374 961/246/13
f 963/246/375 961/246/13 962/248/374
f 959/246/372 964/246/376 960/248/373
f 962/248/374 965/248/339 963/246/375
f 945/248/366 960/248/373 964/246/376
f 966/246/377 963/246/375 965/248/339
f 967/247/327 945/248/366 964/246/376
f 967/247/327 943/247/365 945/248/366
f 964/246/376 968/246/378 967/247/327
f 969/247/327 967/247/327 968/246/378
f 966/246/377 965/248/339 970/247/379
f 970/247/379 971/247/259 966/246/377
f 970/247/379 965/248/339 972/247/348
f 957/248/339 972/247/348 965/248/339
f 955/246/371 972/247/348 957/248/339
f 972/247/348 955/246/371 973/247/380
f 974/245/381 973/247/380 955/246/371
f 975/246/13 966/246/377 971/247/259
f 971/247/259 973/247/259 976/249/35
f 975/246/13 971/247/259 976/249/35
f 977/249/382 976/249/35 973/247/259
f 973/247/259 978/250/383 977/249/382
f 976/249/35 979/249/384 975/246/13
f 980/246/385 975/246/13 979/249/384
f 980/246/385 979/249/384 981/246/386
f 982/249/387 981/246/386 979/249/384
f 983/248/388 981/246/386 982/249/387
f 983/248/388 982/249/387 984/249/389
f 983/248/388 985/248/390 981/246/386
f 986/246/391 981/246/386 985/248/390
f 985/248/390 987/248/392 986/246/391
f 988/246/393 986/246/391 987/248/392
f 988/246/393 987/248/392 968/246/378
f 989/248/394 983/248/388 984/249/389
f 983/248/388 989/248/394 985/248/390
f 990/249/395 989/248/394 984/249/389
f 991/248/396 985/248/390 989/248/394
f 985/248/390 991/248/396 987/248/392
f 992/246/397 989/248/394 990/249/395
f 989/248/394 992/246/397 991/248/396
f 990/249/395 993/249/398 992/246/397
f 994/246/399 992/246/397 993/249/398
f 994/246/399 993/249/398 924/246/351
f 995/249/35 924/246/351 993/249/398
f 919/247/220 924/246/351 995/249/35
f 919/247/220 995/249/35 907/247/380
f 996/249/400 907/247/380 995/249/35
f 997/250/401 907/247/380 996/249/400
f 998/246/402 991/248/396 992/246/397
f 991/248/396 998/246/402 999/248/403
f 999/248/403 987/248/392 991/248/396
f 1000/246/404 999/248/403 998/246/402
f 1000/246/404 944/246/334 999/248/403
f 999/248/403 1001/248/405 987/248/392
f 1001/248/405 999/248/403 944/246/334
f 1002/247/327 1001/248/405 944/246/334
f 1002/247/327 944/246/334 943/247/365
f 1002/247/327 969/247/327 1001/248/405
f 1003/248/406 987/248/392 1001/248/405
f 1003/248/406 1001/248/405 969/247/327
f 1003/248/406 968/246/378 987/248/392
f 1003/248/406 969/247/327 968/246/378
f 1006/242/407 1005/242/408 1004/242/409
f 1007/242/410 1004/242/409 1005/242/408
f 1005/242/408 1008/241/35 1007/242/410
f 1009/241/411 1007/242/410 1008/241/35
f 1009/241/411 1010/251/412 1007/242/410
f 1010/251/412 1011/251/413 1007/242/410
f 1004/242/409 1007/242/410 1011/251/413
f 1011/251/413 1012/242/414 1004/242/409
f 1012/242/414 1011/251/413 1013/242/415
f 1014/251/412 1013/242/415 1011/251/413
f 1014/251/412 1015/241/416 1013/242/415
f 1015/241/416 1016/241/35 1013/242/415
f 1017/242/417 1013/242/415 1016/241/35
f 1013/242/415 1017/242/417 1012/242/414
f 1018/242/418 1012/242/414 1017/242/417
f 1021/235/13 1020/236/13 1019/235/13
f 1022/237/419 1019/235/13 1020/236/13
f 1023/236/420 1019/235/13 1022/237/419
f 1024/238/421 1023/236/420 1022/237/419
f 1024/238/421 1025/228/422 1023/236/420
f 1020/236/13 1026/239/423 1022/237/419
f 1026/239/423 1027/240/424 1022/237/419
f 1026/239/423 1028/153/425 1027/240/424
f 1020/236/13 1029/236/13 1026/239/423
f 1030/239/13 1026/239/423 1029/236/13
f 1033/243/2 1032/242/2 1031/231/2
f 1034/241/2 1031/231/2 1032/242/2
f 1037/231/339 1036/231/340 1035/243/339
f 1038/243/340 1035/243/339 1036/231/340
f 1036/231/340 1039/233/341 1038/243/340
f 1040/234/341 1038/243/340 1039/233/341
f 1043/234/339 1042/234/339 1041/233/339
f 1044/233/339 1041/233/339 1042/234/339
f 1047/242/12 1046/243/12 1045/242/12
f 1048/243/12 1045/242/12 1046/243/12
f 1049/244/12 1045/242/12 1048/243/12
f 1049/244/12 1048/243/12 1050/234/12
f 1050/234/12 1051/234/12 1049/244/12
f 1051/234/12 1052/232/12 1049/244/12
f 1055/252/12 1054/252/12 1053/253/12
f 1056/254/12 1053/253/12 1054/252/12
f 1056/254/12 1054/252/12 1057/255/12
f 1058/256/12 1057/255/12 1054/252/12
f 1059/257/12 1057/255/12 1058/256/12
f 1057/255/12 1059/257/12 1060/258/12
f 1061/259/12 1060/258/12 1059/257/12
f 1062/260/12 1059/257/12 1058/256/12
f 1063/261/12 1062/260/12 1058/256/12
f 1064/262/12 1062/260/12 1063/261/12
f 1063/261/12 1065/263/12 1064/262/12
f 1066/263/12 1064/262/12 1065/263/12
f 1062/260/12 1064/262/12 1067/264/12
f 1068/265/12 1067/264/12 1064/262/12
f 1071/266/426 1070/267/426 1069/268/426
f 1072/269/426 1069/268/426 1070/267/426
f 1072/269/426 1070/267/426 1073/268/426
f 1074/266/426 1073/268/426 1070/267/426
f 1077/270/35 1076/271/35 1075/270/35
f 1078/271/35 1075/270/35 1076/271/35
f 1078/271/35 1076/271/35 1079/270/35
f 1080/270/35 1079/270/35 1076/271/35
f 1083/272/427 1082/273/427 1081/266/427
f 1084/267/427 1081/266/427 1082/273/427
f 1084/267/427 1082/273/427 1085/266/427
f 1086/272/427 1085/266/427 1082/273/427
f 1089/274/2 1088/275/2 1087/276/2
f 1090/277/2 1087/276/2 1088/275/2
f 1090/277/2 1091/275/2 1087/276/2
f 1092/274/2 1087/276/2 1091/275/2
f 1095/278/339 1094/278/339 1093/279/339
f 1096/279/339 1093/279/339 1094/278/339
f 1096/279/339 1097/278/339 1093/279/339
f 1098/278/339 1093/279/339 1097/278/339
f 1101/252/13 1100/253/13 1099/252/13
f 1102/254/13 1099/252/13 1100/253/13
f 1102/254/13 1103/255/13 1099/252/13
f 1104/256/13 1099/252/13 1103/255/13
f 1103/255/13 1105/257/13 1104/256/13
f 1103/255/13 1106/258/13 1105/257/13
f 1107/259/13 1105/257/13 1106/258/13
f 1105/257/13 1108/260/13 1104/256/13
f 1108/260/13 1109/261/13 1104/256/13
f 1108/260/13 1110/262/13 1109/261/13
f 1109/261/13 1110/262/13 1111/263/13
f 1112/263/13 1111/263/13 1110/262/13
f 1108/260/13 1113/264/13 1110/262/13
f 1114/265/13 1110/262/13 1113/264/13
f 1117/280/2 1116/281/2 1115/282/428
f 1118/283/429 1115/282/428 1116/281/2
f 1118/283/429 1116/281/2 1119/282/428
f 1120/280/2 1119/282/428 1116/281/2
f 1118/283/429 1121/284/430 1115/282/428
f 1118/283/429 1119/282/428 1121/284/430
f 1122/285/430 1115/282/428 1121/284/430
f 1123/285/430 1121/284/430 1119/282/428
f 1121/284/430 1124/286/431 1122/285/430
f 1121/284/430 1123/285/430 1124/286/431
f 1125/287/432 1122/285/430 1124/286/431
f 1124/286/431 1126/288/433 1125/287/432
f 1127/287/432 1124/286/431 1123/285/430
f 1124/286/431 1127/287/432 1126/288/433
f 1128/289/434 1125/287/432 1126/288/433
f 1129/289/433 1126/288/433 1127/287/432
f 1128/289/434 1126/288/433 1130/290/435
f 1129/289/433 1131/290/435 1126/288/433
f 1132/291/436 1130/290/435 1126/288/433
f 1132/291/436 1126/288/433 1131/290/435
f 1130/290/435 1132/291/436 1133/292/428
f 1131/290/435 1134/292/428 1132/291/436
f 1135/293/429 1133/292/428 1132/291/436
f 1135/293/429 1132/291/436 1134/292/428
f 1135/293/429 1136/294/437 1133/292/428
f 1135/293/429 1134/292/428 1136/294/437
f 1137/295/438 1133/292/428 1136/294/437
f 1138/295/438 1136/294/437 1134/292/428
f 1137/295/438 1136/294/437 1139/296/439
f 1138/295/438 1140/296/439 1136/294/437
f 1141/297/439 1139/296/439 1136/294/437
f 1141/297/439 1136/294/437 1140/296/439
f 1139/296/439 1141/297/439 1142/298/440
f 1140/296/439 1143/298/440 1141/297/439
f 1144/299/440 1142/298/440 1141/297/439
f 1144/299/440 1141/297/439 1143/298/440
f 1142/298/440 1144/299/440 1145/300/441
f 1143/298/440 1146/300/441 1144/299/440
f 1147/301/441 1145/300/441 1144/299/440
f 1147/301/441 1144/299/440 1146/300/441
f 1145/300/441 1147/301/441 1148/302/442
f 1146/300/441 1149/302/442 1147/301/441
f 1150/303/442 1148/302/442 1147/301/441
f 1150/303/442 1147/301/441 1149/302/442
f 1153/302/443 1152/303/443 1151/280/3
f 1154/281/3 1151/280/3 1152/303/443
f 1154/281/3 1152/303/443 1155/280/3
f 1156/302/444 1155/280/3 1152/303/443
f 1159/304/12 1158/305/12 1157/304/12
f 1160/306/12 1157/304/12 1158/305/12
f 1161/307/12 1157/304/12 1160/306/12
f 1157/304/12 1161/307/12 1162/308/12
f 1163/309/12 1162/308/12 1161/307/12
f 1161/307/12 1164/310/12 1163/309/12
f 1165/311/12 1163/309/12 1164/310/12
f 1166/312/12 1162/308/12 1163/309/12
f 1167/313/12 1162/308/12 1166/312/12
f 1168/308/12 1162/308/12 1167/313/12
f 1166/312/12 1169/314/12 1167/313/12
f 1170/315/12 1167/313/12 1169/314/12
f 1173/316/35 1172/317/35 1171/316/35
f 1174/317/35 1171/316/35 1172/317/35
f 1174/317/35 1172/317/35 1175/316/35
f 1176/316/35 1175/316/35 1172/317/35
f 1179/318/445 1178/319/446 1177/318/447
f 1180/319/447 1177/318/447 1178/319/446
f 1180/319/447 1178/319/446 1181/318/448
f 1182/318/449 1181/318/448 1178/319/446
f 1185/304/13 1184/304/13 1183/305/13
f 1186/306/13 1183/305/13 1184/304/13
f 1184/304/13 1187/307/13 1186/306/13
f 1184/304/13 1188/308/450 1187/307/13
f 1189/309/13 1187/307/13 1188/308/450
f 1187/307/13 1189/309/13 1190/310/13
f 1191/311/13 1190/310/13 1189/309/13
f 1188/308/450 1192/312/13 1189/309/13
f 1188/308/450 1193/313/13 1192/312/13
f 1188/308/450 1194/308/451 1193/313/13
f 1192/312/13 1193/313/13 1195/314/13
f 1196/315/13 1195/314/13 1193/313/13
f 1199/67/3 1198/67/3 1197/69/3
f 1200/69/3 1197/69/3 1198/67/3
f 1203/67/12 1202/67/12 1201/65/12
f 1204/65/12 1201/65/12 1202/67/12
f 1204/65/12 1205/65/12 1201/65/12
f 1208/320/351 1207/321/3 1206/320/452
f 1209/321/3 1206/320/452 1207/321/3
f 1210/322/453 1206/320/452 1209/321/3
f 1209/321/3 1211/321/3 1210/322/453
f 1206/320/452 1210/322/453 1212/320/452
f 1213/322/454 1212/320/452 1210/322/453
f 1213/322/454 1214/322/35 1212/320/452
f 1215/320/455 1212/320/452 1214/322/35
f 1216/322/456 1210/322/453 1211/321/3
f 1217/320/457 1216/322/456 1211/321/3
f 1211/321/3 1218/321/3 1217/320/457
f 1219/320/457 1217/320/457 1218/321/3
f 1217/320/457 1220/320/458 1216/322/456
f 1221/322/454 1216/322/456 1220/320/458
f 1221/322/454 1220/320/458 1222/322/35
f 1223/320/458 1222/322/35 1220/320/458
f 1226/67/459 1225/69/459 1224/65/460
f 1227/68/461 1224/65/460 1225/69/459
f 1224/65/460 1227/68/461 1228/65/35
f 1229/68/35 1228/65/35 1227/68/461
f 1232/69/13 1231/68/13 1230/69/13
f 1233/68/13 1230/69/13 1231/68/13
f 1234/68/13 1233/68/13 1231/68/13
f 1237/323/462 1236/323/463 1235/324/464
f 1238/324/465 1235/324/464 1236/323/463
f 1235/324/464 1238/324/465 1239/324/466
f 1240/324/467 1239/324/466 1238/324/465
f 1235/324/464 1239/324/466 1241/325/468
f 1242/326/469 1241/325/468 1239/324/466
f 1243/325/470 1241/325/468 1242/326/469
f 1243/325/470 1242/326/469 1244/325/471
f 1245/326/472 1244/325/471 1242/326/469
f 1248/326/473 1247/327/473 1246/326/473
f 1249/327/473 1246/326/473 1247/327/473
f 1252/328/474 1251/329/474 1250/323/474
f 1253/324/474 1250/323/474 1251/329/474
f 1256/329/475 1255/327/475 1254/324/475
f 1257/326/475 1254/324/475 1255/327/475
f 1260/327/476 1259/327/477 1258/326/478
f 1261/326/479 1258/326/478 1259/327/477
f 1264/327/480 1263/327/480 1262/326/480
f 1265/326/480 1262/326/480 1263/327/480
f 1268/327/481 1267/327/481 1266/326/481
f 1269/326/481 1266/326/481 1267/327/481
f 1272/330/482 1271/331/482 1270/22/482
f 1273/325/482 1270/22/482 1271/331/482
f 1276/332/483 1275/332/484 1274/333/485
f 1277/333/485 1274/333/485 1275/332/484
f 1275/332/484 1278/334/486 1277/333/485
f 1278/334/486 1279/334/486 1277/333/485
f 1278/334/486 1275/332/484 1280/334/486
f 1281/333/487 1277/333/485 1279/334/486
f 1282/332/488 1280/334/486 1275/332/484
f 1279/334/486 1283/332/489 1281/333/487
f 1281/333/487 1283/332/489 1284/333/487
f 1285/332/490 1284/333/487 1283/332/489
f 1279/334/486 1286/334/491 1283/332/489
f 1287/332/492 1283/332/489 1286/334/491
f 1286/334/491 1288/333/493 1287/332/492
f 1286/334/491 1280/334/486 1288/333/493
f 1287/332/492 1288/333/493 1289/332/494
f 1290/333/495 1280/334/486 1282/332/488
f 1290/333/495 1288/333/493 1280/334/486
f 1282/332/488 1291/332/496 1290/333/495
f 1292/333/497 1289/332/494 1288/333/493
f 1293/333/498 1290/333/495 1291/332/496
f 1292/333/497 1294/334/499 1289/332/494
f 1292/333/497 1293/333/498 1294/334/499
f 1289/332/494 1294/334/499 1295/332/500
f 1296/334/501 1293/333/498 1291/332/496
f 1296/334/501 1294/334/499 1293/333/498
f 1291/332/496 1297/332/502 1296/334/501
f 1298/334/501 1295/332/500 1294/334/499
f 1299/334/501 1296/334/501 1297/332/502
f 1295/332/500 1298/334/501 1300/333/503
f 1298/334/501 1299/334/501 1300/333/503
f 1295/332/500 1300/333/503 1301/332/504
f 1299/334/501 1297/332/502 1302/333/505
f 1302/333/505 1300/333/503 1299/334/501
f 1297/332/502 1303/332/467 1302/333/505
f 1304/333/503 1301/332/504 1300/333/503
f 1305/333/506 1302/333/505 1303/332/467
f 1301/332/504 1304/333/503 1306/334/507
f 1304/333/503 1305/333/506 1306/334/507
f 1301/332/504 1306/334/507 1307/332/508
f 1305/333/506 1303/332/467 1308/334/507
f 1308/334/507 1306/334/507 1305/333/506
f 1303/332/467 1309/332/465 1308/334/507
f 1310/334/507 1307/332/508 1306/334/507
f 1311/334/509 1308/334/507 1309/332/465
f 1312/333/510 1307/332/508 1310/334/507
f 1310/334/507 1311/334/509 1312/333/510
f 1307/332/508 1312/333/510 1313/332/511
f 1314/333/512 1313/332/511 1312/333/510
f 1315/333/513 1312/333/510 1311/334/509
f 1309/332/465 1315/333/513 1311/334/509
f 1309/332/465 1316/332/463 1315/333/513
f 1317/333/514 1315/333/513 1316/332/463
f 1320/328/515 1319/329/516 1318/328/511
f 1321/329/508 1318/328/511 1319/329/516
f 1319/329/516 1322/329/517 1321/329/508
f 1323/329/518 1321/329/508 1322/329/517
f 1319/329/516 1324/22/519 1322/329/517
f 1325/327/520 1322/329/517 1324/22/519
f 1324/22/519 1326/22/521 1325/327/520
f 1326/22/521 1327/22/522 1325/327/520
f 1328/327/523 1325/327/520 1327/22/522
f 1331/335/524 1330/336/524 1329/335/524
f 1332/336/524 1329/335/524 1330/336/524
f 1335/336/525 1334/337/525 1333/336/525
f 1336/337/525 1333/336/525 1334/337/525
f 1339/338/526 1338/339/526 1337/338/526
f 1340/339/526 1337/338/526 1338/339/526
f 1343/340/527 1342/341/527 1341/340/527
f 1344/341/527 1341/340/527 1342/341/527
f 1347/342/528 1346/343/529 1345/344/530
f 1346/343/529 1348/345/531 1345/344/530
f 1345/344/530 1348/345/531 1349/346/532
f 1348/345/531 1350/347/533 1349/346/532
f 1351/348/534 1349/346/532 1350/347/533
f 1354/349/535 1353/350/536 1352/351/537
f 1355/352/538 1352/351/537 1353/350/536
f 1358/351/539 1357/351/539 1356/353/540
f 1359/353/541 1356/353/540 1357/351/539
f 1356/353/540 1359/353/541 1360/354/542
f 1361/354/542 1360/354/542 1359/353/541
f 1364/355/543 1363/355/543 1362/335/543
f 1365/335/543 1362/335/543 1363/355/543
f 1368/356/544 1367/357/544 1366/356/545
f 1369/357/545 1366/356/545 1367/357/544
f 1372/358/546 1371/358/546 1370/359/546
f 1373/359/546 1370/359/546 1371/358/546
f 1376/343/547 1375/342/548 1374/344/549
f 1377/345/550 1376/343/547 1374/344/549
f 1377/345/550 1374/344/549 1378/346/551
f 1377/345/550 1378/346/551 1379/347/552
f 1380/348/553 1379/347/552 1378/346/551
f 1383/352/554 1382/350/555 1381/351/556
f 1384/349/557 1381/351/556 1382/350/555
f 1387/360/35 1386/360/35 1385/361/35
f 1388/361/35 1385/361/35 1386/360/35
f 1391/362/3 1390/363/3 1389/362/3
f 1392/363/3 1389/362/3 1390/363/3
f 1395/364/12 1394/365/12 1393/366/12
f 1396/367/12 1393/366/12 1394/365/12
f 1396/367/12 1397/368/12 1393/366/12
f 1398/369/12 1393/366/12 1397/368/12
f 1399/370/12 1393/366/12 1398/369/12
f 1398/369/12 1400/371/12 1399/370/12
f 1401/362/12 1399/370/12 1400/371/12
f 1402/372/12 1400/371/12 1398/369/12
f 1405/372/558 1404/373/559 1403/369/560
f 1404/373/559 1406/372/561 1403/369/560
f 1406/372/561 1407/369/562 1403/369/560
f 1408/373/563 1406/372/561 1404/373/559
f 1411/371/13 1410/372/13 1409/369/13
f 1409/369/13 1412/370/13 1411/371/13
f 1413/362/13 1411/371/13 1412/370/13
f 1414/366/13 1412/370/13 1409/369/13
f 1409/369/13 1415/368/13 1414/366/13
f 1416/367/13 1414/366/13 1415/368/13
f 1416/367/13 1417/365/13 1414/366/13
f 1418/364/13 1414/366/13 1417/365/13
f 1421/374/564 1420/374/564 1419/375/564
f 1422/375/564 1419/375/564 1420/374/564
f 1425/376/565 1424/377/565 1423/376/565
f 1426/377/565 1423/376/565 1424/377/565
f 1429/378/3 1428/379/3 1427/378/3
f 1430/379/3 1427/378/3 1428/379/3
f 1433/380/566 1432/381/566 1431/380/566
f 1434/381/566 1431/380/566 1432/381/566
f 1437/382/3 1436/364/3 1435/382/3
f 1438/364/3 1435/382/3 1436/364/3
f 1441/373/567 1440/371/567 1439/373/567
f 1442/371/567 1439/373/567 1440/371/567
f 1445/383/12 1444/384/568 1443/383/12
f 1446/384/569 1443/383/12 1444/384/568
f 1446/384/569 1447/385/3 1443/383/12
f 1443/383/12 1447/385/3 1448/383/12
f 1447/385/3 1446/384/569 1449/385/3
f 1450/385/570 1448/383/12 1447/385/3
f 1451/384/571 1449/385/3 1446/384/569
f 1452/384/565 1448/383/12 1450/385/570
f 1448/383/12 1452/384/565 1453/383/572
f 1452/384/565 1450/385/570 1454/384/565
f 1455/384/565 1453/383/572 1452/384/565
f 1456/385/3 1454/384/565 1450/385/570
f 1457/383/13 1449/385/3 1451/384/571
f 1449/385/3 1457/383/13 1456/385/3
f 1457/383/13 1451/384/571 1458/383/573
f 1459/384/568 1458/383/573 1451/384/571
f 1460/383/13 1456/385/3 1457/383/13
f 1454/384/565 1456/385/3 1460/383/13
f 1454/384/565 1460/383/13 1461/384/565
f 1462/383/574 1461/384/565 1460/383/13
f 1463/385/575 1453/383/572 1455/384/565
f 1453/383/572 1463/385/575 1464/383/572
f 1461/384/565 1465/385/3 1455/384/565
f 1463/385/575 1455/384/565 1465/385/3
f 1465/385/3 1461/384/565 1462/383/574
f 1465/385/3 1462/383/574 1466/385/3
f 1467/385/3 1464/383/572 1463/385/575
f 1468/383/13 1466/385/3 1462/383/574
f 1469/384/566 1464/383/572 1467/385/3
f 1464/383/572 1469/384/566 1470/383/12
f 1466/385/3 1471/384/566 1467/385/3
f 1469/384/566 1467/385/3 1471/384/566
f 1471/384/566 1466/385/3 1468/383/13
f 1471/384/566 1468/383/13 1472/384/576
f 1473/384/577 1470/383/12 1469/384/566
f 1474/383/13 1472/384/576 1468/383/13
f 1475/385/578 1470/383/12 1473/384/577
f 1470/383/12 1475/385/578 1476/383/12
f 1472/384/576 1477/385/3 1473/384/577
f 1475/385/578 1473/384/577 1477/385/3
f 1477/385/3 1472/384/576 1474/383/13
f 1477/385/3 1474/383/13 1478/385/3
f 1479/383/13 1478/385/3 1474/383/13
f 1480/385/3 1476/383/12 1475/385/578
f 1478/385/3 1479/383/13 1481/384/579
f 1478/385/3 1481/384/579 1480/385/3
f 1479/383/13 1482/383/13 1481/384/579
f 1483/384/580 1476/383/12 1480/385/3
f 1483/384/580 1480/385/3 1481/384/579
f 1476/383/12 1483/384/580 1484/383/12
f 1485/384/581 1481/384/579 1482/383/13
f 1486/384/582 1484/383/12 1483/384/580
f 1485/384/581 1482/383/13 1487/385/35
f 1485/384/581 1487/385/35 1486/384/582
f 1487/385/35 1482/383/13 1488/385/35
f 1489/383/583 1488/385/35 1482/383/13
f 1488/385/35 1489/383/583 1490/385/35
f 1491/383/584 1490/385/35 1489/383/583
f 1492/385/35 1486/384/582 1487/385/35
f 1486/384/582 1492/385/35 1484/383/12
f 1490/385/35 1491/383/584 1492/385/35
f 1484/383/12 1492/385/35 1491/383/584
f 1495/368/2 1494/369/2 1493/368/2
f 1496/369/2 1493/368/2 1494/369/2
f 1499/361/35 1498/360/35 1497/361/35
f 1500/360/35 1497/361/35 1498/360/35
f 1503/363/3 1502/363/3 1501/362/3
f 1504/362/3 1501/362/3 1502/363/3
f 1507/364/13 1506/366/13 1505/365/13
f 1508/367/13 1505/365/13 1506/366/13
f 1508/367/13 1506/366/13 1509/368/13
f 1510/369/13 1509/368/13 1506/366/13
f 1506/366/13 1511/370/13 1510/369/13
f 1510/369/13 1511/370/13 1512/371/13
f 1513/362/13 1512/371/13 1511/370/13
f 1512/371/13 1514/372/13 1510/369/13
f 1517/373/563 1516/373/585 1515/372/586
f 1516/373/585 1518/369/560 1515/372/586
f 1518/369/560 1519/369/562 1515/372/586
f 1520/372/587 1518/369/560 1516/373/585
f 1523/372/12 1522/371/12 1521/369/12
f 1521/369/12 1522/371/12 1524/370/12
f 1525/362/12 1524/370/12 1522/371/12
f 1524/370/12 1526/366/12 1521/369/12
f 1521/369/12 1526/366/12 1527/368/12
f 1528/367/12 1527/368/12 1526/366/12
f 1528/367/12 1526/366/12 1529/365/12
f 1530/364/12 1529/365/12 1526/366/12
f 1533/375/564 1532/374/564 1531/375/564
f 1534/374/564 1531/375/564 1532/374/564
f 1537/377/565 1536/377/565 1535/376/565
f 1538/376/565 1535/376/565 1536/377/565
f 1541/379/3 1540/379/3 1539/378/3
f 1542/378/3 1539/378/3 1540/379/3
f 1545/381/566 1544/381/566 1543/380/566
f 1546/380/566 1543/380/566 1544/381/566
f 1549/364/3 1548/364/3 1547/382/3
f 1550/382/3 1547/382/3 1548/364/3
f 1553/371/567 1552/371/567 1551/373/567
f 1554/373/567 1551/373/567 1552/371/567
f 1557/383/13 1556/383/13 1555/384/568
f 1558/384/571 1555/384/568 1556/383/13
f 1559/385/3 1558/384/571 1556/383/13
f 1556/383/13 1560/383/13 1559/385/3
f 1559/385/3 1561/385/3 1558/384/571
f 1562/385/3 1559/385/3 1560/383/13
f 1563/384/569 1558/384/571 1561/385/3
f 1560/383/13 1564/384/565 1562/385/3
f 1560/383/13 1565/383/573 1564/384/565
f 1564/384/565 1566/384/588 1562/385/3
f 1567/384/589 1564/384/565 1565/383/573
f 1568/385/575 1562/385/3 1566/384/588
f 1561/385/3 1569/383/12 1563/384/569
f 1561/385/3 1568/385/575 1569/383/12
f 1569/383/12 1570/383/12 1563/384/569
f 1571/384/568 1563/384/569 1570/383/12
f 1572/383/12 1569/383/12 1568/385/575
f 1568/385/575 1566/384/588 1572/383/12
f 1566/384/588 1573/384/590 1572/383/12
f 1574/383/572 1572/383/12 1573/384/590
f 1565/383/573 1575/385/3 1567/384/589
f 1565/383/573 1576/383/375 1575/385/3
f 1573/384/590 1567/384/589 1577/385/3
f 1575/385/3 1577/385/3 1567/384/589
f 1573/384/590 1577/385/3 1574/383/572
f 1577/385/3 1578/385/3 1574/383/572
f 1579/385/3 1575/385/3 1576/383/375
f 1580/383/12 1574/383/572 1578/385/3
f 1576/383/375 1581/384/566 1579/385/3
f 1576/383/375 1582/383/13 1581/384/566
f 1578/385/3 1579/385/3 1583/384/566
f 1581/384/566 1583/384/566 1579/385/3
f 1578/385/3 1583/384/566 1580/383/12
f 1583/384/566 1584/384/577 1580/383/12
f 1585/384/576 1581/384/566 1582/383/13
f 1586/383/12 1580/383/12 1584/384/577
f 1582/383/13 1587/385/3 1585/384/576
f 1582/383/13 1588/383/13 1587/385/3
f 1584/384/577 1585/384/576 1589/385/3
f 1587/385/3 1589/385/3 1585/384/576
f 1584/384/577 1589/385/3 1586/383/12
f 1589/385/3 1590/385/3 1586/383/12
f 1591/383/12 1586/383/12 1590/385/3
f 1592/385/3 1587/385/3 1588/383/13
f 1591/383/12 1590/385/3 1593/384/580
f 1590/385/3 1592/385/3 1593/384/580
f 1591/383/12 1593/384/580 1594/383/12
f 1588/383/13 1595/384/579 1592/385/3
f 1595/384/579 1593/384/580 1592/385/3
f 1588/383/13 1596/383/13 1595/384/579
f 1597/384/582 1594/383/12 1593/384/580
f 1598/384/581 1595/384/579 1596/383/13
f 1594/383/12 1597/384/582 1599/385/35
f 1597/384/582 1598/384/581 1599/385/35
f 1599/385/35 1600/385/408 1594/383/12
f 1601/383/584 1594/383/12 1600/385/408
f 1600/385/408 1602/385/35 1601/383/584
f 1603/383/591 1601/383/584 1602/385/35
f 1604/385/35 1599/385/35 1598/384/581
f 1604/385/35 1598/384/581 1596/383/13
f 1602/385/35 1604/385/35 1603/383/591
f 1596/383/13 1603/383/591 1604/385/35
f 1607/369/2 1606/369/2 1605/368/2
f 1608/368/2 1605/368/2 1606/369/2
f 1611/386/592 1610/386/592 1609/387/592
f 1612/387/592 1609/387/592 1610/386/592
f 1615/388/593 1614/389/594 1613/390/595
f 1616/391/596 1613/390/595 1614/389/594
f 1617/392/597 1613/390/595 1616/391/596
f 1618/393/598 1613/390/595 1617/392/597
f 1619/394/599 1617/392/597 1616/391/596
f 1620/395/600 1619/394/599 1616/391/596
f 1621/396/12 1619/394/599 1620/395/600
f 1622/397/12 1621/396/12 1620/395/600
f 1623/397/12 1621/396/12 1622/397/12
f 1624/398/601 1623/397/12 1622/397/12
f 1622/397/12 1625/399/602 1624/398/601
f 1626/400/12 1624/398/601 1625/399/602
f 1627/401/603 1626/400/12 1625/399/602
f 1625/399/602 1628/402/604 1627/401/603
f 1629/403/605 1627/401/603 1628/402/604
f 1628/402/604 1625/399/602 1630/404/606
f 1628/402/604 1631/405/607 1629/403/605
f 1632/406/608 1630/404/606 1625/399/602
f 1633/407/609 1629/403/605 1631/405/607
f 1630/404/606 1632/406/608 1634/408/610
f 1631/405/607 1635/409/611 1633/407/609
f 1636/410/612 1634/408/610 1632/406/608
f 1637/411/613 1633/407/609 1635/409/611
f 1634/408/610 1636/410/612 1638/408/614
f 1639/410/615 1638/408/614 1636/410/612
f 1639/410/615 1640/406/616 1638/408/614
f 1641/404/617 1638/408/614 1640/406/616
f 1635/409/611 1642/409/618 1637/411/613
f 1643/411/619 1637/411/613 1642/409/618
f 1643/411/619 1642/409/618 1644/407/620
f 1645/405/621 1644/407/620 1642/409/618
f 1644/407/620 1645/405/621 1646/403/622
f 1640/406/616 1647/399/623 1641/404/617
f 1648/402/624 1646/403/622 1645/405/621
f 1648/402/624 1641/404/617 1647/399/623
f 1646/403/622 1648/402/624 1649/401/625
f 1647/399/623 1649/401/625 1648/402/624
f 1650/400/13 1649/401/625 1647/399/623
f 1651/398/574 1650/400/13 1647/399/623
f 1647/399/623 1652/397/13 1651/398/574
f 1653/397/13 1651/398/574 1652/397/13
f 1654/396/13 1653/397/13 1652/397/13
f 1654/396/13 1652/397/13 1655/395/626
f 1656/394/627 1654/396/13 1655/395/626
f 1656/394/627 1655/395/626 1657/391/628
f 1658/392/629 1656/394/627 1657/391/628
f 1659/390/630 1658/392/629 1657/391/628
f 1659/390/630 1660/393/631 1658/392/629
f 1657/391/628 1661/389/632 1659/390/630
f 1662/388/633 1659/390/630 1661/389/632
f 1665/412/634 1664/413/635 1663/412/612
f 1666/413/601 1663/412/612 1664/413/635
f 1663/412/612 1666/413/601 1667/414/636
f 1667/414/636 1666/413/601 1668/414/592
f 1667/414/636 1669/414/636 1663/412/612
f 1670/413/637 1668/414/592 1666/413/601
f 1671/412/638 1663/412/612 1669/414/636
f 1672/412/639 1668/414/592 1670/413/637
f 1668/414/592 1672/412/639 1673/414/636
f 1672/412/639 1670/413/637 1674/412/640
f 1675/412/640 1673/414/636 1672/412/639
f 1676/413/641 1674/412/640 1670/413/637
f 1677/413/591 1671/412/638 1669/414/636
f 1669/414/636 1673/414/636 1677/413/591
f 1677/413/591 1678/413/642 1671/412/638
f 1679/412/643 1671/412/638 1678/413/642
f 1680/413/644 1677/413/591 1673/414/636
f 1673/414/636 1675/412/640 1680/413/644
f 1675/412/640 1681/412/645 1680/413/644
f 1682/413/646 1680/413/644 1681/412/645
f 1674/412/640 1676/413/641 1683/414/647
f 1674/412/640 1683/414/647 1681/412/645
f 1684/414/647 1681/412/645 1683/414/647
f 1682/413/646 1681/412/645 1684/414/647
f 1683/414/647 1676/413/641 1685/414/648
f 1684/414/647 1686/414/648 1682/413/646
f 1687/413/649 1685/414/648 1676/413/641
f 1688/413/650 1682/413/646 1686/414/648
f 1689/412/651 1685/414/648 1687/413/649
f 1685/414/648 1689/412/651 1686/414/648
f 1687/413/649 1690/413/652 1689/412/651
f 1686/414/648 1691/412/651 1688/413/650
f 1691/412/651 1686/414/648 1689/412/651
f 1688/413/650 1691/412/651 1692/413/653
f 1693/412/651 1689/412/651 1690/413/652
f 1694/412/651 1692/413/653 1691/412/651
f 1690/413/652 1695/414/654 1693/412/651
f 1695/414/654 1690/413/652 1696/414/655
f 1697/413/656 1696/414/655 1690/413/652
f 1696/414/655 1697/413/656 1698/414/657
f 1699/413/598 1698/414/657 1697/413/656
f 1700/412/658 1693/412/651 1695/414/654
f 1693/412/651 1700/412/658 1694/412/651
f 1695/414/654 1701/414/659 1700/412/658
f 1702/412/660 1694/412/651 1700/412/658
f 1703/412/661 1700/412/658 1701/414/659
f 1692/413/653 1694/412/651 1704/414/662
f 1702/412/660 1704/414/662 1694/412/651
f 1704/414/662 1705/414/663 1692/413/653
f 1706/413/664 1692/413/653 1705/414/663
f 1705/414/663 1707/414/665 1706/413/664
f 1708/413/666 1706/413/664 1707/414/665
f 1704/414/662 1702/412/660 1709/414/667
f 1710/412/658 1709/414/667 1702/412/660
f 1703/412/661 1701/414/659 1711/413/380
f 1703/412/661 1711/413/380 1710/412/658
f 1711/413/380 1701/414/659 1712/413/380
f 1713/413/2 1710/412/658 1711/413/380
f 1709/414/667 1710/412/658 1713/413/2
f 1714/414/668 1712/413/380 1701/414/659
f 1712/413/380 1714/414/668 1715/413/2
f 1716/414/669 1715/413/2 1714/414/668
f 1713/413/2 1717/413/259 1709/414/667
f 1718/414/670 1709/414/667 1717/413/259
f 1717/413/259 1719/413/2 1718/414/670
f 1720/414/671 1718/414/670 1719/413/2
f 1723/401/672 1722/403/673 1721/415/674
f 1722/403/673 1724/403/675 1721/415/674
f 1722/403/673 1725/407/676 1724/403/675
f 1726/407/676 1724/403/675 1725/407/676
f 1726/407/676 1725/407/676 1727/411/676
f 1728/411/676 1727/411/676 1725/407/676
f 1729/415/677 1721/415/674 1724/403/675
f 1724/403/675 1730/401/672 1729/415/677
f 1729/415/677 1731/416/678 1721/415/674
f 1732/416/678 1721/415/674 1731/416/678
f 1731/416/678 1733/417/679 1732/416/678
f 1734/417/679 1732/416/678 1733/417/679
f 1734/417/679 1733/417/679 1735/418/680
f 1736/418/681 1735/418/680 1733/417/679
f 1736/418/681 1737/419/682 1735/418/680
f 1736/418/681 1738/393/683 1737/419/682
f 1739/419/684 1735/418/680 1737/419/682
f 1737/419/682 1738/393/683 1740/420/685
f 1738/393/683 1741/421/686 1740/420/685
f 1742/393/687 1741/421/686 1738/393/683
f 1743/393/688 1735/418/680 1739/419/684
f 1743/393/688 1739/419/684 1744/420/689
f 1745/421/690 1743/393/688 1744/420/689
f 1745/421/690 1746/393/691 1743/393/688
f 1749/422/692 1748/423/693 1747/424/694
f 1750/425/695 1747/424/694 1748/423/693
f 1747/424/694 1750/425/695 1751/424/611
f 1751/424/611 1750/425/695 1752/424/696
f 1753/425/697 1752/424/696 1750/425/695
f 1753/425/697 1754/424/698 1752/424/696
f 1753/425/697 1755/423/699 1754/424/698
f 1756/422/700 1754/424/698 1755/423/699
f 1759/419/2 1758/426/2 1757/419/2
f 1760/426/2 1757/419/2 1758/426/2
f 1760/426/2 1758/426/2 1761/427/2
f 1762/427/2 1761/427/2 1758/426/2
f 1765/428/701 1764/388/654 1763/429/702
f 1766/430/703 1763/429/702 1764/388/654
f 1763/429/702 1766/430/703 1767/420/704
f 1768/421/705 1767/420/704 1766/430/703
f 1771/428/706 1770/429/707 1769/388/708
f 1772/430/709 1769/388/708 1770/429/707
f 1770/429/707 1773/420/710 1772/430/709
f 1774/421/711 1772/430/709 1773/420/710
f 1777/431/712 1776/432/712 1775/431/712
f 1778/432/712 1775/431/712 1776/432/712
f 1781/433/645 1780/434/645 1779/433/645
f 1782/434/645 1779/433/645 1780/434/645
f 1785/435/713 1784/435/713 1783/436/713
f 1786/436/713 1783/436/713 1784/435/713
f 1789/437/660 1788/437/660 1787/435/660
f 1790/435/660 1787/435/660 1788/437/660
f 1793/438/2 1792/438/2 1791/439/714
f 1794/439/715 1791/439/714 1792/438/2
f 1794/439/715 1795/440/716 1791/439/714
f 1796/440/717 1791/439/714 1795/440/716
f 1799/441/718 1798/441/718 1797/442/719
f 1800/442/720 1797/442/719 1798/441/718
f 1800/442/720 1801/443/721 1797/442/719
f 1802/443/722 1797/442/719 1801/443/721
f 1801/443/721 1803/444/723 1802/443/722
f 1804/444/723 1802/443/722 1803/444/723
f 1804/444/723 1803/444/723 1805/445/724
f 1806/445/725 1805/445/724 1803/444/723
f 1806/445/725 1807/446/726 1805/445/724
f 1806/445/725 1808/445/727 1807/446/726
f 1809/446/728 1805/445/724 1807/446/726
f 1810/445/729 1805/445/724 1809/446/728
f 1809/446/728 1807/446/726 1811/447/3
f 1812/447/3 1811/447/3 1807/446/726
f 1800/442/720 1814/448/730 1813/449/731
f 1813/449/731 1814/448/730 1815/450/732
f 1814/448/730 1816/451/733 1815/450/732
f 1817/448/734 1815/450/732 1816/451/733
f 1817/448/734 1816/451/733 1818/452/735
f 1817/448/734 1819/449/13 1815/450/732
f 1820/449/13 1815/450/732 1819/449/13
f 1821/450/736 1813/449/731 1815/450/732
f 1820/449/13 1819/449/13 1822/443/737
f 1820/449/13 1822/443/737 1823/443/738
f 1824/450/13 1822/443/737 1819/449/13
f 1825/453/739 1818/452/735 1816/451/733
f 1818/452/735 1825/453/739 1826/454/740
f 1827/452/741 1826/454/740 1825/453/739
f 1825/453/739 1816/451/733 1828/455/742
f 1829/451/743 1828/455/742 1816/451/733
f 1821/450/736 1830/456/744 1813/449/731
f 1831/457/745 1813/449/731 1830/456/744
f 1821/450/736 1832/438/746 1830/456/744
f 1821/450/736 1833/449/747 1832/438/746
f 1832/438/746 1834/456/748 1830/456/744
f 1834/456/748 1832/438/746 1833/449/747
f 1835/439/749 1830/456/744 1834/456/748
f 1833/449/747 1836/443/3 1834/456/748
f 1835/439/749 1834/456/748 1836/443/3
f 1813/449/750 1838/458/751 1837/442/752
f 1839/443/753 1837/442/752 1838/458/751
f 1840/444/13 1839/443/753 1838/458/751
f 1840/444/13 1838/458/751 1841/444/13
f 1841/444/13 1842/459/13 1840/444/13
f 1842/459/13 1843/445/13 1840/444/13
f 1843/445/13 1844/445/13 1840/444/13
f 1842/459/13 1845/460/13 1843/445/13
f 1846/461/13 1843/445/13 1845/460/13
f 1847/462/13 1843/445/13 1846/461/13
f 1848/462/13 1847/462/13 1846/461/13
f 1851/463/754 1850/463/754 1849/464/754
f 1852/464/754 1849/464/754 1850/463/754
f 1855/464/755 1854/464/755 1853/463/755
f 1856/463/755 1853/463/755 1854/464/755
f 1859/441/756 1858/465/757 1857/441/756
f 1860/465/758 1857/441/756 1858/465/757
f 1863/466/759 1862/467/760 1861/466/759
f 1864/467/761 1861/466/759 1862/467/760
f 1862/467/760 1865/468/762 1864/467/761
f 1866/468/763 1864/467/761 1865/468/762
f 1869/451/764 1868/451/765 1867/455/766
f 1870/453/767 1867/455/766 1868/451/765
f 1870/453/767 1868/451/765 1871/452/768
f 1871/452/768 1872/454/769 1870/453/767
f 1873/452/770 1870/453/767 1872/454/769
f 1874/448/771 1871/452/768 1868/451/765
f 1874/448/771 1868/451/765 1875/450/772
f 1876/448/773 1875/450/772 1868/451/765
f 1874/448/771 1875/450/772 1877/449/12
f 1876/448/773 1878/449/774 1875/450/772
f 1876/448/773 1797/442/775 1878/449/774
f 1879/449/12 1877/449/12 1875/450/772
f 1878/449/774 1880/450/776 1875/450/772
f 1879/449/12 1881/443/777 1877/449/12
f 1882/450/12 1877/449/12 1881/443/777
f 1881/443/777 1879/449/12 1883/443/6
f 1884/456/452 1880/450/776 1878/449/774
f 1878/449/774 1885/457/745 1884/456/452
f 1886/438/778 1880/450/776 1884/456/452
f 1880/450/776 1886/438/778 1887/449/747
f 1886/438/778 1884/456/452 1888/456/779
f 1888/456/779 1887/449/747 1886/438/778
f 1889/439/780 1888/456/779 1884/456/452
f 1887/449/747 1888/456/779 1890/443/3
f 1889/439/780 1890/443/3 1888/456/779
f 1885/457/781 1831/457/781 1891/469/782
f 1892/469/783 1891/469/782 1831/457/781
f 1892/469/783 1893/470/784 1891/469/782
f 1894/470/784 1891/469/782 1893/470/784
f 1878/449/785 1896/442/786 1895/458/787
f 1897/443/788 1895/458/787 1896/442/786
f 1897/443/788 1898/444/12 1895/458/787
f 1895/458/787 1898/444/12 1899/444/12
f 1900/459/12 1899/444/12 1898/444/12
f 1901/445/12 1900/459/12 1898/444/12
f 1902/445/12 1901/445/12 1898/444/12
f 1900/459/12 1901/445/12 1903/460/12
f 1904/461/12 1903/460/12 1901/445/12
f 1901/445/12 1905/462/12 1904/461/12
f 1905/462/12 1906/462/12 1904/461/12
f 1909/442/789 1908/438/789 1907/442/789
f 1910/438/789 1907/442/789 1908/438/789
f 1913/438/790 1912/438/790 1911/438/790
f 1914/438/790 1911/438/790 1912/438/790
f 1917/466/791 1916/466/791 1915/442/791
f 1918/442/791 1915/442/791 1916/466/791
f 1921/471/2 1920/471/2 1919/472/2
f 1922/472/2 1919/472/2 1920/471/2
f 1925/473/12 1924/474/12 1923/473/12
f 1924/474/12 1926/475/12 1923/473/12
f 1926/475/12 1927/473/12 1923/473/12
f 1927/473/12 1926/475/12 1928/476/12
f 1929/473/12 1928/476/12 1926/475/12
f 1929/473/12 1930/476/12 1928/476/12
f 1931/476/12 1928/476/12 1930/476/12
f 1934/477/792 1933/471/793 1932/478/794
f 1934/477/792 1932/478/794 1935/440/795
f 1932/478/794 1936/440/3 1935/440/795
f 1937/478/796 1934/477/792 1935/440/795
f 1938/471/797 1934/477/792 1937/478/796
f 1941/472/798 1940/479/798 1939/472/798
f 1942/479/798 1939/472/798 1940/479/798
f 1945/472/799 1944/472/799 1943/472/799
f 1946/472/799 1943/472/799 1944/472/799
f 1949/479/800 1948/479/800 1947/479/800
f 1950/479/800 1947/479/800 1948/479/800
f 1953/479/801 1952/479/801 1951/479/801
f 1954/479/801 1951/479/801 1952/479/801
f 1957/472/802 1956/472/802 1955/472/802
f 1958/472/802 1955/472/802 1956/472/802
f 1961/471/803 1960/471/803 1959/478/803
f 1962/478/803 1959/478/803 1960/471/803
f 1965/478/2 1964/478/2 1963/480/2
f 1966/480/2 1963/480/2 1964/478/2
f 1969/481/804 1968/481/805 1967/440/806
f 1970/440/807 1967/440/806 1968/481/805
f 1973/472/808 1972/482/808 1971/483/808
f 1974/484/808 1971/483/808 1972/482/808
f 1974/484/808 1975/482/808 1971/483/808
f 1976/472/808 1971/483/808 1975/482/808
f 1979/485/809 1978/485/810 1977/481/811
f 1980/481/812 1977/481/811 1978/485/810
f 1983/486/808 1982/487/813 1981/486/814
f 1984/488/12 1981/486/814 1982/487/813
f 1981/486/814 1984/488/12 1985/489/815
f 1981/486/814 1985/489/815 1986/486/808
f 1987/489/792 1986/486/808 1985/489/815
f 1987/489/792 1988/489/816 1986/486/808
f 1989/486/808 1986/486/808 1988/489/816
f 1990/490/817 1985/489/815 1984/488/12
f 1985/489/815 1990/490/817 1991/489/818
f 1990/490/817 1984/488/12 1992/490/819
f 1993/490/811 1991/489/818 1990/490/817
f 1994/488/452 1992/490/819 1984/488/12
f 1993/490/811 1995/488/820 1991/489/818
f 1991/489/818 1995/488/820 1996/489/3
f 1995/488/820 1993/490/811 1997/488/821
f 1998/488/822 1996/489/3 1995/488/820
f 1999/490/823 1997/488/821 1993/490/811
f 1996/489/3 1998/488/822 2000/486/784
f 1996/489/3 2000/486/784 2001/489/824
f 2002/490/825 2000/486/784 1998/488/822
f 2002/490/825 1998/488/822 2003/490/826
f 2004/486/784 2001/489/824 2000/486/784
f 2005/488/827 2003/490/826 1998/488/822
f 2001/489/824 2004/486/784 2006/488/828
f 2007/490/829 2006/488/828 2004/486/784
f 2007/490/829 2008/490/830 2006/488/828
f 2006/488/828 2009/488/831 2001/489/824
f 2010/488/832 2006/488/828 2008/490/830
f 2011/489/833 2001/489/824 2009/488/831
f 2009/488/831 2012/490/834 2011/489/833
f 2009/488/831 2013/488/835 2012/490/834
f 2012/490/834 2014/490/836 2011/489/833
f 1988/489/816 2011/489/833 2014/490/836
f 2015/490/837 2012/490/834 2013/488/835
f 2014/490/836 2016/488/13 1988/489/816
f 1989/486/808 1988/489/816 2016/488/13
f 2014/490/836 2017/490/838 2016/488/13
f 2016/488/13 2018/488/457 1989/486/808
f 2019/486/808 1989/486/808 2018/488/457
f 2020/488/457 2016/488/13 2017/490/838
f 2015/490/837 2013/488/835 2021/486/839
f 2017/490/838 2015/490/837 2022/486/840
f 2021/486/839 2022/486/840 2015/490/837
f 2023/489/380 2021/486/839 2013/488/835
f 2013/488/835 2010/488/832 2023/489/380
f 2021/486/839 2023/489/380 2024/486/839
f 2025/489/2 2023/489/380 2010/488/832
f 2026/489/259 2024/486/839 2023/489/380
f 2025/489/2 2010/488/832 2027/486/841
f 2008/490/830 2027/486/841 2010/488/832
f 2025/489/2 2027/486/841 2028/489/2
f 2008/490/830 2029/491/842 2027/486/841
f 2030/492/843 2027/486/841 2029/491/842
f 2029/491/842 2031/493/844 2030/492/843
f 2032/486/845 2028/489/2 2027/486/841
f 2028/489/2 2005/488/827 2026/489/259
f 2028/489/2 2032/486/845 2005/488/827
f 1997/488/821 2026/489/259 2005/488/827
f 2026/489/259 1997/488/821 2024/486/839
f 2003/490/826 2005/488/827 2032/486/845
f 1999/490/823 2024/486/839 1997/488/821
f 2003/490/826 2032/486/845 2033/491/846
f 2024/486/839 1999/490/823 2034/486/847
f 2035/492/848 2033/491/846 2032/486/845
f 2036/493/777 2033/491/846 2035/492/848
f 1992/490/819 2034/486/847 1999/490/823
f 2034/486/847 1992/490/819 2037/489/2
f 1994/488/452 2037/489/2 1992/490/819
f 2034/486/847 2037/489/2 2022/486/840
f 2037/489/2 1994/488/452 2038/489/379
f 2039/489/2 2022/486/840 2037/489/2
f 2022/486/840 2039/489/2 2017/490/838
f 2020/488/457 2017/490/838 2039/489/2
f 2039/489/2 2040/489/380 2020/488/457
f 2041/488/12 2038/489/379 1994/488/452
f 2042/488/13 2020/488/457 2040/489/380
f 2041/488/12 2043/486/802 2038/489/379
f 2038/489/379 2043/486/802 2040/489/380
f 2044/486/849 2040/489/380 2043/486/802
f 2044/486/849 2042/488/13 2040/489/380
f 2043/486/802 2041/488/12 2045/486/802
f 2044/486/849 2046/486/802 2042/488/13
f 2047/488/455 2045/486/802 2041/488/12
f 2048/488/458 2042/488/13 2046/486/802
f 2045/486/802 2047/488/455 2049/489/850
f 2045/486/802 2049/489/850 2046/486/802
f 2050/489/851 2046/486/802 2049/489/850
f 2048/488/458 2046/486/802 2050/489/851
f 2049/489/850 2047/488/455 2051/489/852
f 2050/489/851 2052/489/799 2048/488/458
f 2053/488/12 2051/489/852 2047/488/455
f 2054/488/13 2048/488/458 2052/489/799
f 2051/489/852 2055/486/853 2052/489/799
f 2055/486/853 2051/489/852 2053/488/12
f 2056/486/854 2052/489/799 2055/486/853
f 2052/489/799 2056/486/854 2054/488/13
f 2055/486/853 2053/488/12 2057/486/853
f 2056/486/854 2058/486/855 2054/488/13
f 2059/488/12 2057/486/853 2053/488/12
f 2060/488/13 2054/488/13 2058/486/855
f 2061/489/800 2057/486/853 2059/488/12
f 2057/486/853 2061/489/800 2058/486/855
f 2062/489/856 2058/486/855 2061/489/800
f 2058/486/855 2062/489/856 2060/488/13
f 2061/489/800 2059/488/12 2063/489/857
f 2062/489/856 2064/489/858 2060/488/13
f 2065/488/12 2063/489/857 2059/488/12
f 2066/488/13 2060/488/13 2064/489/858
f 2063/489/857 2065/488/12 2067/486/801
f 2063/489/857 2067/486/801 2064/489/858
f 2067/486/801 2065/488/12 2068/486/801
f 2069/488/572 2068/486/801 2065/488/12
f 2070/486/859 2064/489/858 2067/486/801
f 2066/488/13 2064/489/858 2070/486/859
f 2070/486/859 2071/486/801 2066/488/13
f 2072/488/458 2066/488/13 2071/486/801
f 2075/489/860 2074/490/861 2073/489/862
f 2076/490/863 2073/489/862 2074/490/861
f 2076/490/863 2077/488/864 2073/489/862
f 2073/489/862 2077/488/864 2078/489/718
f 2076/490/863 2079/490/764 2077/488/864
f 2080/488/865 2077/488/864 2079/490/764
f 2081/488/866 2078/489/718 2077/488/864
f 2080/488/865 2079/490/764 2082/486/867
f 2083/490/868 2082/486/867 2079/490/764
f 2080/488/865 2082/486/867 2084/488/869
f 2082/486/867 2083/490/868 2085/486/761
f 2086/490/767 2085/486/761 2083/490/868
f 2085/486/761 2086/490/767 2087/486/870
f 2088/486/871 2084/488/869 2082/486/867
f 2089/490/872 2087/486/870 2086/490/767
f 2084/488/869 2090/490/873 2081/488/866
f 2084/488/869 2088/486/871 2090/490/873
f 2091/490/874 2081/488/866 2090/490/873
f 2081/488/866 2091/490/874 2078/489/718
f 2091/490/874 2092/490/875 2078/489/718
f 2093/489/720 2078/489/718 2092/490/875
f 2094/490/876 2090/490/873 2088/486/871
f 2088/486/871 2095/486/760 2094/490/876
f 2096/490/739 2094/490/876 2095/486/760
f 2095/486/760 2097/486/877 2096/490/739
f 2098/490/878 2096/490/739 2097/486/877
f 2099/488/879 2087/486/870 2089/490/872
f 2087/486/870 2099/488/879 2097/486/877
f 2100/488/755 2097/486/877 2099/488/879
f 2097/486/877 2100/488/755 2098/490/878
f 2099/488/879 2089/490/872 2101/488/880
f 2100/488/755 2102/488/880 2098/490/878
f 2103/490/881 2101/488/880 2089/490/872
f 2104/490/882 2098/490/878 2102/488/880
f 2105/489/883 2101/488/880 2103/490/881
f 2101/488/880 2105/489/883 2102/488/880
f 2106/489/884 2102/488/880 2105/489/883
f 2102/488/880 2106/489/884 2104/490/882
f 2105/489/883 2103/490/881 2107/489/883
f 2106/489/884 2108/489/885 2104/490/882
f 2109/490/886 2104/490/882 2108/489/885
f 2110/490/887 2107/489/883 2103/490/881
f 2108/489/885 2107/489/883 2111/486/888
f 2109/490/886 2108/489/885 2111/486/888
f 2112/486/791 2111/486/888 2107/489/883
f 2107/489/883 2110/490/887 2112/486/791
f 2111/486/888 2113/489/791 2109/490/886
f 2112/486/791 2110/490/887 2114/489/791
f 2115/490/889 2114/489/791 2110/490/887
f 2116/490/890 2109/490/886 2113/489/791
f 2114/489/791 2115/490/889 2117/488/891
f 2114/489/791 2117/488/891 2113/489/791
f 2118/488/891 2113/489/791 2117/488/891
f 2116/490/890 2113/489/791 2118/488/891
f 2117/488/891 2115/490/889 2119/488/891
f 2118/488/891 2120/488/891 2116/490/890
f 2121/490/455 2119/488/891 2115/490/889
f 2122/490/458 2116/490/890 2120/488/891
f 2123/489/892 2119/488/891 2121/490/455
f 2119/488/891 2123/489/892 2120/488/891
f 2121/490/455 2124/490/452 2123/489/892
f 2120/488/891 2125/489/892 2122/490/458
f 2125/489/892 2120/488/891 2123/489/892
f 2122/490/458 2125/489/892 2126/490/458
f 2127/489/893 2123/489/892 2124/490/452
f 2128/489/894 2126/490/458 2125/489/892
f 2124/490/452 2129/486/348 2127/489/893
f 2127/489/893 2129/486/348 2128/489/894
f 2124/490/452 2130/490/895 2129/486/348
f 2035/492/896 2129/486/348 2130/490/895
f 2131/486/379 2128/489/894 2129/486/348
f 2131/486/379 2126/490/458 2128/489/894
f 2126/490/458 2131/486/379 2132/490/897
f 2030/492/898 2132/490/897 2131/486/379
f 2135/494/899 2134/494/900 2133/495/901
f 2136/495/901 2133/495/901 2134/494/900
f 2136/495/901 2137/496/902 2133/495/901
f 2138/496/903 2133/495/901 2137/496/902
f 2138/496/903 2137/496/902 2139/447/904
f 2140/447/904 2139/447/904 2137/496/902
f 2143/494/2 2142/494/2 2141/497/2
f 2144/497/2 2141/497/2 2142/494/2
f 2147/444/905 2146/459/905 2145/444/905
f 2148/459/905 2145/444/905 2146/459/905
f 2151/457/906 2150/449/906 2149/458/906
f 2149/458/906 2152/458/906 2151/457/906
f 2153/457/906 2151/457/906 2152/458/906
f 2154/449/906 2153/457/906 2152/458/906
f 2157/458/2 2156/444/2 2155/458/2
f 2158/444/2 2155/458/2 2156/444/2
f 2161/498/729 2160/499/907 2159/498/908
f 2162/499/3 2159/498/908 2160/499/907
f 2163/500/904 2159/498/908 2162/499/3
f 2159/498/908 2163/500/904 2164/498/909
f 2165/500/903 2164/498/909 2163/500/904
f 2164/498/909 2165/500/903 2166/498/910
f 2167/500/901 2166/498/910 2165/500/903
f 2163/500/904 2162/499/3 2168/500/911
f 2166/498/910 2167/500/901 2169/498/912
f 2170/499/3 2168/500/911 2162/499/3
f 2171/500/900 2169/498/912 2167/500/901
f 2172/498/913 2168/500/911 2170/499/3
f 2170/499/3 2173/499/914 2172/498/913
f 2174/498/915 2172/498/913 2173/499/914
f 2172/498/913 2175/498/916 2168/500/911
f 2176/500/917 2168/500/911 2175/498/916
f 2175/498/916 2177/498/918 2176/500/917
f 2178/500/919 2176/500/917 2177/498/918
f 2177/498/918 2179/498/920 2178/500/919
f 2180/500/900 2178/500/919 2179/498/920
f 2180/500/900 2179/498/920 2181/499/348
f 2180/500/900 2181/499/348 2171/500/900
f 2179/498/920 2182/498/921 2181/499/348
f 2183/499/922 2181/499/348 2182/498/921
f 2183/499/922 2182/498/921 2184/499/922
f 2185/498/923 2184/499/922 2182/498/921
f 2186/499/924 2171/500/900 2181/499/348
f 2184/499/922 2185/498/923 2186/499/924
f 2169/498/912 2171/500/900 2186/499/924
f 2169/498/912 2186/499/924 2185/498/923
f 2189/486/925 2188/489/926 2187/486/12
f 2190/489/927 2187/486/12 2188/489/926
f 2187/486/12 2190/489/927 2191/501/928
f 2192/489/578 2191/501/928 2190/489/927
f 2191/501/929 2194/502/930 2193/503/931
f 2033/491/932 2193/503/931 2194/502/930
f 2196/486/933 2192/489/3 2195/490/934
f 2196/486/933 2195/490/934 2197/486/825
f 2198/490/935 2197/486/825 2195/490/934
f 2192/489/3 2199/489/936 2195/490/934
f 2195/490/934 2199/489/936 2200/490/937
f 2201/489/601 2200/490/937 2199/489/936
f 2204/470/938 2203/439/932 2202/470/938
f 2205/439/939 2202/470/938 2203/439/932
f 2208/474/13 2207/473/13 2206/473/13
f 2209/475/13 2208/474/13 2206/473/13
f 2210/473/13 2209/475/13 2206/473/13
f 2210/473/13 2211/476/13 2209/475/13
f 2212/473/13 2209/475/13 2211/476/13
f 2212/473/13 2211/476/13 2213/476/13
f 2214/476/13 2213/476/13 2211/476/13
f 2217/440/940 2216/481/941 2215/440/942
f 2218/481/943 2215/440/942 2216/481/941
f 2221/481/837 2220/485/944 2219/481/834
f 2222/485/945 2219/481/834 2220/485/944
f 2225/486/946 2224/486/13 2223/489/736
f 2226/489/947 2223/489/736 2224/486/13
f 2224/486/13 2227/501/9 2226/489/947
f 2228/489/570 2226/489/947 2227/501/9
f 2227/501/738 2230/503/844 2229/502/948
f 2029/491/949 2229/502/948 2230/503/844
f 2228/489/3 2232/486/950 2231/490/951
f 2232/486/950 2233/486/952 2231/490/951
f 2234/490/953 2231/490/951 2233/486/952
f 2235/489/749 2228/489/3 2231/490/951
f 2231/490/951 2236/490/954 2235/489/749
f 2237/489/574 2235/489/749 2236/490/954
f 2240/439/955 2239/439/949 2238/470/956
f 2241/470/956 2238/470/956 2239/439/949
f 2244/504/957 2243/99/958 2242/504/959
f 2245/504/960 2242/504/959 2243/99/958
f 2248/504/961 2247/504/962 2246/504/963
f 2249/504/964 2246/504/963 2247/504/962
f 2252/505/965 2251/506/966 2250/505/967
f 2253/506/968 2250/505/967 2251/506/966
f 2254/3/969 2253/506/968 2251/506/966
f 2251/506/966 2255/505/970 2254/3/969
f 2256/3/971 2253/506/968 2254/3/969
f 2255/505/970 2257/505/972 2254/3/969
f 2255/505/970 2258/507/962 2257/505/972
f 2259/507/973 2257/505/972 2258/507/962
f 2260/506/974 2254/3/969 2257/505/972
f 2261/506/975 2254/3/969 2260/506/974
f 2260/506/974 2262/505/976 2261/506/975
f 2263/505/977 2261/506/975 2262/505/976
f 2264/3/978 2254/3/969 2261/506/975
f 2265/3/979 2254/3/969 2264/3/978
f 2256/3/971 2254/3/969 2266/3/980
f 2264/3/978 2267/1/981 2265/3/979
f 2268/1/982 2265/3/979 2267/1/981
f 2265/3/979 2269/1/983 2254/3/969
f 2266/3/980 2270/1/984 2256/3/971
f 2271/1/985 2256/3/971 2270/1/984
f 2266/3/980 2254/3/969 2272/2/986
f 2254/3/969 2269/1/983 2273/2/987
f 2269/1/983 2274/61/988 2273/2/987
f 2275/61/989 2273/2/987 2274/61/988
f 2273/2/987 2276/2/990 2254/3/969
f 2254/3/969 2276/2/990 2277/2/991
f 2276/2/990 2278/508/992 2277/2/991
f 2279/508/993 2277/2/991 2278/508/992
f 2254/3/969 2277/2/991 2280/2/994
f 2272/2/986 2254/3/969 2280/2/994
f 2280/2/994 2281/61/995 2272/2/986
f 2282/61/996 2272/2/986 2281/61/995
f 2285/97/997 2284/509/988 2283/509/998
f 2286/509/999 2283/509/998 2284/509/988
f 2289/509/1000 2288/509/992 2287/509/1001
f 2290/509/1002 2287/509/1001 2288/509/992
f 2293/504/980 2292/504/1003 2291/99/984
f 2294/504/1004 2291/99/984 2292/504/1003
f 2297/504/1005 2296/504/1006 2295/504/995
f 2298/504/993 2295/504/995 2296/504/1006
f 2301/509/978 2300/509/1007 2299/97/981
f 2302/509/1008 2299/97/981 2300/509/1007
f 2305/509/1009 2304/504/1010 2303/509/976
f 2306/504/1011 2303/509/976 2304/504/1010
f 2309/510/35 2308/511/35 2307/510/35
f 2310/511/35 2307/510/35 2308/511/35
f 2313/512/1012 2312/513/1013 2311/512/1014
f 2312/513/1013 2313/512/1012 2314/513/220
f 2315/512/12 2314/513/220 2313/512/1012
f 2315/512/12 2316/514/1015 2314/513/220
f 2314/513/220 2316/514/1015 2317/513/1016
f 2316/514/1015 2315/512/12 2318/515/1017
f 2319/514/400 2317/513/1016 2316/514/1015
f 2320/512/12 2318/515/1017 2315/512/12
f 2319/514/400 2321/512/457 2317/513/1016
f 2319/514/400 2322/515/1018 2321/512/457
f 2321/512/457 2323/512/1019 2317/513/1016
f 2324/513/1020 2317/513/1016 2323/512/1019
f 2324/513/1020 2323/512/1019 2325/512/1021
f 2326/512/13 2321/512/457 2322/515/1018
f 2322/515/1018 2318/515/1017 2327/513/7
f 2327/513/7 2326/512/13 2322/515/1018
f 2328/513/1022 2327/513/7 2318/515/1017
f 2320/512/12 2328/513/1022 2318/515/1017
f 2327/513/7 2329/513/575 2326/512/13
f 2330/512/1023 2326/512/13 2329/513/575
f 2330/512/1023 2329/513/575 2331/512/1024
f 2328/513/1022 2320/512/12 2332/513/1025
f 2333/512/1026 2332/513/1025 2320/512/12
f 2332/513/1025 2333/512/1026 2334/512/1027
f 2337/516/12 2336/516/12 2335/517/1028
f 2338/517/1029 2335/517/1028 2336/516/12
f 2335/517/1028 2338/517/1029 2339/518/1030
f 2340/518/1031 2339/518/1030 2338/517/1029
f 2339/518/1030 2340/518/1031 2341/519/1032
f 2342/519/1032 2341/519/1032 2340/518/1031
f 2341/519/1032 2342/519/1032 2343/520/339
f 2344/520/339 2343/520/339 2342/519/1032
f 2344/520/339 2345/521/1033 2343/520/339
f 2346/521/1033 2343/520/339 2345/521/1033
f 2345/521/1033 2347/522/1034 2346/521/1033
f 2348/522/1035 2346/521/1033 2347/522/1034
f 2347/522/1034 2349/523/1036 2348/522/1035
f 2350/523/1037 2348/522/1035 2349/523/1036
f 2349/523/1036 2351/524/13 2350/523/1037
f 2352/524/13 2350/523/1037 2351/524/13
f 2355/525/3 2354/526/3 2353/527/3
f 2356/528/3 2354/526/3 2355/525/3
f 2356/528/3 2355/525/3 2357/529/3
f 2360/527/1038 2359/526/2 2358/525/1039
f 2359/526/2 2361/528/2 2358/525/1039
f 2361/528/2 2362/529/1040 2358/525/1039
f 2365/511/35 2364/511/35 2363/510/35
f 2366/510/35 2363/510/35 2364/511/35
f 2369/513/1041 2368/512/1012 2367/512/1042
f 2369/513/1041 2370/513/1022 2368/512/1012
f 2371/512/572 2368/512/1012 2370/513/1022
f 2372/514/1017 2371/512/572 2370/513/1022
f 2370/513/1022 2373/513/7 2372/514/1017
f 2372/514/1017 2374/515/382 2371/512/572
f 2375/514/1043 2372/514/1017 2373/513/7
f 2376/512/12 2371/512/572 2374/515/382
f 2377/512/13 2375/514/1043 2373/513/7
f 2375/514/1043 2377/512/13 2378/515/400
f 2377/512/13 2373/513/7 2379/512/1019
f 2380/513/1044 2379/512/1019 2373/513/7
f 2379/512/1019 2380/513/1044 2381/512/1045
f 2382/512/457 2378/515/400 2377/512/13
f 2378/515/400 2383/513/1016 2374/515/382
f 2382/512/457 2383/513/1016 2378/515/400
f 2384/513/220 2374/515/382 2383/513/1016
f 2384/513/220 2376/512/12 2374/515/382
f 2383/513/1016 2382/512/457 2385/513/924
f 2386/512/1046 2385/513/924 2382/512/457
f 2385/513/924 2386/512/1046 2387/512/1047
f 2384/513/220 2388/513/922 2376/512/12
f 2389/512/1048 2376/512/12 2388/513/922
f 2389/512/1048 2388/513/922 2390/512/1049
f 2393/516/12 2392/517/1050 2391/516/12
f 2394/517/1029 2391/516/12 2392/517/1050
f 2392/517/1050 2395/518/1030 2394/517/1029
f 2396/518/1051 2394/517/1029 2395/518/1030
f 2395/518/1030 2397/519/1032 2396/518/1051
f 2398/519/1032 2396/518/1051 2397/519/1032
f 2397/519/1032 2399/520/339 2398/519/1032
f 2400/520/339 2398/519/1032 2399/520/339
f 2400/520/339 2399/520/339 2401/521/1033
f 2402/521/1033 2401/521/1033 2399/520/339
f 2401/521/1033 2402/521/1033 2403/522/1034
f 2404/522/1035 2403/522/1034 2402/521/1033
f 2403/522/1034 2404/522/1035 2405/523/1036
f 2406/523/1037 2405/523/1036 2404/522/1035
f 2405/523/1036 2406/523/1037 2407/524/13
f 2408/524/13 2407/524/13 2406/523/1037
f 2411/526/2 2410/525/2 2409/527/2
f 2411/526/2 2412/528/2 2410/525/2
f 2410/525/2 2412/528/2 2413/529/2
f 2416/526/3 2415/527/1052 2414/525/1053
f 2417/528/3 2416/526/3 2414/525/1053
f 2418/529/1054 2417/528/3 2414/525/1053
f 2421/530/12 2420/531/12 2419/532/1055
f 2422/533/1055 2419/532/1055 2420/531/12
f 2420/531/12 2423/534/12 2422/533/1055
f 2424/534/12 2422/533/1055 2423/534/12
f 2424/534/12 2425/535/570 2422/533/1055
f 2422/533/1055 2426/536/1056 2419/532/1055
f 2427/537/1057 2419/532/1055 2426/536/1056
f 2428/536/1058 2422/533/1055 2425/535/570
f 2426/536/1056 2422/533/1055 2428/536/1058
f 2426/536/1056 2429/536/1056 2427/537/1057
f 2426/536/1056 2428/536/1058 2429/536/1056
f 2430/537/1059 2427/537/1057 2429/536/1056
f 2430/537/1059 2429/536/1056 2431/532/377
f 2428/536/1058 2425/535/570 2432/536/1060
f 2432/536/1060 2429/536/1056 2428/536/1058
f 2433/535/578 2432/536/1060 2425/535/570
f 2434/533/377 2429/536/1056 2432/536/1060
f 2432/536/1060 2433/535/578 2434/533/377
f 2434/533/377 2431/532/377 2429/536/1056
f 2435/534/13 2434/533/377 2433/535/578
f 2435/534/13 2436/534/13 2434/533/377
f 2437/531/13 2434/533/377 2436/534/13
f 2434/533/377 2437/531/13 2431/532/377
f 2438/530/13 2431/532/377 2437/531/13
f 2441/538/12 2440/538/12 2439/539/12
f 2442/540/12 2439/539/12 2440/538/12
f 2442/540/12 2443/541/12 2439/539/12
f 2444/539/12 2439/539/12 2443/541/12
f 2442/540/12 2445/542/12 2443/541/12
f 2443/541/12 2446/538/12 2444/539/12
f 2447/538/12 2444/539/12 2446/538/12
f 2448/543/12 2443/541/12 2445/542/12
f 2445/542/12 2449/544/12 2448/543/12
f 2450/545/12 2448/543/12 2449/544/12
f 2450/545/12 2449/544/12 2451/546/12
f 2452/547/12 2451/546/12 2449/544/12
f 2452/547/12 2453/548/12 2451/546/12
f 2454/549/12 2451/546/12 2453/548/12
f 2454/549/12 2453/548/12 2455/550/12
f 2456/551/12 2455/550/12 2453/548/12
f 2456/551/12 2457/552/12 2455/550/12
f 2457/552/12 2456/551/12 2458/553/12
f 2459/554/12 2458/553/12 2456/551/12
f 2459/554/12 2460/554/12 2458/553/12
f 2461/555/12 2458/553/12 2460/554/12
f 2456/551/12 2462/556/12 2459/554/12
f 2456/551/12 2463/557/12 2462/556/12
f 2463/557/12 2464/558/12 2462/556/12
f 2462/556/12 2464/558/12 2465/559/12
f 2466/559/12 2465/559/12 2464/558/12
f 2460/554/12 2467/556/12 2461/555/12
f 2468/560/12 2461/555/12 2467/556/12
f 2468/560/12 2467/556/12 2469/561/12
f 2467/556/12 2470/562/12 2469/561/12
f 2470/562/12 2471/562/12 2469/561/12
f 2472/561/12 2470/562/12 2467/556/12
f 2475/545/1061 2474/563/1062 2473/543/1063
f 2476/564/1064 2473/543/1063 2474/563/1062
f 2476/564/1064 2474/563/1062 2477/565/1065
f 2478/566/1066 2477/565/1065 2474/563/1062
f 2481/538/1067 2480/541/1068 2479/567/1069
f 2482/568/1070 2479/567/1069 2480/541/1068
f 2479/567/1069 2482/568/1070 2483/569/1071
f 2484/570/1072 2483/569/1071 2482/568/1070
f 2487/538/1073 2486/567/1074 2485/540/1073
f 2488/571/1075 2485/540/1073 2486/567/1074
f 2488/571/1075 2486/567/1074 2489/570/1076
f 2490/569/1077 2489/570/1076 2486/567/1074
f 2493/542/1078 2492/572/1079 2491/544/1078
f 2494/573/1080 2491/544/1078 2492/572/1079
f 2494/573/1080 2492/572/1079 2495/232/1081
f 2496/574/1082 2495/232/1081 2492/572/1079
f 2499/547/1083 2498/575/1084 2497/548/1083
f 2500/576/1085 2497/548/1083 2498/575/1084
f 2500/576/1085 2498/575/1084 2501/168/1086
f 2502/577/1087 2501/168/1086 2498/575/1084
f 2505/551/1088 2504/578/1089 2503/557/1088
f 2506/579/1090 2503/557/1088 2504/578/1089
f 2506/579/1090 2504/578/1089 2507/580/1091
f 2508/581/1092 2507/580/1091 2504/578/1089
f 2511/558/1093 2510/582/1094 2509/559/1093
f 2512/583/1095 2509/559/1093 2510/582/1094
f 2512/583/1095 2510/582/1094 2513/584/1096
f 2514/585/1097 2513/584/1096 2510/582/1094
f 2517/559/1098 2516/583/1098 2515/556/1098
f 2518/586/1098 2515/556/1098 2516/583/1098
f 2518/586/1098 2516/583/1098 2519/587/1098
f 2520/584/1099 2519/587/1098 2516/583/1098
f 2523/560/1100 2522/561/1100 2521/588/1101
f 2524/589/1102 2521/588/1101 2522/561/1100
f 2521/588/1101 2524/589/1102 2525/590/1103
f 2526/591/1104 2525/590/1103 2524/589/1102
f 2529/555/1105 2528/592/1106 2527/553/1105
f 2530/593/1107 2527/553/1105 2528/592/1106
f 2530/593/1107 2528/592/1106 2531/594/1108
f 2532/595/1109 2531/594/1108 2528/592/1106
f 2535/552/2 2534/596/1110 2533/550/2
f 2536/597/1111 2533/550/2 2534/596/1110
f 2536/597/1111 2534/596/1110 2537/598/1112
f 2538/599/1113 2537/598/1112 2534/596/1110
f 2541/549/1114 2540/600/1115 2539/546/1116
f 2542/601/1117 2539/546/1116 2540/600/1115
f 2542/601/1117 2540/600/1115 2543/602/1118
f 2544/603/1119 2543/602/1118 2540/600/1115
f 2547/604/13 2546/605/13 2545/606/13
f 2546/605/13 2548/607/13 2545/606/13
f 2548/607/13 2549/608/13 2545/606/13
f 2549/608/13 2550/609/13 2545/606/13
f 2548/607/13 2551/610/13 2549/608/13
f 2549/608/13 2552/611/13 2550/609/13
f 2552/611/13 2553/612/13 2550/609/13
f 2549/608/13 2551/610/13 2554/613/13
f 2554/613/13 2555/614/13 2549/608/13
f 2554/613/13 2556/615/13 2555/614/13
f 2554/613/13 2557/616/13 2556/615/13
f 2558/617/13 2554/613/13 2551/610/13
f 2558/617/13 2559/618/13 2554/613/13
f 2558/617/13 2560/619/13 2559/618/13
f 2560/619/13 2561/620/13 2559/618/13
f 2562/621/13 2559/618/13 2561/620/13
f 2565/622/13 2564/622/13 2563/622/1120
f 2566/622/1121 2563/622/1120 2564/622/13
f 2563/622/1120 2566/622/1121 2567/623/1122
f 2568/623/1123 2567/623/1122 2566/622/1121
f 2568/623/1123 2569/624/339 2567/623/1122
f 2570/624/339 2567/623/1122 2569/624/339
f 2573/539/2 2572/625/1124 2571/538/1125
f 2574/567/1126 2571/538/1125 2572/625/1124
f 2572/625/1124 2575/626/1127 2574/567/1126
f 2576/627/1128 2574/567/1126 2575/626/1127
f 2575/626/1127 2577/628/1129 2576/627/1128
f 2578/629/1130 2576/627/1128 2577/628/1129
f 2577/628/1129 2579/628/1131 2578/629/1130
f 2580/629/1132 2578/629/1130 2579/628/1131
f 2579/628/1131 2581/626/1133 2580/629/1132
f 2582/627/1134 2580/629/1132 2581/626/1133
f 2581/626/1133 2583/625/1135 2582/627/1134
f 2584/567/1136 2582/627/1134 2583/625/1135
f 2584/567/1136 2583/625/1135 2585/538/3
f 2586/539/3 2585/538/3 2583/625/1135
f 2589/562/35 2588/630/35 2587/562/35
f 2590/630/35 2587/562/35 2588/630/35
f 2590/630/35 2588/630/35 2591/631/35
f 2592/631/35 2591/631/35 2588/630/35
f 2595/556/3 2594/586/3 2593/561/3
f 2596/589/3 2593/561/3 2594/586/3
f 2596/589/3 2594/586/3 2597/591/3
f 2598/587/3 2597/591/3 2594/586/3
f 2601/554/35 2600/632/35 2599/554/35
f 2602/632/35 2599/554/35 2600/632/35
f 2600/632/35 2603/590/35 2602/632/35
f 2604/590/35 2602/632/35 2603/590/35
f 2607/633/1137 2606/634/35 2605/633/1138
f 2608/634/35 2605/633/1138 2606/634/35
f 2605/633/1138 2608/634/35 2609/633/1139
f 2610/634/35 2609/633/1139 2608/634/35
f 2610/634/35 2611/635/375 2609/633/1139
f 2610/634/35 2612/634/35 2611/635/375
f 2611/635/375 2613/635/457 2609/633/1139
f 2614/633/1140 2609/633/1139 2613/635/457
f 2615/635/591 2611/635/375 2612/634/35
f 2614/633/1140 2613/635/457 2616/634/1141
f 2614/633/1140 2616/634/1141 2617/633/1101
f 2613/635/457 2618/635/744 2616/634/1141
f 2619/634/1142 2617/633/1101 2616/634/1141
f 2617/633/1101 2619/634/1142 2620/633/1100
f 2621/634/1143 2620/633/1100 2619/634/1142
f 2622/634/1144 2616/634/1141 2618/635/744
f 2622/634/1144 2618/635/744 2623/633/1145
f 2622/634/1144 2623/633/1145 2624/634/1146
f 2618/635/744 2625/635/457 2623/633/1145
f 2626/633/1147 2624/634/1146 2623/633/1145
f 2624/634/1146 2626/633/1147 2627/634/1105
f 2628/633/2 2627/634/1105 2626/633/1147
f 2629/633/1148 2623/633/1145 2625/635/457
f 2629/633/1148 2625/635/457 2630/634/1149
f 2629/633/1148 2630/634/1149 2631/633/1150
f 2625/635/457 2632/635/377 2630/634/1149
f 2633/634/1151 2631/633/1150 2630/634/1149
f 2631/633/1150 2633/634/1151 2634/633/924
f 2635/634/1152 2634/633/924 2633/634/1151
f 2636/634/1153 2630/634/1149 2632/635/377
f 2636/634/1153 2632/635/377 2637/633/1154
f 2636/634/1153 2637/633/1154 2638/634/1117
f 2632/635/377 2639/635/13 2637/633/1154
f 2640/633/1155 2638/634/1117 2637/633/1154
f 2638/634/1117 2640/633/1155 2641/634/1156
f 2642/633/1157 2641/634/1156 2640/633/1155
f 2643/633/1158 2637/633/1154 2639/635/13
f 2643/633/1158 2639/635/13 2644/634/1159
f 2643/633/1158 2644/634/1159 2645/633/1160
f 2639/635/13 2646/635/375 2644/634/1159
f 2647/634/1161 2645/633/1160 2644/634/1159
f 2645/633/1160 2647/634/1161 2648/633/1162
f 2649/634/1163 2648/633/1162 2647/634/1161
f 2650/634/1164 2644/634/1159 2646/635/375
f 2650/634/1164 2646/635/375 2651/633/1165
f 2650/634/1164 2651/633/1165 2652/634/1166
f 2651/633/1165 2646/635/375 2653/633/1167
f 2654/633/1168 2652/634/1166 2651/633/1165
f 2652/634/1166 2654/633/1168 2655/634/1067
f 2656/633/1022 2655/634/1067 2654/633/1168
f 2657/635/13 2653/633/1167 2646/635/375
f 2653/633/1167 2657/635/13 2658/633/1169
f 2659/635/13 2658/633/1169 2657/635/13
f 2659/635/13 2660/635/744 2658/633/1169
f 2661/633/1170 2658/633/1169 2660/635/744
f 2661/633/1170 2660/635/744 2662/634/1171
f 2661/633/1170 2662/634/1171 2663/633/1172
f 2660/635/744 2664/635/458 2662/634/1171
f 2665/634/1173 2663/633/1172 2662/634/1171
f 2663/633/1172 2665/634/1173 2666/633/1174
f 2667/634/1073 2666/633/1174 2665/634/1173
f 2668/634/1175 2662/634/1171 2664/635/458
f 2668/634/1175 2664/635/458 2669/633/1176
f 2668/634/1175 2669/633/1176 2670/634/1177
f 2664/635/458 2671/635/375 2669/633/1176
f 2672/633/1178 2670/634/1177 2669/633/1176
f 2670/634/1177 2672/633/1178 2673/634/1179
f 2674/633/1180 2673/634/1179 2672/633/1178
f 2675/633/1181 2669/633/1176 2671/635/375
f 2675/633/1181 2671/635/375 2676/634/1182
f 2675/633/1181 2676/634/1182 2677/633/1080
f 2671/635/375 2678/635/13 2676/634/1182
f 2679/634/1183 2677/633/1080 2676/634/1182
f 2677/633/1080 2679/634/1183 2680/633/1184
f 2681/634/1185 2680/633/1184 2679/634/1183
f 2682/634/1186 2676/634/1182 2678/635/13
f 2682/634/1186 2678/635/13 2683/633/1187
f 2682/634/1186 2683/633/1187 2684/634/1188
f 2678/635/13 2685/635/13 2683/633/1187
f 2686/633/1089 2684/634/1188 2683/633/1187
f 2684/634/1188 2686/633/1089 2687/634/1189
f 2688/633/1190 2687/634/1189 2686/633/1089
f 2689/633/1191 2683/633/1187 2685/635/13
f 2689/633/1191 2685/635/13 2690/634/1192
f 2689/633/1191 2690/634/1192 2691/633/1193
f 2685/635/13 2692/635/457 2690/634/1192
f 2693/634/1194 2691/633/1193 2690/634/1192
f 2691/633/1193 2693/634/1194 2694/633/1195
f 2695/634/1196 2694/633/1195 2693/634/1194
f 2696/634/1197 2690/634/1192 2692/635/457
f 2696/634/1197 2692/635/457 2697/633/924
f 2696/634/1197 2697/633/924 2698/634/1095
f 2692/635/457 2699/635/457 2697/633/924
f 2700/633/1098 2698/634/1095 2697/633/924
f 2698/634/1095 2700/633/1098 2701/634/1093
f 2702/633/1098 2701/634/1093 2700/633/1098
f 2703/633/379 2697/633/924 2699/635/457
f 2703/633/379 2699/635/457 2704/634/400
f 2703/633/379 2704/634/400 2705/633/924
f 2699/635/457 2706/635/574 2704/634/400
f 2707/634/382 2705/633/924 2704/634/400
f 2705/633/924 2707/634/382 2708/633/924
f 2709/634/382 2708/633/924 2707/634/382
f 2710/634/417 2704/634/400 2706/635/574
f 2706/635/574 2711/633/3 2710/634/417
f 2710/634/417 2711/633/3 2712/634/1043
f 2706/635/574 2615/635/591 2711/633/3
f 2713/633/575 2712/634/1043 2711/633/3
f 2712/634/1043 2713/633/575 2714/634/1043
f 2715/633/575 2714/634/1043 2713/633/575
f 2716/633/3 2711/633/3 2615/635/591
f 2716/633/3 2615/635/591 2612/634/35
f 2716/633/3 2612/634/35 2717/633/575
f 2718/634/1043 2717/633/575 2612/634/35
f 2717/633/575 2718/634/1043 2719/633/575
f 2720/634/1043 2719/633/575 2718/634/1043
f 2723/636/2 2722/637/2 2721/638/1198
f 2724/639/1199 2721/638/1198 2722/637/2
f 2724/639/1199 2725/640/1200 2721/638/1198
f 2726/641/1200 2721/638/1198 2725/640/1200
f 2729/642/12 2728/642/12 2727/643/12
f 2730/643/12 2727/643/12 2728/642/12
f 2733/644/35 2732/644/35 2731/645/35
f 2734/645/35 2731/645/35 2732/644/35
f 2737/646/12 2736/647/12 2735/648/12
f 2735/648/12 2736/647/12 2738/649/12
f 2736/647/12 2739/650/12 2738/649/12
f 2739/650/12 2740/651/12 2738/649/12
f 2740/651/12 2739/650/12 2741/652/351
f 2740/651/12 2741/652/351 2742/653/813
f 2740/651/12 2742/653/813 2743/651/12
f 2744/654/351 2741/652/351 2739/650/12
f 2739/650/12 2745/655/452 2744/654/351
f 2739/650/12 2746/650/12 2745/655/452
f 2741/652/351 2744/654/351 2747/656/1201
f 2742/653/813 2741/652/351 2748/657/1202
f 2747/656/1201 2748/657/1202 2741/652/351
f 2744/654/351 2745/655/452 2749/658/1203
f 2749/658/1203 2747/656/1201 2744/654/351
f 2750/653/601 2743/651/12 2742/653/813
f 2748/657/1202 2751/657/1204 2742/653/813
f 2750/653/601 2742/653/813 2751/657/1204
f 2743/651/12 2750/653/601 2752/652/572
f 2743/651/12 2752/652/572 2753/659/12
f 2754/659/12 2753/659/12 2746/650/12
f 2755/655/455 2745/655/452 2746/650/12
f 2746/650/12 2753/659/12 2755/655/455
f 2756/660/1205 2749/658/1203 2745/655/452
f 2745/655/452 2755/655/455 2756/660/1205
f 2753/659/12 2757/654/572 2755/655/455
f 2757/654/572 2753/659/12 2752/652/572
f 2752/652/572 2750/653/601 2758/656/1206
f 2751/657/1204 2758/656/1206 2750/653/601
f 2755/655/455 2757/654/572 2759/660/1207
f 2759/660/1207 2756/660/1205 2755/655/455
f 2757/654/572 2752/652/572 2760/658/1208
f 2758/656/1206 2760/658/1208 2752/652/572
f 2760/658/1208 2759/660/1207 2757/654/572
f 2749/658/1203 2756/660/1205 2761/661/1209
f 2761/661/1209 2762/662/1210 2749/658/1203
f 2763/663/1211 2761/661/1209 2756/660/1205
f 2756/660/1205 2759/660/1207 2763/663/1211
f 2747/656/1201 2749/658/1203 2762/662/1210
f 2764/663/1212 2763/663/1211 2759/660/1207
f 2759/660/1207 2760/658/1208 2764/663/1212
f 2762/662/1210 2765/664/1213 2747/656/1201
f 2766/661/1214 2764/663/1212 2760/658/1208
f 2760/658/1208 2758/656/1206 2766/661/1214
f 2748/657/1202 2747/656/1201 2765/664/1213
f 2767/662/1215 2766/661/1214 2758/656/1206
f 2765/664/1213 2768/664/1216 2748/657/1202
f 2758/656/1206 2751/657/1204 2767/662/1215
f 2751/657/1204 2748/657/1202 2768/664/1216
f 2768/664/1216 2767/662/1215 2751/657/1204
f 2771/665/1217 2770/666/1217 2769/667/1217
f 2772/668/1217 2769/667/1217 2770/666/1217
f 2775/669/13 2774/670/13 2773/669/13
f 2776/670/13 2773/669/13 2774/670/13
f 2779/671/3 2778/672/3 2777/673/3
f 2780/674/3 2777/673/3 2778/672/3
f 2783/673/2 2782/674/2 2781/671/2
f 2784/672/2 2781/671/2 2782/674/2
f 2787/675/3 2786/676/1218 2785/677/3
f 2788/678/1219 2785/677/3 2786/676/1218
f 2788/678/1219 2786/676/1218 2789/678/1220
f 2790/676/1220 2789/678/1220 2786/676/1218
f 2790/676/1220 2791/675/2 2789/678/1220
f 2792/677/2 2789/678/1220 2791/675/2
f 2795/679/3 2794/680/3 2793/636/3
f 2796/637/3 2793/636/3 2794/680/3
f 2799/681/13 2798/682/13 2797/683/13
f 2799/681/13 2797/683/13 2800/684/13
f 2801/685/13 2799/681/13 2800/684/13
f 2802/686/13 2801/685/13 2800/684/13
f 2802/686/13 2803/686/13 2801/685/13
f 2804/685/13 2801/685/13 2803/686/13
f 2804/685/13 2803/686/13 2805/687/13
f 2805/687/13 2806/687/13 2804/685/13
f 2809/664/12 2808/662/12 2807/664/12
f 2810/662/12 2807/664/12 2808/662/12
f 2810/662/12 2808/662/12 2811/661/12
f 2812/661/12 2811/661/12 2808/662/12
f 2812/661/12 2813/663/12 2811/661/12
f 2814/663/12 2811/661/12 2813/663/12
f 2817/688/1221 2816/689/457 2815/690/1222
f 2818/691/457 2815/690/1222 2816/689/457
f 2815/690/1222 2818/691/457 2819/692/1223
f 2820/693/457 2819/692/1223 2818/691/457
f 2823/694/572 2822/695/578 2821/694/12
f 2824/695/1022 2821/694/12 2822/695/578
f 2825/696/1017 2821/694/12 2824/695/1022
f 2821/694/12 2825/696/1017 2826/694/813
f 2825/696/1017 2824/695/1022 2827/696/1018
f 2828/696/1015 2826/694/813 2825/696/1017
f 2829/695/7 2827/696/1018 2824/695/1022
f 2830/695/220 2826/694/813 2828/696/1015
f 2826/694/813 2830/695/220 2831/694/351
f 2832/695/380 2831/694/351 2830/695/220
f 2830/695/220 2828/696/1015 2833/695/922
f 2834/696/417 2833/695/922 2828/696/1015
f 2835/694/573 2827/696/1018 2829/695/7
f 2827/696/1018 2835/694/573 2834/696/417
f 2835/694/573 2829/695/7 2836/694/375
f 2837/695/1224 2836/694/375 2829/695/7
f 2838/694/377 2834/696/417 2835/694/573
f 2833/695/922 2834/696/417 2838/694/377
f 2833/695/922 2838/694/377 2839/695/259
f 2840/694/1225 2839/695/259 2838/694/377
f 2843/692/1226 2842/693/813 2841/690/1227
f 2844/691/351 2841/690/1227 2842/693/813
f 2841/690/1227 2844/691/351 2845/688/380
f 2846/689/351 2845/688/380 2844/691/351
f 2849/697/572 2848/697/584 2847/698/1228
f 2850/698/1229 2847/698/1228 2848/697/584
f 2850/698/1229 2848/697/584 2851/699/1230
f 2850/698/1229 2851/699/1230 2852/698/1231
f 2851/699/1230 2848/697/584 2853/699/1232
f 2854/699/1230 2852/698/1231 2851/699/1230
f 2855/697/351 2853/699/1232 2848/697/584
f 2852/698/1231 2854/699/1230 2856/697/375
f 2852/698/1231 2856/697/375 2857/698/7
f 2858/697/1233 2857/698/7 2856/697/375
f 2856/697/375 2854/699/1230 2859/697/457
f 2860/699/1234 2859/697/457 2854/699/1230
f 2853/699/1232 2855/697/351 2861/698/2
f 2853/699/1232 2861/698/2 2860/699/1234
f 2861/698/2 2855/697/351 2862/698/1220
f 2863/697/455 2862/698/1220 2855/697/351
f 2862/698/1220 2863/697/455 2864/698/1218
f 2865/697/455 2864/698/1218 2863/697/455
f 2866/698/259 2860/699/1234 2861/698/2
f 2860/699/1234 2866/698/259 2859/697/457
f 2859/697/457 2866/698/259 2867/697/457
f 2868/698/1235 2867/697/457 2866/698/259
f 2867/697/457 2868/698/1235 2869/697/375
f 2870/698/1219 2869/697/375 2868/698/1235
f 2864/698/1218 2865/697/455 2871/698/3
f 2869/697/375 2870/698/1219 2872/697/457
f 2873/697/351 2871/698/3 2865/697/455
f 2874/698/3 2872/697/457 2870/698/1219
f 2871/698/3 2875/699/1236 2874/698/3
f 2875/699/1236 2871/698/3 2873/697/351
f 2875/699/1236 2873/697/351 2876/699/1236
f 2877/697/813 2876/699/1236 2873/697/351
f 2878/699/1237 2874/698/3 2875/699/1236
f 2874/698/3 2878/699/1237 2872/697/457
f 2872/697/457 2878/699/1237 2879/697/377
f 2880/699/1237 2879/697/377 2878/699/1237
f 2883/679/1230 2882/700/1230 2881/679/1230
f 2884/700/1230 2881/679/1230 2882/700/1230
f 2887/15/12 2886/17/12 2885/16/12
f 2888/18/12 2885/16/12 2886/17/12
f 2888/18/12 2889/19/12 2885/16/12
f 2890/20/12 2885/16/12 2889/19/12
f 2893/701/12 2892/702/12 2891/701/12
f 2894/702/12 2891/701/12 2892/702/12
f 2894/702/12 2895/702/12 2891/701/12
f 2896/702/12 2891/701/12 2895/702/12
f 2895/702/12 2897/702/12 2896/702/12
f 2898/702/12 2896/702/12 2897/702/12
f 2901/15/13 2900/16/13 2899/17/13
f 2902/18/13 2899/17/13 2900/16/13
f 2902/18/13 2900/16/13 2903/19/13
f 2904/20/13 2903/19/13 2900/16/13
f 2907/703/13 2906/703/13 2905/704/13
f 2908/704/13 2905/704/13 2906/703/13
f 2908/704/13 2906/703/13 2909/704/13
f 2910/704/13 2909/704/13 2906/703/13
f 2909/704/13 2910/704/13 2911/704/13
f 2912/704/13 2911/704/13 2910/704/13
f 2915/705/3 2914/706/3 2913/707/3
f 2916/708/3 2913/707/3 2914/706/3
f 2919/709/12 2918/710/12 2917/709/12
f 2920/710/12 2917/709/12 2918/710/12
f 2923/711/339 2922/712/339 2921/711/339
f 2924/712/339 2921/711/339 2922/712/339
f 2927/713/13 2926/714/13 2925/713/13
f 2928/714/13 2925/713/13 2926/714/13
f 2931/705/2 2930/707/2 2929/706/2
f 2932/708/2 2929/706/2 2930/707/2
f 2935/715/35 2934/716/35 2933/715/35
f 2936/716/35 2933/715/35 2934/716/35
f 2939/717/1238 2938/718/1238 2937/719/1239
f 2940/720/1240 2937/719/1239 2938/718/1238
f 2937/719/1239 2940/720/1240 2941/721/1241
f 2942/722/1242 2941/721/1241 2940/720/1240
f 2941/721/1241 2942/722/1242 2943/721/1243
f 2944/722/1244 2943/721/1243 2942/722/1242
f 2944/722/1244 2945/720/1245 2943/721/1243
f 2946/719/1245 2943/721/1243 2945/720/1245
f 2945/720/1245 2947/718/1246 2946/719/1245
f 2948/717/1246 2946/719/1245 2947/718/1246
f 2951/723/1247 2950/724/1248 2949/723/1249
f 2952/724/1250 2949/723/1249 2950/724/1248
f 2950/724/1248 2953/725/1251 2952/724/1250
f 2949/723/1249 2952/724/1250 2954/723/1252
f 2955/725/1253 2952/724/1250 2953/725/1251
f 2953/725/1251 2956/725/35 2955/725/1253
f 2957/724/1254 2954/723/1252 2952/724/1250
f 2952/724/1250 2955/725/1253 2957/724/1254
f 2957/724/1254 2958/726/1255 2954/723/1252
f 2959/727/1256 2954/723/1252 2958/726/1255
f 2960/725/1257 2957/724/1254 2955/725/1253
f 2957/724/1254 2960/725/1257 2958/726/1255
f 2961/725/400 2955/725/1253 2956/725/35
f 2955/725/1253 2961/725/400 2960/725/1257
f 2961/725/400 2956/725/35 2962/725/417
f 2962/725/417 2960/725/1257 2961/725/400
f 2958/726/1255 2963/726/1258 2959/727/1256
f 2964/727/1259 2959/727/1256 2963/726/1258
f 2965/728/1260 2958/726/1255 2960/725/1257
f 2960/725/1257 2962/725/417 2965/728/1260
f 2962/725/417 2956/725/35 2966/728/1043
f 2956/725/35 2967/728/35 2966/728/1043
f 2967/728/35 2968/728/1261 2966/728/1043
f 2963/726/1258 2969/726/1262 2964/727/1259
f 2969/726/1262 2963/726/1258 2968/728/1261
f 2970/727/1263 2964/727/1259 2969/726/1262
f 2963/726/1258 2958/726/1255 2971/728/1264
f 2971/728/1264 2968/728/1261 2963/726/1258
f 2965/728/1260 2971/728/1264 2958/726/1255
f 2971/728/1264 2966/728/1043 2968/728/1261
f 2972/728/417 2962/725/417 2966/728/1043
f 2972/728/417 2965/728/1260 2962/725/417
f 2966/728/1043 2971/728/1264 2972/728/417
f 2965/728/1260 2972/728/417 2971/728/1264
f 2975/717/1265 2974/719/1266 2973/718/1265
f 2976/720/1266 2973/718/1265 2974/719/1266
f 2974/719/1266 2977/721/1267 2976/720/1266
f 2978/722/1268 2976/720/1266 2977/721/1267
f 2977/721/1267 2979/721/1269 2978/722/1268
f 2980/722/1270 2978/722/1268 2979/721/1269
f 2980/722/1270 2979/721/1269 2981/720/1271
f 2982/719/1271 2981/720/1271 2979/721/1269
f 2981/720/1271 2982/719/1271 2983/718/1272
f 2984/717/1272 2983/718/1272 2982/719/1271
f 2987/723/1273 2986/723/1274 2985/724/1275
f 2988/724/1276 2985/724/1275 2986/723/1274
f 2985/724/1275 2988/724/1276 2989/725/1277
f 2986/723/1274 2990/723/1278 2988/724/1276
f 2991/725/1279 2989/725/1277 2988/724/1276
f 2989/725/1277 2991/725/1279 2992/725/35
f 2993/724/1280 2988/724/1276 2990/723/1278
f 2988/724/1276 2993/724/1280 2991/725/1279
f 2993/724/1280 2990/723/1278 2994/726/1281
f 2995/727/1282 2994/726/1281 2990/723/1278
f 2996/725/1283 2991/725/1279 2993/724/1280
f 2993/724/1280 2994/726/1281 2996/725/1283
f 2997/725/1015 2992/725/35 2991/725/1279
f 2991/725/1279 2996/725/1283 2997/725/1015
f 2997/725/1015 2998/725/408 2992/725/35
f 2998/725/408 2997/725/1015 2996/725/1283
f 2994/726/1281 2995/727/1282 2999/726/1284
f 3000/727/1285 2999/726/1284 2995/727/1282
f 3001/728/1286 2996/725/1283 2994/726/1281
f 2996/725/1283 3001/728/1286 2998/725/408
f 2998/725/408 3002/728/1043 2992/725/35
f 3002/728/1043 3003/728/35 2992/725/35
f 3003/728/35 3002/728/1043 3004/728/1287
f 2999/726/1284 3000/727/1285 3005/726/1288
f 3005/726/1288 3004/728/1287 2999/726/1284
f 3006/727/1289 3005/726/1288 3000/727/1285
f 2999/726/1284 3007/728/1290 2994/726/1281
f 3007/728/1290 2999/726/1284 3004/728/1287
f 3001/728/1286 2994/726/1281 3007/728/1290
f 3007/728/1290 3004/728/1287 3002/728/1043
f 3008/728/408 3002/728/1043 2998/725/408
f 3008/728/408 2998/725/408 3001/728/1286
f 3001/728/1286 3007/728/1290 3008/728/408
f 3002/728/1043 3008/728/408 3007/728/1290
f 3011/729/12 3010/729/12 3009/730/12
f 3012/730/12 3009/730/12 3010/729/12
f 3015/731/2 3014/732/2 3013/733/2
f 3016/734/2 3013/733/2 3014/732/2
f 3019/735/352 3018/735/352 3017/736/339
f 3020/736/1291 3017/736/339 3018/735/352
f 3020/736/1291 3021/735/353 3017/736/339
f 3022/735/353 3017/736/339 3021/735/353
f 3025/736/12 3024/736/12 3023/735/353
f 3026/735/353 3023/735/353 3024/736/12
f 3029/737/380 3028/737/348 3027/738/351
f 3030/738/351 3027/738/351 3028/737/348
f 3028/737/348 3031/739/1292 3030/738/351
f 3028/737/348 3032/737/379 3031/739/1292
f 3033/739/1293 3031/739/1292 3032/737/379
f 3034/738/1294 3033/739/1293 3032/737/379
f 3032/737/379 3035/737/259 3034/738/1294
f 3036/738/2 3034/738/1294 3035/737/259
f 3036/738/2 3037/737/380 3034/738/1294
f 3038/737/380 3034/738/1294 3037/737/380
f 3039/739/1295 3034/738/1294 3038/737/380
f 3039/739/1295 3038/737/380 3040/739/1296
f 3041/737/379 3040/739/1296 3038/737/380
f 3040/739/1296 3041/737/379 3042/738/457
f 3042/738/457 3041/737/379 3043/738/457
f 3044/737/259 3043/738/457 3041/737/379
f 3047/737/570 3046/738/1297 3045/737/570
f 3048/738/1298 3045/737/570 3046/738/1297
f 3048/738/1298 3046/738/1297 3049/737/1299
f 3050/737/578 3049/737/1299 3046/738/1297
f 3053/740/339 3052/740/339 3051/741/339
f 3054/741/339 3051/741/339 3052/740/339
f 3057/729/13 3056/730/13 3055/729/13
f 3058/730/13 3055/729/13 3056/730/13
f 3061/731/2 3060/733/2 3059/732/2
f 3062/734/2 3059/732/2 3060/733/2
f 3065/736/13 3064/735/352 3063/736/13
f 3066/735/1300 3063/736/13 3064/735/352
f 3069/740/339 3068/741/339 3067/740/339
f 3070/741/339 3067/740/339 3068/741/339
f 3073/742/12 3072/742/12 3071/743/12
f 3074/743/12 3071/743/12 3072/742/12
f 3077/744/352 3076/744/1301 3075/745/1302
f 3078/745/339 3075/745/1302 3076/744/1301
f 3075/745/1302 3078/745/339 3079/744/353
f 3080/744/353 3079/744/353 3078/745/339
f 3083/745/12 3082/745/12 3081/744/353
f 3084/744/353 3081/744/353 3082/745/12
f 3087/746/339 3086/746/339 3085/747/339
f 3088/747/339 3085/747/339 3086/746/339
f 3091/744/352 3090/744/352 3089/745/13
f 3092/745/13 3089/745/13 3090/744/352
f 3095/747/339 3094/747/339 3093/746/339
f 3096/746/339 3093/746/339 3094/747/339
f 3099/748/3 3098/749/3 3097/750/3
f 3100/751/3 3097/750/3 3098/749/3
f 3103/752/572 3102/752/572 3101/753/578
f 3104/753/1303 3101/753/578 3102/752/572
f 3105/754/1304 3104/753/1303 3102/752/572
f 3105/754/1304 3106/754/1305 3104/753/1303
f 3107/753/1025 3104/753/1303 3106/754/1305
f 3106/754/1305 3108/752/1306 3107/753/1025
f 3107/753/1025 3108/752/1306 3109/753/3
f 3110/755/3 3109/753/3 3108/752/1306
f 3110/755/3 3108/752/1306 3111/753/3
f 3112/753/1307 3111/753/3 3108/752/1306
f 3108/752/1308 3114/754/1309 3113/753/3
f 3113/753/3 3114/754/1309 3115/753/3
f 3116/754/1309 3115/753/3 3114/754/1309
f 3115/753/3 3116/754/1309 3117/752/13
f 3117/752/375 3119/752/375 3118/753/1310
f 3120/753/570 3118/753/1310 3119/752/375
f 3123/750/3 3122/751/3 3121/748/3
f 3124/749/3 3121/748/3 3122/751/3
f 3127/743/13 3126/742/13 3125/743/13
f 3128/742/13 3125/743/13 3126/742/13
f 3131/756/2 3130/756/2 3129/757/2
f 3132/757/2 3129/757/2 3130/756/2
f 3135/757/1311 3134/756/1311 3133/757/1311
f 3136/756/1311 3133/757/1311 3134/756/1311
f 3139/756/12 3138/756/12 3137/756/12
f 3140/756/12 3137/756/12 3138/756/12
f 3143/756/1312 3142/756/1312 3141/757/1312
f 3144/757/1312 3141/757/1312 3142/756/1312
f 3147/757/13 3146/757/13 3145/757/13
f 3148/757/13 3145/757/13 3146/757/13
f 3151/757/1313 3150/757/1313 3149/756/1313
f 3152/756/1313 3149/756/1313 3150/757/1313
f 3155/100/12 3154/758/12 3153/100/12
f 3156/758/12 3153/100/12 3154/758/12
f 3159/759/1314 3158/760/1315 3157/761/1316
f 3160/762/1317 3157/761/1316 3158/760/1315
f 3160/762/1317 3158/760/1315 3161/763/1318
f 3162/764/1319 3161/763/1318 3158/760/1315
f 3161/763/1318 3162/764/1319 3163/765/1320
f 3164/766/1321 3163/765/1320 3162/764/1319
f 3163/765/1320 3164/766/1321 3165/767/1322
f 3166/768/1323 3165/767/1322 3164/766/1321
f 3165/767/1322 3166/768/1323 3167/769/1324
f 3168/770/1325 3167/769/1324 3166/768/1323
f 3167/769/1324 3168/770/1325 3169/771/1326
f 3170/772/1327 3169/771/1326 3168/770/1325
f 3169/771/1326 3170/772/1327 3171/773/1328
f 3172/774/1329 3171/773/1328 3170/772/1327
f 3171/773/1328 3172/774/1329 3173/775/1330
f 3174/776/1331 3173/775/1330 3172/774/1329
f 3177/505/1332 3176/505/1333 3175/506/1334
f 3178/505/1335 3175/506/1334 3176/505/1333
f 3178/505/1335 3179/3/1336 3175/506/1334
f 3180/3/1337 3175/506/1334 3179/3/1336
f 3179/3/1336 3181/3/1338 3180/3/1337
f 3180/3/1337 3181/3/1338 3182/1/1339
f 3179/3/1336 3183/506/1340 3181/3/1338
f 3184/1/12 3182/1/1339 3181/3/1338
f 3185/506/1341 3181/3/1338 3183/506/1340
f 3182/1/1339 3184/1/12 3186/3/1342
f 3185/506/1341 3183/506/1340 3187/505/1343
f 3188/3/1344 3186/3/1342 3184/1/12
f 3189/505/1345 3187/505/1343 3183/506/1340
f 3186/3/1342 3188/3/1344 3190/506/1346
f 3187/505/1343 3189/505/1345 3191/507/13
f 3192/506/1347 3190/506/1346 3188/3/1344
f 3193/507/1348 3191/507/13 3189/505/1345
f 3190/506/1346 3192/506/1347 3194/505/1349
f 3191/507/13 3193/507/1348 3195/505/1350
f 3195/505/1350 3194/505/1349 3192/506/1347
f 3194/505/1349 3195/505/1350 3193/507/1348
f 3198/777/1351 3197/778/1352 3196/779/1353
f 3199/780/1354 3196/779/1353 3197/778/1352
f 3199/780/1354 3197/778/1352 3200/781/1355
f 3201/782/1356 3200/781/1355 3197/778/1352
f 3200/781/1355 3201/782/1356 3202/783/1357
f 3203/784/1358 3202/783/1357 3201/782/1356
f 3202/783/1357 3203/784/1358 3204/785/1359
f 3205/786/1360 3204/785/1359 3203/784/1358
f 3204/785/1359 3205/786/1360 3206/787/1361
f 3207/788/1362 3206/787/1361 3205/786/1360
f 3206/787/1361 3207/788/1362 3208/789/1363
f 3209/790/1364 3208/789/1363 3207/788/1362
f 3208/789/1363 3209/790/1364 3210/791/1365
f 3211/792/1366 3210/791/1365 3209/790/1364
f 3210/791/1365 3211/792/1366 3212/793/1367
f 3213/794/1368 3212/793/1367 3211/792/1366
f 3216/759/1369 3215/761/1370 3214/760/1371
f 3217/762/1372 3214/760/1371 3215/761/1370
f 3217/762/1372 3218/763/1373 3214/760/1371
f 3219/764/1374 3214/760/1371 3218/763/1373
f 3218/763/1373 3220/765/1375 3219/764/1374
f 3221/766/1376 3219/764/1374 3220/765/1375
f 3220/765/1375 3222/767/1377 3221/766/1376
f 3223/768/1378 3221/766/1376 3222/767/1377
f 3222/767/1377 3224/769/1379 3223/768/1378
f 3225/770/1380 3223/768/1378 3224/769/1379
f 3224/769/1379 3226/771/1381 3225/770/1380
f 3227/772/1382 3225/770/1380 3226/771/1381
f 3226/771/1381 3228/773/1383 3227/772/1382
f 3229/774/1384 3227/772/1382 3228/773/1383
f 3228/773/1383 3230/775/1385 3229/774/1384
f 3231/776/1386 3229/774/1384 3230/775/1385
f 3234/505/1387 3233/506/1388 3232/505/1389
f 3235/505/1390 3232/505/1389 3233/506/1388
f 3235/505/1390 3233/506/1388 3236/3/1391
f 3237/3/1392 3236/3/1391 3233/506/1388
f 3238/3/1393 3236/3/1391 3237/3/1392
f 3237/3/1392 3239/1/1394 3238/3/1393
f 3236/3/1391 3238/3/1393 3240/506/1395
f 3241/1/13 3238/3/1393 3239/1/1394
f 3242/506/1341 3240/506/1395 3238/3/1393
f 3239/1/1394 3243/3/1396 3241/1/13
f 3242/506/1341 3244/505/1397 3240/506/1395
f 3245/3/1350 3241/1/13 3243/3/1396
f 3246/505/1398 3240/506/1395 3244/505/1397
f 3243/3/1396 3247/506/1399 3245/3/1350
f 3244/505/1397 3248/507/12 3246/505/1398
f 3249/506/1400 3245/3/1350 3247/506/1399
f 3250/507/1401 3246/505/1398 3248/507/12
f 3247/506/1399 3251/505/1402 3249/506/1400
f 3248/507/12 3252/505/1344 3250/507/1401
f 3252/505/1344 3249/506/1400 3251/505/1402
f 3251/505/1402 3250/507/1401 3252/505/1344
f 3255/777/1403 3254/779/1404 3253/778/1405
f 3256/780/1406 3253/778/1405 3254/779/1404
f 3256/780/1406 3257/781/1407 3253/778/1405
f 3258/782/1408 3253/778/1405 3257/781/1407
f 3257/781/1407 3259/783/1409 3258/782/1408
f 3260/784/1410 3258/782/1408 3259/783/1409
f 3259/783/1409 3261/785/1411 3260/784/1410
f 3262/786/1412 3260/784/1410 3261/785/1411
f 3261/785/1411 3263/787/1413 3262/786/1412
f 3264/788/1414 3262/786/1412 3263/787/1413
f 3263/787/1413 3265/789/1415 3264/788/1414
f 3266/790/1416 3264/788/1414 3265/789/1415
f 3265/789/1415 3267/791/1417 3266/790/1416
f 3268/792/1418 3266/790/1416 3267/791/1417
f 3267/791/1417 3269/793/1419 3268/792/1418
f 3270/794/1420 3268/792/1418 3269/793/1419
f 3273/776/1421 3272/775/1422 3271/795/1423
f 3274/796/1392 3273/776/1421 3271/795/1423
f 3271/795/1423 3275/797/1424 3274/796/1392
f 3276/798/1425 3274/796/1392 3275/797/1424
f 3275/797/1424 3277/799/1426 3276/798/1425
f 3278/800/1427 3276/798/1425 3277/799/1426
f 3277/799/1426 3279/801/1428 3278/800/1427
f 3280/802/1429 3278/800/1427 3279/801/1428
f 3279/801/1428 3281/803/1411 3280/802/1429
f 3282/804/1430 3280/802/1429 3281/803/1411
f 3281/803/1411 3283/805/1431 3282/804/1430
f 3284/806/1432 3282/804/1430 3283/805/1431
f 3283/805/1431 3285/807/1433 3284/806/1432
f 3286/808/1434 3284/806/1432 3285/807/1433
f 3285/807/1433 3287/809/1435 3286/808/1434
f 3288/810/1436 3286/808/1434 3287/809/1435
f 3287/809/1435 3289/811/1437 3288/810/1436
f 3290/812/1438 3288/810/1436 3289/811/1437
f 3291/759/1439 3290/812/1438 3289/811/1437
f 3292/761/1440 3291/759/1439 3289/811/1437
f 3294/813/1389 3291/759/1441 3293/760/1442
f 3294/813/1389 3293/760/1442 3295/764/1442
f 3294/813/1389 3295/764/1442 3296/766/1442
f 3297/814/1442 3294/813/1389 3296/766/1442
f 3298/768/1442 3297/814/1442 3296/766/1442
f 3297/814/1442 3299/815/1442 3294/813/1389
f 3298/768/1442 3299/815/1442 3297/814/1442
f 3298/768/1442 3300/770/1442 3299/815/1442
f 3301/816/1443 3294/813/1389 3299/815/1442
f 3300/770/1442 3301/816/1443 3299/815/1442
f 3300/770/1442 3302/772/1442 3301/816/1443
f 3301/816/1443 3302/772/1442 3303/774/1444
f 3301/816/1443 3303/774/1444 3273/776/1421
f 3306/759/1445 3305/760/1446 3304/761/1447
f 3307/762/1448 3304/761/1447 3305/760/1446
f 3307/762/1448 3305/760/1446 3308/763/1449
f 3309/764/1450 3308/763/1449 3305/760/1446
f 3308/763/1449 3309/764/1450 3310/765/1451
f 3311/766/1452 3310/765/1451 3309/764/1450
f 3310/765/1451 3311/766/1452 3312/767/1318
f 3313/768/1453 3312/767/1318 3311/766/1452
f 3312/767/1318 3313/768/1453 3314/769/1454
f 3315/770/1455 3314/769/1454 3313/768/1453
f 3314/769/1454 3315/770/1455 3316/771/1456
f 3317/772/1323 3316/771/1456 3315/770/1455
f 3316/771/1456 3317/772/1323 3318/773/1457
f 3319/774/1458 3318/773/1457 3317/772/1323
f 3318/773/1457 3319/774/1458 3320/775/1459
f 3321/776/1460 3320/775/1459 3319/774/1458
f 3324/505/1461 3323/505/1462 3322/506/1463
f 3325/505/1464 3322/506/1463 3323/505/1462
f 3325/505/1464 3326/3/1465 3322/506/1463
f 3327/3/1466 3322/506/1463 3326/3/1465
f 3326/3/1465 3328/3/1467 3327/3/1466
f 3327/3/1466 3328/3/1467 3329/1/1468
f 3326/3/1465 3330/506/1469 3328/3/1467
f 3331/1/1400 3329/1/1468 3328/3/1467
f 3332/506/12 3328/3/1467 3330/506/1469
f 3329/1/1468 3331/1/1400 3333/3/1470
f 3332/506/12 3330/506/1469 3334/505/1471
f 3335/3/1472 3333/3/1470 3331/1/1400
f 3336/505/1473 3334/505/1471 3330/506/1469
f 3333/3/1470 3335/3/1472 3337/506/1474
f 3334/505/1471 3336/505/1473 3338/507/1341
f 3339/506/13 3337/506/1474 3335/3/1472
f 3340/507/1475 3338/507/1341 3336/505/1473
f 3337/506/1474 3339/506/13 3341/505/1476
f 3338/507/1341 3340/507/1475 3342/505/1343
f 3342/505/1343 3341/505/1476 3339/506/13
f 3341/505/1476 3342/505/1343 3340/507/1475
f 3345/777/1477 3344/778/1478 3343/779/1479
f 3346/780/1480 3343/779/1479 3344/778/1478
f 3346/780/1480 3344/778/1478 3347/781/1481
f 3348/782/1482 3347/781/1481 3344/778/1478
f 3347/781/1481 3348/782/1482 3349/783/1483
f 3350/784/1484 3349/783/1483 3348/782/1482
f 3349/783/1483 3350/784/1484 3351/785/1485
f 3352/786/1486 3351/785/1485 3350/784/1484
f 3351/785/1485 3352/786/1486 3353/787/1487
f 3354/788/1488 3353/787/1487 3352/786/1486
f 3353/787/1487 3354/788/1488 3355/789/1489
f 3356/790/1490 3355/789/1489 3354/788/1488
f 3355/789/1489 3356/790/1490 3357/791/1491
f 3358/792/1492 3357/791/1491 3356/790/1490
f 3357/791/1491 3358/792/1492 3359/793/1493
f 3360/794/1494 3359/793/1493 3358/792/1492
f 3363/759/1495 3362/761/1496 3361/811/1497
f 3364/812/1498 3363/759/1495 3361/811/1497
f 3364/812/1498 3361/811/1497 3365/810/1499
f 3366/809/1500 3365/810/1499 3361/811/1497
f 3365/810/1499 3366/809/1500 3367/808/1501
f 3368/807/1502 3367/808/1501 3366/809/1500
f 3367/808/1501 3368/807/1502 3369/806/1503
f 3370/805/1504 3369/806/1503 3368/807/1502
f 3369/806/1503 3370/805/1504 3371/804/1505
f 3372/803/1506 3371/804/1505 3370/805/1504
f 3371/804/1505 3372/803/1506 3373/802/1507
f 3374/801/1508 3373/802/1507 3372/803/1506
f 3373/802/1507 3374/801/1508 3375/800/1509
f 3376/799/1510 3375/800/1509 3374/801/1508
f 3375/800/1509 3376/799/1510 3377/798/1511
f 3378/797/1491 3377/798/1511 3376/799/1510
f 3377/798/1511 3378/797/1491 3379/796/1512
f 3380/795/1513 3379/796/1512 3378/797/1491
f 3381/776/1514 3379/796/1512 3380/795/1513
f 3382/775/1515 3381/776/1514 3380/795/1513
f 3384/774/1516 3383/816/1461 3381/776/1514
f 3385/772/1442 3383/816/1461 3384/774/1516
f 3385/772/1442 3386/770/1442 3383/816/1461
f 3383/816/1461 3386/770/1442 3387/815/1442
f 3386/770/1442 3388/768/1442 3387/815/1442
f 3383/816/1461 3387/815/1442 3389/813/1517
f 3387/815/1442 3388/768/1442 3390/814/1442
f 3390/814/1442 3389/813/1517 3387/815/1442
f 3390/814/1442 3388/768/1442 3391/766/1442
f 3389/813/1517 3390/814/1442 3391/766/1442
f 3392/764/1442 3389/813/1517 3391/766/1442
f 3393/760/1442 3389/813/1517 3392/764/1442
f 3363/759/1518 3389/813/1517 3393/760/1442
f 3396/759/1519 3395/761/1520 3394/760/1521
f 3397/762/1522 3394/760/1521 3395/761/1520
f 3397/762/1522 3398/763/1523 3394/760/1521
f 3399/764/1524 3394/760/1521 3398/763/1523
f 3398/763/1523 3400/765/1525 3399/764/1524
f 3401/766/1526 3399/764/1524 3400/765/1525
f 3400/765/1525 3402/767/1527 3401/766/1526
f 3403/768/1528 3401/766/1526 3402/767/1527
f 3402/767/1527 3404/769/1529 3403/768/1528
f 3405/770/1530 3403/768/1528 3404/769/1529
f 3404/769/1529 3406/771/1377 3405/770/1530
f 3407/772/1531 3405/770/1530 3406/771/1377
f 3406/771/1377 3408/773/1532 3407/772/1531
f 3409/774/1533 3407/772/1531 3408/773/1532
f 3408/773/1532 3410/775/1534 3409/774/1533
f 3411/776/1535 3409/774/1533 3410/775/1534
f 3414/505/1536 3413/506/1537 3412/505/1538
f 3415/505/1539 3412/505/1538 3413/506/1537
f 3415/505/1539 3413/506/1537 3416/3/1540
f 3417/3/1541 3416/3/1540 3413/506/1537
f 3418/3/1542 3416/3/1540 3417/3/1541
f 3417/3/1541 3419/1/1543 3418/3/1542
f 3416/3/1540 3418/3/1542 3420/506/1544
f 3421/1/1400 3418/3/1542 3419/1/1543
f 3422/506/13 3420/506/1544 3418/3/1542
f 3419/1/1543 3423/3/1545 3421/1/1400
f 3422/506/13 3424/505/1546 3420/506/1544
f 3425/3/1344 3421/1/1400 3423/3/1545
f 3426/505/1547 3420/506/1544 3424/505/1546
f 3423/3/1545 3427/506/1548 3425/3/1344
f 3424/505/1546 3428/507/1341 3426/505/1547
f 3429/506/12 3425/3/1344 3427/506/1548
f 3430/507/1549 3426/505/1547 3428/507/1341
f 3427/506/1548 3431/505/1550 3429/506/12
f 3428/507/1341 3432/505/1471 3430/507/1549
f 3432/505/1471 3429/506/12 3431/505/1550
f 3431/505/1550 3430/507/1549 3432/505/1471
f 3435/777/1551 3434/779/1552 3433/778/1553
f 3436/780/1554 3433/778/1553 3434/779/1552
f 3436/780/1554 3437/781/1555 3433/778/1553
f 3438/782/1556 3433/778/1553 3437/781/1555
f 3437/781/1555 3439/783/1557 3438/782/1556
f 3440/784/1558 3438/782/1556 3439/783/1557
f 3439/783/1557 3441/785/1559 3440/784/1558
f 3442/786/1560 3440/784/1558 3441/785/1559
f 3441/785/1559 3443/787/1561 3442/786/1560
f 3444/788/1562 3442/786/1560 3443/787/1561
f 3443/787/1561 3445/789/1563 3444/788/1562
f 3446/790/1564 3444/788/1562 3445/789/1563
f 3445/789/1563 3447/791/1565 3446/790/1564
f 3448/792/1566 3446/790/1564 3447/791/1565
f 3447/791/1565 3449/793/1567 3448/792/1566
f 3450/794/1568 3448/792/1566 3449/793/1567
f 3453/776/1569 3452/775/1570 3451/795/1571
f 3454/796/1572 3453/776/1569 3451/795/1571
f 3451/795/1571 3455/797/1573 3454/796/1572
f 3456/798/1574 3454/796/1572 3455/797/1573
f 3455/797/1573 3457/799/1575 3456/798/1574
f 3458/800/1576 3456/798/1574 3457/799/1575
f 3457/799/1575 3459/801/1577 3458/800/1576
f 3460/802/1578 3458/800/1576 3459/801/1577
f 3459/801/1577 3461/803/1579 3460/802/1578
f 3462/804/1580 3460/802/1578 3461/803/1579
f 3461/803/1579 3463/805/1557 3462/804/1580
f 3464/806/1581 3462/804/1580 3463/805/1557
f 3463/805/1557 3465/807/1582 3464/806/1581
f 3466/808/1583 3464/806/1581 3465/807/1582
f 3465/807/1582 3467/809/1584 3466/808/1583
f 3468/810/1585 3466/808/1583 3467/809/1584
f 3467/809/1584 3469/811/1586 3468/810/1585
f 3470/812/1587 3468/810/1585 3469/811/1586
f 3471/759/1588 3470/812/1587 3469/811/1586
f 3472/761/1589 3471/759/1588 3469/811/1586
f 3474/813/1538 3471/759/1590 3473/760/1442
f 3474/813/1538 3473/760/1442 3475/764/1442
f 3474/813/1538 3475/764/1442 3476/766/1442
f 3477/814/1442 3474/813/1538 3476/766/1442
f 3478/768/1442 3477/814/1442 3476/766/1442
f 3477/814/1442 3479/815/1442 3474/813/1538
f 3478/768/1442 3479/815/1442 3477/814/1442
f 3478/768/1442 3480/770/1442 3479/815/1442
f 3481/816/1591 3474/813/1538 3479/815/1442
f 3480/770/1442 3481/816/1591 3479/815/1442
f 3480/770/1442 3482/772/1442 3481/816/1591
f 3481/816/1591 3482/772/1442 3483/774/1592
f 3481/816/1591 3483/774/1592 3453/776/1537
f 3486/761/1593 3485/811/1594 3484/759/1595
f 3487/812/1596 3484/759/1595 3485/811/1594
f 3487/812/1596 3485/811/1594 3488/810/1597
f 3489/809/1598 3488/810/1597 3485/811/1594
f 3488/810/1597 3489/809/1598 3490/808/1599
f 3491/807/1600 3490/808/1599 3489/809/1598
f 3490/808/1599 3491/807/1600 3492/806/1601
f 3493/805/1602 3492/806/1601 3491/807/1600
f 3492/806/1601 3493/805/1602 3494/804/1603
f 3495/803/1604 3494/804/1603 3493/805/1602
f 3494/804/1603 3495/803/1604 3496/802/1346
f 3497/801/1605 3496/802/1346 3495/803/1604
f 3496/802/1346 3497/801/1605 3498/800/1606
f 3499/799/1607 3498/800/1606 3497/801/1605
f 3498/800/1606 3499/799/1607 3500/798/1608
f 3501/797/1609 3500/798/1608 3499/799/1607
f 3500/798/1608 3501/797/1609 3502/796/1337
f 3503/795/1610 3502/796/1337 3501/797/1609
f 3504/776/1611 3502/796/1337 3503/795/1610
f 3505/775/1612 3504/776/1611 3503/795/1610
f 3507/774/1613 3506/816/1614 3504/776/1611
f 3508/772/1442 3506/816/1614 3507/774/1613
f 3508/772/1442 3509/770/1442 3506/816/1614
f 3506/816/1614 3509/770/1442 3510/815/1442
f 3509/770/1442 3511/768/1442 3510/815/1442
f 3506/816/1614 3510/815/1442 3512/813/1333
f 3510/815/1442 3511/768/1442 3513/814/1442
f 3513/814/1442 3512/813/1333 3510/815/1442
f 3513/814/1442 3511/768/1442 3514/766/1442
f 3512/813/1333 3513/814/1442 3514/766/1442
f 3515/764/1442 3512/813/1333 3514/766/1442
f 3516/760/1442 3512/813/1333 3515/764/1442
f 3484/759/1335 3512/813/1333 3516/760/1442
f 3519/538/13 3518/539/13 3517/538/13
f 3520/540/13 3517/538/13 3518/539/13
f 3520/540/13 3518/539/13 3521/541/13
f 3520/540/13 3521/541/13 3522/542/13
f 3523/539/13 3521/541/13 3518/539/13
f 3521/541/13 3523/539/13 3524/538/13
f 3525/538/13 3524/538/13 3523/539/13
f 3526/543/13 3522/542/13 3521/541/13
f 3522/542/13 3526/543/13 3527/544/13
f 3528/545/13 3527/544/13 3526/543/13
f 3528/545/13 3529/546/13 3527/544/13
f 3530/547/13 3527/544/13 3529/546/13
f 3530/547/13 3529/546/13 3531/548/13
f 3532/549/13 3531/548/13 3529/546/13
f 3532/549/13 3533/550/13 3531/548/13
f 3534/551/13 3531/548/13 3533/550/13
f 3535/552/13 3534/551/13 3533/550/13
f 3535/552/13 3536/553/13 3534/551/13
f 3537/554/13 3534/551/13 3536/553/13
f 3537/554/13 3536/553/13 3538/554/13
f 3539/555/13 3538/554/13 3536/553/13
f 3540/556/13 3534/551/13 3537/554/13
f 3541/557/13 3534/551/13 3540/556/13
f 3542/558/13 3541/557/13 3540/556/13
f 3540/556/13 3543/559/13 3542/558/13
f 3544/559/13 3542/558/13 3543/559/13
f 3538/554/13 3539/555/13 3545/556/13
f 3546/560/13 3545/556/13 3539/555/13
f 3546/560/13 3547/561/13 3545/556/13
f 3547/561/13 3548/562/13 3545/556/13
f 3548/562/13 3549/561/13 3545/556/13
f 3550/562/13 3548/562/13 3547/561/13
f 3553/545/1061 3552/543/1615 3551/563/1616
f 3554/564/1617 3551/563/1616 3552/543/1615
f 3554/564/1617 3555/565/1618 3551/563/1616
f 3556/566/1619 3551/563/1616 3555/565/1618
f 3559/538/1620 3558/567/1621 3557/541/1622
f 3560/568/1623 3557/541/1622 3558/567/1621
f 3558/567/1621 3561/569/1624 3560/568/1623
f 3562/570/1625 3560/568/1623 3561/569/1624
f 3565/538/1073 3564/540/1073 3563/567/1626
f 3566/571/1627 3563/567/1626 3564/540/1073
f 3566/571/1627 3567/570/1628 3563/567/1626
f 3568/569/1629 3563/567/1626 3567/570/1628
f 3571/542/1078 3570/544/1078 3569/572/1630
f 3572/573/1631 3569/572/1630 3570/544/1078
f 3572/573/1631 3573/232/1632 3569/572/1630
f 3574/574/1633 3569/572/1630 3573/232/1632
f 3577/547/1083 3576/548/1083 3575/575/1634
f 3578/576/1635 3575/575/1634 3576/548/1083
f 3578/576/1635 3579/168/1636 3575/575/1634
f 3580/577/1637 3575/575/1634 3579/168/1636
f 3583/551/1088 3582/557/1088 3581/578/1638
f 3584/579/1639 3581/578/1638 3582/557/1088
f 3584/579/1639 3585/580/1640 3581/578/1638
f 3586/581/1641 3581/578/1638 3585/580/1640
f 3589/558/1093 3588/559/1093 3587/582/1642
f 3590/583/1643 3587/582/1642 3588/559/1093
f 3590/583/1643 3591/584/1644 3587/582/1642
f 3592/585/1645 3587/582/1642 3591/584/1644
f 3595/559/1098 3594/556/1098 3593/583/1098
f 3596/586/1098 3593/583/1098 3594/556/1098
f 3596/586/1098 3597/587/1098 3593/583/1098
f 3598/584/1646 3593/583/1098 3597/587/1098
f 3601/560/1100 3600/588/1647 3599/561/1100
f 3602/589/1648 3599/561/1100 3600/588/1647
f 3600/588/1647 3603/590/1649 3602/589/1648
f 3604/591/1650 3602/589/1648 3603/590/1649
f 3607/555/1105 3606/553/1105 3605/592/1651
f 3608/593/1652 3605/592/1651 3606/553/1105
f 3608/593/1652 3609/594/1653 3605/592/1651
f 3610/595/1654 3605/592/1651 3609/594/1653
f 3613/552/2 3612/550/2 3611/596/1655
f 3614/597/1656 3611/596/1655 3612/550/2
f 3614/597/1656 3615/598/1657 3611/596/1655
f 3616/599/1658 3611/596/1655 3615/598/1657
f 3619/549/1114 3618/546/1114 3617/600/1659
f 3620/601/1660 3617/600/1659 3618/546/1114
f 3620/601/1660 3621/602/1661 3617/600/1659
f 3622/603/1662 3617/600/1659 3621/602/1661
f 3625/817/12 3624/818/12 3623/819/12
f 3626/820/12 3625/817/12 3623/819/12
f 3627/821/12 3626/820/12 3623/819/12
f 3628/94/12 3627/821/12 3623/819/12
f 3629/822/12 3627/821/12 3628/94/12
f 3630/823/12 3629/822/12 3628/94/12
f 3626/820/12 3627/821/12 3631/824/12
f 3632/825/12 3626/820/12 3631/824/12
f 3633/826/12 3631/824/12 3627/821/12
f 3631/824/12 3634/827/12 3632/825/12
f 3635/828/12 3633/826/12 3627/821/12
f 3636/81/12 3633/826/12 3635/828/12
f 3637/829/12 3632/825/12 3634/827/12
f 3636/81/12 3635/828/12 3638/830/12
f 3636/81/12 3638/830/12 3634/827/12
f 3639/831/12 3638/830/12 3635/828/12
f 3640/832/12 3638/830/12 3639/831/12
f 3641/354/12 3634/827/12 3638/830/12
f 3634/827/12 3641/354/12 3637/829/12
f 3642/833/12 3637/829/12 3641/354/12
f 3642/833/12 3641/354/12 3643/834/12
f 3644/835/12 3643/834/12 3641/354/12
f 3647/622/12 3646/622/1663 3645/622/12
f 3648/622/1664 3645/622/12 3646/622/1663
f 3646/622/1663 3649/623/1665 3648/622/1664
f 3650/623/1666 3648/622/1664 3649/623/1665
f 3650/623/1666 3649/623/1665 3651/624/339
f 3652/624/339 3651/624/339 3649/623/1665
f 3655/539/2 3654/538/2 3653/625/1667
f 3656/567/1668 3653/625/1667 3654/538/2
f 3653/625/1667 3656/567/1668 3657/626/1669
f 3658/627/1670 3657/626/1669 3656/567/1668
f 3657/626/1669 3658/627/1670 3659/628/1671
f 3660/629/1672 3659/628/1671 3658/627/1670
f 3659/628/1671 3660/629/1672 3661/628/1673
f 3662/629/1674 3661/628/1673 3660/629/1672
f 3661/628/1673 3662/629/1674 3663/626/1675
f 3664/627/1676 3663/626/1675 3662/629/1674
f 3663/626/1675 3664/627/1676 3665/625/1677
f 3666/567/1678 3665/625/1677 3664/627/1676
f 3666/567/1678 3667/538/3 3665/625/1677
f 3668/539/3 3665/625/1677 3667/538/3
f 3671/562/35 3670/562/35 3669/630/35
f 3672/630/35 3669/630/35 3670/562/35
f 3672/630/35 3673/631/35 3669/630/35
f 3674/631/35 3669/630/35 3673/631/35
f 3677/556/3 3676/561/3 3675/586/3
f 3678/589/3 3675/586/3 3676/561/3
f 3678/589/3 3679/591/3 3675/586/3
f 3680/587/3 3675/586/3 3679/591/3
f 3683/554/35 3682/554/35 3681/632/35
f 3684/632/35 3681/632/35 3682/554/35
f 3681/632/35 3684/632/35 3685/590/35
f 3686/590/35 3685/590/35 3684/632/35
f 3689/633/1137 3688/633/1679 3687/634/35
f 3690/634/35 3687/634/35 3688/633/1679
f 3688/633/1679 3691/633/1680 3690/634/35
f 3692/634/35 3690/634/35 3691/633/1680
f 3693/635/12 3692/634/35 3691/633/1680
f 3692/634/35 3693/635/12 3694/634/35
f 3693/635/12 3691/633/1680 3695/635/351
f 3696/633/1681 3695/635/351 3691/633/1680
f 3697/635/12 3694/634/35 3693/635/12
f 3695/635/351 3696/633/1681 3698/634/1654
f 3696/633/1681 3699/633/1647 3698/634/1654
f 3695/635/351 3698/634/1654 3700/635/351
f 3701/634/1682 3698/634/1654 3699/633/1647
f 3699/633/1647 3702/633/1100 3701/634/1682
f 3703/634/1683 3701/634/1682 3702/633/1100
f 3704/634/1684 3700/635/351 3698/634/1654
f 3700/635/351 3704/634/1684 3705/633/1685
f 3704/634/1684 3706/634/1686 3705/633/1685
f 3700/635/351 3705/633/1685 3707/635/351
f 3708/633/1655 3705/633/1685 3706/634/1686
f 3706/634/1686 3709/634/1105 3708/633/1655
f 3710/633/2 3708/633/1655 3709/634/1105
f 3711/633/1687 3707/635/351 3705/633/1685
f 3707/635/351 3711/633/1687 3712/634/1688
f 3711/633/1687 3713/633/1689 3712/634/1688
f 3707/635/351 3712/634/1688 3714/635/452
f 3715/634/1690 3712/634/1688 3713/633/1689
f 3713/633/1689 3716/633/924 3715/634/1690
f 3717/634/1152 3715/634/1690 3716/633/924
f 3718/634/1691 3714/635/452 3712/634/1688
f 3714/635/452 3718/634/1691 3719/633/1692
f 3718/634/1691 3720/634/1693 3719/633/1692
f 3714/635/452 3719/633/1692 3721/635/12
f 3722/633/1694 3719/633/1692 3720/634/1693
f 3720/634/1693 3723/634/1156 3722/633/1694
f 3724/633/1157 3722/633/1694 3723/634/1156
f 3725/633/1695 3721/635/12 3719/633/1692
f 3721/635/12 3725/633/1695 3726/634/1696
f 3725/633/1695 3727/633/1697 3726/634/1696
f 3721/635/12 3726/634/1696 3728/635/455
f 3729/634/1698 3726/634/1696 3727/633/1697
f 3727/633/1697 3730/633/1615 3729/634/1698
f 3731/634/1699 3729/634/1698 3730/633/1615
f 3732/634/1700 3728/635/455 3726/634/1696
f 3728/635/455 3732/634/1700 3733/633/1701
f 3732/634/1700 3734/634/1702 3733/633/1701
f 3733/633/1701 3735/633/1703 3728/635/455
f 3736/633/1704 3733/633/1701 3734/634/1702
f 3734/634/1702 3737/634/1705 3736/633/1704
f 3738/633/7 3736/633/1704 3737/634/1705
f 3739/635/455 3728/635/455 3735/633/1703
f 3735/633/1703 3740/633/1706 3739/635/455
f 3741/635/12 3739/635/455 3740/633/1706
f 3741/635/12 3740/633/1706 3742/635/351
f 3743/633/1707 3742/635/351 3740/633/1706
f 3742/635/351 3743/633/1707 3744/634/1708
f 3743/633/1707 3745/633/1709 3744/634/1708
f 3742/635/351 3744/634/1708 3746/635/12
f 3747/634/1710 3744/634/1708 3745/633/1709
f 3745/633/1709 3748/633/922 3747/634/1710
f 3749/634/1711 3747/634/1710 3748/633/922
f 3750/634/1712 3746/635/12 3744/634/1708
f 3746/635/12 3750/634/1712 3751/633/1713
f 3750/634/1712 3752/634/1627 3751/633/1713
f 3746/635/12 3751/633/1713 3753/635/572
f 3754/633/1630 3751/633/1713 3752/634/1627
f 3752/634/1627 3755/634/1179 3754/633/1630
f 3756/633/1180 3754/633/1630 3755/634/1179
f 3757/633/1714 3753/635/572 3751/633/1713
f 3753/635/572 3757/633/1714 3758/634/1715
f 3757/633/1714 3759/633/1716 3758/634/1715
f 3753/635/572 3758/634/1715 3760/635/12
f 3761/634/1717 3758/634/1715 3759/633/1716
f 3759/633/1716 3762/633/1184 3761/634/1717
f 3763/634/1718 3761/634/1717 3762/633/1184
f 3764/634/1719 3760/635/12 3758/634/1715
f 3760/635/12 3764/634/1719 3765/633/1720
f 3764/634/1719 3766/634/1721 3765/633/1720
f 3760/635/12 3765/633/1720 3767/635/12
f 3768/633/1638 3765/633/1720 3766/634/1721
f 3766/634/1721 3769/634/1722 3768/633/1638
f 3770/633/1190 3768/633/1638 3769/634/1722
f 3771/633/1723 3767/635/12 3765/633/1720
f 3767/635/12 3771/633/1723 3772/634/1724
f 3771/633/1723 3773/633/1725 3772/634/1724
f 3767/635/12 3772/634/1724 3774/635/813
f 3775/634/1726 3772/634/1724 3773/633/1725
f 3773/633/1725 3776/633/1195 3775/634/1726
f 3777/634/1196 3775/634/1726 3776/633/1195
f 3778/634/1727 3774/635/813 3772/634/1724
f 3774/635/813 3778/634/1727 3779/633/924
f 3778/634/1727 3780/634/1728 3779/633/924
f 3774/635/813 3779/633/924 3781/635/351
f 3782/633/1098 3779/633/924 3780/634/1728
f 3780/634/1728 3783/634/1093 3782/633/1098
f 3784/633/1098 3782/633/1098 3783/634/1093
f 3785/633/924 3781/635/351 3779/633/924
f 3781/635/351 3785/633/924 3786/634/408
f 3785/633/924 3787/633/924 3786/634/408
f 3781/635/351 3786/634/408 3788/635/813
f 3789/634/382 3786/634/408 3787/633/924
f 3787/633/924 3790/633/924 3789/634/382
f 3791/634/382 3789/634/382 3790/633/924
f 3792/634/1017 3788/635/813 3786/634/408
f 3793/633/3 3788/635/813 3792/634/1017
f 3792/634/1017 3794/634/1043 3793/633/3
f 3788/635/813 3793/633/3 3697/635/12
f 3795/633/575 3793/633/3 3794/634/1043
f 3794/634/1043 3796/634/1043 3795/633/575
f 3797/633/575 3795/633/575 3796/634/1043
f 3798/633/578 3697/635/12 3793/633/3
f 3697/635/12 3798/633/578 3694/634/35
f 3798/633/578 3799/633/575 3694/634/35
f 3800/634/1043 3694/634/35 3799/633/575
f 3799/633/575 3801/633/575 3800/634/1043
f 3802/634/1043 3800/634/1043 3801/633/575
f 3805/836/12 3804/837/12 3803/836/12
f 3806/837/12 3803/836/12 3804/837/12
f 3804/837/12 3807/838/12 3806/837/12
f 3808/838/12 3806/837/12 3807/838/12
f 3807/838/12 3809/839/12 3808/838/12
f 3810/839/12 3808/838/12 3809/839/12
f 3813/758/13 3812/758/13 3811/100/13
f 3814/100/13 3811/100/13 3812/758/13
f 3817/840/13 3816/841/13 3815/842/13
f 3815/842/13 3816/841/13 3818/843/13
f 3819/844/13 3816/841/13 3817/840/13
f 3818/843/13 3816/841/13 3820/845/13
f 3821/846/13 3816/841/13 3819/844/13
f 3820/845/13 3816/841/13 3822/847/13
f 3823/848/13 3816/841/13 3821/846/13
f 3822/847/13 3816/841/13 3824/849/13
f 3825/850/13 3816/841/13 3823/848/13
f 3824/849/13 3816/841/13 3826/851/13
f 3827/852/13 3816/841/13 3825/850/13
f 3826/851/13 3816/841/13 3827/852/13
f 3830/842/12 3829/841/12 3828/840/12
f 3828/840/12 3829/841/12 3831/844/12
f 3832/843/12 3829/841/12 3830/842/12
f 3831/844/12 3829/841/12 3833/846/12
f 3834/845/12 3829/841/12 3832/843/12
f 3833/846/12 3829/841/12 3835/848/12
f 3836/847/12 3829/841/12 3834/845/12
f 3835/848/12 3829/841/12 3837/850/12
f 3838/849/12 3829/841/12 3836/847/12
f 3837/850/12 3829/841/12 3839/852/12
f 3840/851/12 3829/841/12 3838/849/12
f 3839/852/12 3829/841/12 3840/851/12
f 3843/853/1729 3842/854/572 3841/853/1730
f 3843/853/1729 3844/853/1731 3842/854/572
f 3845/854/813 3841/853/1730 3842/854/572
f 3841/853/1730 3845/854/813 3846/853/1732
f 3846/853/1732 3845/854/813 3847/855/1733
f 3842/854/572 3844/853/1731 3848/856/455
f 3849/855/1734 3848/856/455 3844/853/1731
f 3850/855/1735 3848/856/455 3849/855/1734
f 3851/856/351 3847/855/1733 3845/854/813
f 3848/856/455 3850/855/1735 3851/856/351
f 3847/855/1733 3851/856/351 3852/855/1736
f 3852/855/1736 3851/856/351 3850/855/1735
f 3855/331/12 3854/857/12 3853/331/12
f 3855/331/12 3853/331/12 3856/331/259
f 3857/331/2 3856/331/259 3853/331/12
f 3856/331/259 3857/331/2 3858/858/2
f 3859/858/2 3858/858/2 3857/331/2
f 3858/858/2 3859/858/2 3860/859/2
f 3861/859/1737 3860/859/2 3859/858/2
f 3860/859/2 3861/859/1737 3862/859/924
f 3859/858/2 3857/331/2 3863/858/35
f 3863/858/35 3861/859/1737 3859/858/2
f 3857/331/2 3853/331/12 3864/331/35
f 3864/331/35 3863/858/35 3857/331/2
f 3865/857/12 3853/331/12 3854/857/12
f 3853/331/12 3865/857/12 3864/331/35
f 3864/331/35 3866/857/35 3863/858/35
f 3866/857/35 3864/331/35 3865/857/12
f 3867/859/2 3862/859/924 3861/859/1737
f 3862/859/924 3867/859/2 3868/330/380
f 3869/330/2 3868/330/380 3867/859/2
f 3868/330/380 3869/330/2 3870/330/573
f 3865/857/12 3854/857/12 3871/857/12
f 3872/857/12 3871/857/12 3854/857/12
f 3871/857/12 3872/857/12 3873/857/339
f 3874/857/352 3873/857/339 3872/857/12
f 3871/857/12 3875/857/575 3865/857/12
f 3873/857/339 3875/857/575 3871/857/12
f 3873/857/339 3874/857/352 3876/860/339
f 3873/857/339 3876/860/339 3875/857/575
f 3877/860/353 3876/860/339 3874/857/352
f 3876/860/339 3877/860/353 3878/861/1297
f 3879/861/339 3878/861/1297 3877/860/353
f 3876/860/339 3878/861/1297 3880/860/3
f 3880/860/3 3875/857/575 3876/860/339
f 3880/860/3 3881/860/3 3875/857/575
f 3882/857/3 3865/857/12 3875/857/575
f 3882/857/3 3875/857/575 3881/860/3
f 3866/857/35 3865/857/12 3882/857/3
f 3882/857/3 3881/860/3 3866/857/35
f 3878/861/1297 3879/861/339 3883/861/339
f 3878/861/1297 3883/861/339 3884/861/3
f 3885/861/352 3883/861/339 3879/861/339
f 3886/860/35 3866/857/35 3881/860/3
f 3886/860/35 3863/858/35 3866/857/35
f 3887/861/1298 3886/860/35 3881/860/3
f 3863/858/35 3886/860/35 3861/859/1737
f 3887/861/1298 3861/859/1737 3886/860/35
f 3884/861/3 3883/861/339 3888/862/3
f 3884/861/3 3888/862/3 3889/861/3
f 3883/861/339 3885/861/352 3890/862/352
f 3890/862/352 3888/862/3 3883/861/339
f 3891/862/353 3890/862/352 3885/861/352
f 3890/862/352 3891/862/353 3892/862/13
f 3888/862/3 3890/862/352 3892/862/13
f 3892/862/13 3893/862/13 3888/862/3
f 3894/862/13 3892/862/13 3891/862/353
f 3892/862/13 3894/862/13 3893/862/13
f 3895/862/13 3893/862/13 3894/862/13
f 3895/862/13 3870/330/573 3893/862/13
f 3887/861/1298 3896/861/35 3861/859/1737
f 3896/861/35 3887/861/1298 3889/861/3
f 3897/862/3 3889/861/3 3888/862/3
f 3897/862/3 3888/862/3 3893/862/13
f 3897/862/3 3898/862/35 3889/861/3
f 3896/861/35 3889/861/3 3898/862/35
f 3893/862/13 3898/862/35 3897/862/3
f 3899/330/13 3893/862/13 3870/330/573
f 3893/862/13 3899/330/13 3898/862/35
f 3899/330/13 3870/330/573 3869/330/2
f 3900/859/35 3861/859/1737 3896/861/35
f 3896/861/35 3898/862/35 3900/859/35
f 3861/859/1737 3900/859/35 3867/859/2
f 3867/859/2 3900/859/35 3869/330/2
f 3899/330/13 3869/330/2 3901/330/35
f 3901/330/35 3898/862/35 3899/330/13
f 3901/330/35 3900/859/35 3898/862/35
f 3901/330/35 3869/330/2 3900/859/35
f 3904/859/1738 3903/859/3 3902/859/1307
f 3905/859/3 3902/859/1307 3903/859/3
f 3904/859/1738 3906/858/3 3903/859/3
f 3907/858/3 3903/859/3 3906/858/3
f 3906/858/3 3908/331/3 3907/858/3
f 3909/331/570 3907/858/3 3908/331/3
f 3909/331/570 3908/331/3 3910/331/12
f 3911/331/12 3910/331/12 3908/331/3
f 3910/331/12 3911/331/12 3912/331/12
f 3908/331/3 3906/858/3 3913/331/35
f 3913/331/35 3911/331/12 3908/331/3
f 3904/859/1738 3914/858/400 3906/858/3
f 3914/858/400 3913/331/35 3906/858/3
f 3904/859/1738 3915/859/1739 3914/858/400
f 3916/858/1043 3914/858/400 3915/859/1739
f 3914/858/400 3916/858/1043 3913/331/35
f 3913/331/35 3917/331/35 3911/331/12
f 3917/331/35 3913/331/35 3916/858/1043
f 3918/331/12 3912/331/12 3911/331/12
f 3918/331/12 3911/331/12 3917/331/35
f 3917/331/35 3916/858/1043 3919/331/1740
f 3919/331/1740 3918/331/12 3917/331/35
f 3918/331/12 3920/863/12 3912/331/12
f 3921/331/12 3912/331/12 3920/863/12
f 3921/331/12 3920/863/12 3922/331/352
f 3923/858/1741 3919/331/1740 3916/858/1043
f 3916/858/1043 3915/859/1739 3923/858/1741
f 3919/331/1740 3924/863/1740 3918/331/12
f 3920/863/12 3918/331/12 3924/863/1740
f 3919/331/1740 3923/858/1741 3924/863/1740
f 3925/863/339 3922/331/352 3920/863/12
f 3924/863/1740 3925/863/339 3920/863/12
f 3922/331/352 3925/863/339 3926/858/353
f 3927/864/1740 3924/863/1740 3923/858/1741
f 3924/863/1740 3927/864/1740 3925/863/339
f 3923/858/1741 3915/859/1739 3927/864/1740
f 3928/864/339 3926/858/353 3925/863/339
f 3928/864/339 3925/863/339 3927/864/1740
f 3926/858/353 3928/864/339 3929/859/339
f 3930/865/1742 3928/864/339 3927/864/1740
f 3930/865/1742 3929/859/339 3928/864/339
f 3930/865/1742 3927/864/1740 3915/859/1739
f 3930/865/1742 3931/865/339 3929/859/339
f 3932/859/352 3929/859/339 3931/865/339
f 3931/865/339 3930/865/1742 3933/865/1740
f 3930/865/1742 3915/859/1739 3933/865/1740
f 3931/865/339 3934/866/1743 3932/859/352
f 3931/865/339 3933/865/1740 3934/866/1743
f 3935/330/353 3932/859/352 3934/866/1743
f 3934/866/1743 3936/866/1744 3935/330/353
f 3937/330/13 3935/330/353 3936/866/1744
f 3938/866/1740 3934/866/1743 3933/865/1740
f 3934/866/1743 3938/866/1740 3939/866/13
f 3937/330/13 3939/866/13 3940/330/13
f 3941/859/1741 3933/865/1740 3915/859/1739
f 3933/865/1740 3941/859/1741 3938/866/1740
f 3942/330/13 3940/330/13 3939/866/13
f 3939/866/13 3938/866/1740 3942/330/13
f 3915/859/1739 3943/859/1043 3941/859/1741
f 3915/859/1739 3904/859/1738 3943/859/1043
f 3944/330/1740 3938/866/1740 3941/859/1741
f 3944/330/1740 3942/330/13 3938/866/1740
f 3941/859/1741 3943/859/1043 3944/330/1740
f 3942/330/13 3945/330/13 3940/330/13
f 3946/330/13 3940/330/13 3945/330/13
f 3942/330/13 3944/330/1740 3947/330/35
f 3947/330/35 3944/330/1740 3943/859/1043
f 3942/330/13 3947/330/35 3945/330/13
f 3945/330/13 3948/330/1310 3946/330/13
f 3949/330/570 3946/330/13 3948/330/1310
f 3950/859/382 3943/859/1043 3904/859/1738
f 3943/859/1043 3950/859/382 3947/330/35
f 3950/859/382 3904/859/1738 3951/859/3
f 3952/330/35 3945/330/13 3947/330/35
f 3952/330/35 3947/330/35 3950/859/382
f 3950/859/382 3951/859/3 3952/330/35
f 3945/330/13 3952/330/35 3953/330/3
f 3953/330/3 3952/330/35 3951/859/3
f 3949/330/3 3953/330/3 3905/859/3
f 3951/859/3 3905/859/3 3953/330/3
f 3956/867/1745 3955/868/1746 3954/867/1747
f 3957/868/1287 3954/867/1747 3955/868/1746
f 3957/868/1287 3955/868/1746 3958/869/1748
f 3955/868/1746 3956/867/1745 3959/868/1749
f 3960/867/1750 3959/868/1749 3956/867/1745
f 3960/867/1750 3961/867/1751 3959/868/1749
f 3962/869/1290 3958/869/1748 3955/868/1746
f 3955/868/1746 3959/868/1749 3962/869/1290
f 3958/869/1748 3962/869/1290 3963/869/339
f 3964/868/1752 3959/868/1749 3961/867/1751
f 3961/867/1751 3965/870/1753 3964/868/1752
f 3966/869/1754 3962/869/1290 3959/868/1749
f 3959/868/1749 3964/868/1752 3966/869/1754
f 3967/869/1304 3963/869/339 3962/869/1290
f 3962/869/1290 3966/869/1754 3967/869/1304
f 3963/869/339 3967/869/1304 3968/869/353
f 3969/871/339 3963/869/339 3968/869/353
f 3970/869/353 3967/869/1304 3966/869/1754
f 3967/869/1304 3970/869/353 3968/869/353
f 3966/869/1754 3971/869/1283 3970/869/353
f 3971/869/1283 3966/869/1754 3964/868/1752
f 3968/869/353 3970/869/353 3971/869/1283
f 3972/872/1755 3964/868/1752 3965/870/1753
f 3965/870/1753 3973/870/1756 3972/872/1755
f 3974/872/1277 3972/872/1755 3973/870/1756
f 3974/872/1277 3975/871/1275 3972/872/1755
f 3971/869/1283 3964/868/1752 3976/871/1757
f 3972/872/1755 3976/871/1757 3964/868/1752
f 3971/869/1283 3976/871/1757 3968/869/353
f 3976/871/1757 3972/872/1755 3975/871/1275
f 3977/871/1292 3969/871/339 3968/869/353
f 3969/871/339 3977/871/1292 3975/871/1275
f 3977/871/1292 3968/869/353 3976/871/1757
f 3976/871/1757 3975/871/1275 3977/871/1292
f 3980/868/1758 3979/868/1759 3978/867/1760
f 3981/867/1761 3978/867/1760 3979/868/1759
f 3980/868/1758 3982/869/1262 3979/868/1759
f 3979/868/1759 3983/868/1762 3981/867/1761
f 3984/867/1763 3981/867/1761 3983/868/1762
f 3984/867/1763 3983/868/1762 3985/867/1764
f 3986/869/1264 3979/868/1759 3982/869/1262
f 3979/868/1759 3986/869/1264 3983/868/1762
f 3982/869/1262 3987/869/339 3986/869/1264
f 3988/868/1765 3985/867/1764 3983/868/1762
f 3985/867/1764 3988/868/1765 3989/870/1239
f 3990/869/1260 3983/868/1762 3986/869/1264
f 3983/868/1762 3990/869/1260 3988/868/1765
f 3991/869/1766 3986/869/1264 3987/869/339
f 3986/869/1264 3991/869/1766 3990/869/1260
f 3991/869/1766 3987/869/339 3992/869/352
f 3987/869/339 3993/871/339 3992/869/352
f 3994/869/352 3990/869/1260 3991/869/1766
f 3994/869/352 3991/869/1766 3992/869/352
f 3990/869/1260 3994/869/352 3995/869/1767
f 3995/869/1767 3988/868/1765 3990/869/1260
f 3992/869/352 3995/869/1767 3994/869/352
f 3996/872/1768 3989/870/1239 3988/868/1765
f 3989/870/1239 3996/872/1768 3997/870/1769
f 3998/872/1251 3997/870/1769 3996/872/1768
f 3998/872/1251 3996/872/1768 3999/871/1770
f 3995/869/1767 4000/871/1250 3988/868/1765
f 3996/872/1768 3988/868/1765 4000/871/1250
f 3995/869/1767 3992/869/352 4000/871/1250
f 4000/871/1250 3999/871/1770 3996/872/1768
f 3993/871/339 4001/871/354 3992/869/352
f 3993/871/339 3999/871/1770 4001/871/354
f 4001/871/354 4000/871/1250 3992/869/352
f 4000/871/1250 4001/871/354 3999/871/1770
f 4004/873/2 4003/874/1771 4002/875/1772
f 4004/873/2 4002/875/1772 4005/876/1773
f 4004/873/2 4006/877/1774 4003/874/1771
f 4007/878/1775 4004/873/2 4005/876/1773
f 4004/873/2 4008/879/1776 4006/877/1774
f 4009/880/1777 4004/873/2 4007/878/1775
f 4008/879/1776 4004/873/2 4010/881/1778
f 4010/881/1778 4004/873/2 4009/880/1777
f 4013/874/1779 4012/873/3 4011/875/1780
f 4011/875/1780 4012/873/3 4014/876/1781
f 4015/877/1782 4012/873/3 4013/874/1779
f 4012/873/3 4016/878/1783 4014/876/1781
f 4017/879/1784 4012/873/3 4015/877/1782
f 4012/873/3 4018/880/1785 4016/878/1783
f 4012/873/3 4017/879/1784 4019/881/1786
f 4012/873/3 4019/881/1786 4018/880/1785
f 4022/882/1787 4021/883/1788 4020/884/1789
f 4022/882/1787 4023/885/1790 4021/883/1788
f 4023/885/1790 4024/886/1791 4021/883/1788
f 4025/887/1792 4020/884/1789 4021/883/1788
f 4026/888/1793 4020/884/1789 4025/887/1792
f 4026/888/1793 4025/887/1792 4027/889/1794
f 4028/890/1795 4021/883/1788 4024/886/1791
f 4024/886/1791 4029/891/1796 4028/890/1795
f 4029/891/1796 4030/892/1797 4028/890/1795
f 4031/893/1798 4027/889/1794 4025/887/1792
f 4032/894/1799 4027/889/1794 4031/893/1798
f 4032/894/1799 4031/893/1798 4033/895/1800
f 4034/896/1801 4033/895/1800 4031/893/1798
f 4035/897/1802 4033/895/1800 4034/896/1801
f 4036/898/1803 4028/890/1795 4030/892/1797
f 4030/892/1797 4037/899/1804 4036/898/1803
f 4037/899/1804 4038/900/1805 4036/898/1803
f 4039/901/1806 4036/898/1803 4038/900/1805
f 4038/900/1805 4040/902/1807 4039/901/1806
f 4034/896/1801 4041/903/1808 4035/897/1802
f 4039/901/1806 4040/902/1807 4041/903/1808
f 4042/904/1809 4035/897/1802 4041/903/1808
f 4043/905/1810 4041/903/1808 4040/902/1807
f 4043/905/1810 4042/904/1809 4041/903/1808
f 4046/906/1811 4045/907/1812 4044/908/1813
f 4046/906/1811 4044/908/1813 4047/909/1814
f 4048/910/1815 4044/908/1813 4045/907/1812
f 4049/911/1816 4047/909/1814 4044/908/1813
f 4045/907/1812 4050/912/1817 4048/910/1815
f 4051/913/1818 4048/910/1815 4050/912/1817
f 4051/913/1818 4050/912/1817 4052/910/1819
f 4053/907/1820 4052/910/1819 4050/912/1817
f 4047/909/1814 4049/911/1816 4054/914/1821
f 4055/915/1822 4054/914/1821 4049/911/1816
f 4055/915/1822 4056/911/1823 4054/914/1821
f 4057/909/1824 4054/914/1821 4056/911/1823
f 4052/910/1819 4053/907/1820 4058/908/1825
f 4056/911/1823 4058/908/1825 4057/909/1824
f 4059/906/1826 4058/908/1825 4053/907/1820
f 4059/906/1826 4057/909/1824 4058/908/1825
f 4062/916/442 4061/917/445 4060/916/442
f 4062/916/442 4063/916/442 4061/917/445
f 4064/917/1827 4060/916/442 4061/917/445
f 4065/917/1828 4061/917/445 4063/916/442
f 4060/916/442 4064/917/1827 4066/918/584
f 4060/916/442 4066/918/584 4067/916/1829
f 4068/918/813 4067/916/1829 4066/918/584
f 4067/916/1829 4068/918/813 4069/916/440
f 4070/918/601 4069/916/440 4068/918/813
f 4069/916/440 4070/918/601 4071/916/1830
f 4072/918/584 4071/916/1830 4070/918/601
f 4071/916/1830 4072/918/584 4073/916/438
f 4074/918/572 4073/916/438 4072/918/584
f 4073/916/438 4074/918/572 4075/916/1831
f 4076/918/572 4075/916/1831 4074/918/572
f 4075/916/1831 4076/918/572 4077/916/436
f 4078/918/601 4077/916/436 4076/918/572
f 4077/916/436 4078/918/601 4079/916/1832
f 4080/918/572 4079/916/1832 4078/918/601
f 4079/916/1832 4080/918/572 4081/916/431
f 4082/918/584 4081/916/431 4080/918/572
f 4081/916/431 4082/918/584 4083/916/1833
f 4084/918/572 4083/916/1833 4082/918/584
f 4083/916/1833 4084/918/572 4085/916/428
f 4086/918/601 4085/916/428 4084/918/572
f 4085/916/428 4086/918/601 4087/916/2
f 4088/918/455 4087/916/2 4086/918/601
f 4088/918/455 4089/917/408 4087/916/2
f 4087/916/2 4089/917/408 4090/916/922
f 4091/917/382 4090/916/922 4089/917/408
f 4089/917/408 4088/918/455 4092/917/35
f 4091/917/382 4093/917/35 4090/916/922
f 4094/918/351 4092/917/35 4088/918/455
f 4095/916/259 4090/916/922 4093/917/35
f 4096/916/578 4092/917/35 4094/918/351
f 4092/917/35 4096/916/578 4097/917/1043
f 4098/916/575 4097/917/1043 4096/916/578
f 4096/916/578 4094/918/351 4099/916/443
f 4098/916/575 4100/916/3 4097/917/1043
f 4101/918/12 4099/916/443 4094/918/351
f 4102/917/35 4097/917/1043 4100/916/3
f 4093/917/35 4103/918/375 4095/916/259
f 4093/917/35 4102/917/35 4103/918/375
f 4103/918/375 4104/918/574 4095/916/259
f 4105/916/428 4095/916/259 4104/918/574
f 4104/918/574 4106/918/375 4105/916/428
f 4107/916/1834 4105/916/428 4106/918/375
f 4106/918/375 4108/918/375 4107/916/1834
f 4109/916/431 4107/916/1834 4108/918/375
f 4108/918/375 4110/918/591 4109/916/431
f 4111/916/433 4109/916/431 4110/918/591
f 4110/918/591 4112/918/375 4111/916/433
f 4113/916/1835 4111/916/433 4112/918/375
f 4112/918/375 4114/918/375 4113/916/1835
f 4115/916/428 4113/916/1835 4114/918/375
f 4114/918/375 4116/918/375 4115/916/428
f 4117/916/1836 4115/916/428 4116/918/375
f 4116/918/375 4118/918/591 4117/916/1836
f 4119/916/1830 4117/916/1836 4118/918/591
f 4118/918/591 4120/918/375 4119/916/1830
f 4121/916/440 4119/916/1830 4120/918/375
f 4120/918/375 4122/918/375 4121/916/440
f 4123/916/1837 4121/916/440 4122/918/375
f 4122/918/375 4124/918/451 4123/916/1837
f 4063/916/442 4123/916/1837 4124/918/451
f 4065/917/1828 4063/916/442 4124/918/451
f 4124/918/451 4125/918/1838 4065/917/1828
f 4126/917/1839 4065/917/1828 4125/918/1838
f 4126/917/1839 4125/918/1838 4127/916/444
f 4125/918/1838 4128/918/458 4127/916/444
f 4100/916/3 4127/916/444 4128/918/458
f 4102/917/35 4100/916/3 4128/918/458
f 4128/918/458 4103/918/375 4102/917/35
f 4127/916/444 4129/916/443 4126/917/1839
f 4130/917/1840 4126/917/1839 4129/916/443
f 4130/917/1840 4129/916/443 4131/917/447
f 4099/916/443 4131/917/447 4129/916/443
f 4101/918/12 4131/917/447 4099/916/443
f 4131/917/447 4101/918/12 4064/917/1827
f 4066/918/584 4064/917/1827 4101/918/12
f 4134/919/339 4133/920/1025 4132/919/1304
f 4134/919/339 4135/919/1766 4133/920/1025
f 4136/920/3 4132/919/1304 4133/920/1025
f 4137/920/575 4133/920/1025 4135/919/1766
f 4138/921/12 4132/919/1304 4136/920/3
f 4132/919/1304 4138/921/12 4139/919/1292
f 4138/921/12 4136/920/3 4140/921/1055
f 4141/920/1841 4140/921/1055 4136/920/3
f 4140/921/1055 4141/920/1841 4142/921/1055
f 4143/920/1842 4142/921/1055 4141/920/1841
f 4142/921/1055 4143/920/1842 4144/921/351
f 4145/920/1843 4144/921/351 4143/920/1842
f 4144/921/351 4145/920/1843 4146/921/452
f 4147/920/1844 4146/921/452 4145/920/1843
f 4146/921/452 4147/920/1844 4148/921/1055
f 4149/920/1845 4148/921/1055 4147/920/1844
f 4148/921/1055 4149/920/1845 4150/921/351
f 4151/920/1846 4150/921/351 4149/920/1845
f 4150/921/351 4151/920/1846 4152/921/351
f 4153/920/1847 4152/921/351 4151/920/1846
f 4152/921/351 4153/920/1847 4154/921/351
f 4155/920/1848 4154/921/351 4153/920/1847
f 4154/921/351 4155/920/1848 4156/921/1055
f 4157/920/1849 4156/921/1055 4155/920/1848
f 4156/921/1055 4157/920/1849 4158/921/351
f 4159/920/1850 4158/921/351 4157/920/1849
f 4158/921/351 4159/920/1850 4160/921/351
f 4161/920/578 4160/921/351 4159/920/1850
f 4162/919/35 4160/921/351 4161/920/578
f 4160/921/351 4162/919/35 4163/921/455
f 4162/919/35 4161/920/578 4164/919/1043
f 4165/920/575 4164/919/1043 4161/920/578
f 4165/920/575 4166/920/3 4164/919/1043
f 4167/919/408 4163/921/455 4162/919/35
f 4168/919/417 4164/919/1043 4166/920/3
f 4163/921/455 4167/919/408 4169/920/1851
f 4163/921/455 4169/920/1851 4170/921/572
f 4169/920/1851 4167/919/408 4171/920/1852
f 4172/919/382 4171/920/1852 4167/919/408
f 4172/919/382 4173/919/35 4171/920/1852
f 4174/920/1853 4170/921/572 4169/920/1851
f 4175/920/1851 4171/920/1852 4173/919/35
f 4176/921/458 4168/919/417 4166/920/3
f 4166/920/3 4177/920/1850 4176/921/458
f 4178/921/377 4176/921/458 4177/920/1850
f 4177/920/1850 4179/920/1854 4178/921/377
f 4180/921/457 4178/921/377 4179/920/1854
f 4179/920/1854 4181/920/1848 4180/921/457
f 4182/921/458 4180/921/457 4181/920/1848
f 4181/920/1848 4183/920/1855 4182/921/458
f 4184/921/457 4182/921/458 4183/920/1855
f 4183/920/1855 4185/920/1846 4184/921/457
f 4186/921/457 4184/921/457 4185/920/1846
f 4185/920/1846 4187/920/1856 4186/921/457
f 4188/921/457 4186/921/457 4187/920/1856
f 4187/920/1856 4189/920/1844 4188/921/457
f 4190/921/457 4188/921/457 4189/920/1844
f 4189/920/1844 4191/920/1843 4190/921/457
f 4192/921/457 4190/921/457 4191/920/1843
f 4191/920/1843 4193/920/1842 4192/921/457
f 4194/921/377 4192/921/457 4193/920/1842
f 4193/920/1842 4195/920/1857 4194/921/377
f 4196/921/457 4194/921/377 4195/920/1857
f 4195/920/1857 4137/920/575 4196/921/457
f 4197/921/744 4196/921/457 4137/920/575
f 4135/919/1766 4197/921/744 4137/920/575
f 4135/919/1766 4198/919/354 4197/921/744
f 4199/921/13 4197/921/744 4198/919/354
f 4199/921/13 4198/919/354 4200/920/2
f 4198/919/354 4201/921/339 4200/920/2
f 4202/920/924 4200/920/2 4201/921/339
f 4200/920/2 4203/920/380 4199/921/13
f 4202/920/924 4201/921/339 4204/920/2
f 4139/919/1292 4204/920/2 4201/921/339
f 4205/921/375 4199/921/13 4203/920/380
f 4139/919/1292 4206/921/572 4204/920/2
f 4206/921/572 4139/919/1292 4138/921/12
f 4204/920/2 4206/921/572 4207/920/922
f 4208/921/572 4207/920/922 4206/921/572
f 4205/921/375 4203/920/380 4209/919/1858
f 4203/920/380 4210/920/2 4209/919/1858
f 4211/919/1859 4209/919/1858 4210/920/2
f 4209/919/1858 4212/919/1860 4205/921/375
f 4211/919/1859 4210/920/2 4213/919/1861
f 4207/920/922 4213/919/1861 4210/920/2
f 4207/920/922 4208/921/572 4213/919/1861
f 4213/919/1861 4208/921/572 4214/919/1859
f 4170/921/572 4214/919/1859 4208/921/572
f 4214/919/1859 4170/921/572 4174/920/1853
f 4214/919/1859 4174/920/1853 4215/919/1859
f 4216/920/427 4215/919/1859 4174/920/1853
f 4216/920/427 4217/920/1862 4215/919/1859
f 4212/919/1860 4215/919/1859 4217/920/1862
f 4218/921/375 4205/921/375 4212/919/1860
f 4218/921/375 4212/919/1860 4217/920/1862
f 4217/920/1862 4175/920/1851 4218/921/375
f 4219/921/375 4218/921/375 4175/920/1851
f 4173/919/35 4219/921/375 4175/920/1851
f 4173/919/35 4168/919/417 4219/921/375
f 4176/921/458 4219/921/375 4168/919/417
f 4222/922/12 4221/923/1863 4220/923/1864
f 4222/922/12 4220/923/1864 4223/923/1865
f 4222/922/12 4224/923/1866 4221/923/1863
f 4222/922/12 4223/923/1865 4225/923/1867
f 4222/922/12 4226/923/1868 4224/923/1866
f 4222/922/12 4225/923/1867 4226/923/1868
f 4229/922/13 4228/923/1869 4227/923/1870
f 4229/922/13 4227/923/1870 4230/923/1871
f 4229/922/13 4231/923/1872 4228/923/1869
f 4229/922/13 4230/923/1871 4232/923/1873
f 4229/922/13 4233/923/1874 4231/923/1872
f 4229/922/13 4232/923/1873 4233/923/1874
f 4236/924/12 4235/925/1863 4234/925/1864
f 4236/924/12 4234/925/1864 4237/925/1865
f 4236/924/12 4238/925/1866 4235/925/1863
f 4236/924/12 4237/925/1865 4239/925/1867
f 4236/924/12 4240/925/1868 4238/925/1866
f 4236/924/12 4239/925/1867 4240/925/1868
f 4243/924/13 4242/925/1869 4241/925/1870
f 4243/924/13 4241/925/1870 4244/925/1871
f 4243/924/13 4245/925/1872 4242/925/1869
f 4243/924/13 4244/925/1871 4246/925/1873
f 4243/924/13 4247/925/1874 4245/925/1872
f 4243/924/13 4246/925/1873 4247/925/1874
f 4250/926/1772 4249/927/1771 4248/928/1875
f 4250/926/1772 4248/928/1875 4251/929/1876
f 4252/930/1035 4248/928/1875 4249/927/1771
f 4253/931/353 4251/929/1876 4248/928/1875
f 4252/930/1035 4249/927/1771 4254/932/922
f 4255/933/1877 4254/932/922 4249/927/1771
f 4253/931/353 4256/928/1032 4251/929/1876
f 4257/926/1878 4251/929/1876 4256/928/1032
f 4255/933/1877 4258/934/1879 4254/932/922
f 4259/935/380 4254/932/922 4258/934/1879
f 4257/926/1878 4256/928/1032 4260/927/1880
f 4261/930/1030 4260/927/1880 4256/928/1032
f 4259/935/380 4258/934/1879 4262/932/2
f 4261/930/1030 4262/932/2 4260/927/1880
f 4263/933/1881 4262/932/2 4258/934/1879
f 4263/933/1881 4260/927/1880 4262/932/2
f 4266/936/1882 4265/937/1883 4264/938/35
f 4266/936/1882 4264/938/35 4267/937/1884
f 4268/939/1885 4264/938/35 4265/937/1883
f 4265/937/1883 4269/936/1031 4268/939/1885
f 4270/939/1886 4267/937/1884 4264/938/35
f 4267/937/1884 4270/939/1886 4271/936/1034
f 4272/938/1887 4268/939/1885 4269/936/1031
f 4269/936/1031 4273/940/1032 4272/938/1887
f 4274/938/1888 4271/936/1034 4270/939/1886
f 4271/936/1034 4274/938/1888 4275/940/1889
f 4276/941/1032 4272/938/1887 4273/940/1032
f 4273/940/1032 4277/936/339 4276/941/1032
f 4275/940/1889 4278/941/1033 4277/936/339
f 4278/941/1033 4275/940/1889 4274/938/1888
f 4279/938/339 4276/941/1032 4277/936/339
f 4279/938/339 4277/936/339 4278/941/1033
f 4279/938/339 4280/936/339 4276/941/1032
f 4279/938/339 4278/941/1033 4280/936/339
f 4281/940/1032 4276/941/1032 4280/936/339
f 4276/941/1032 4281/940/1032 4272/938/1887
f 4282/940/1033 4280/936/339 4278/941/1033
f 4278/941/1033 4274/938/1888 4282/940/1033
f 4283/936/1031 4272/938/1887 4281/940/1032
f 4272/938/1887 4283/936/1031 4268/939/1885
f 4284/936/1034 4282/940/1033 4274/938/1888
f 4274/938/1888 4270/939/1886 4284/936/1034
f 4285/937/1890 4268/939/1885 4283/936/1031
f 4286/937/1891 4284/936/1034 4270/939/1886
f 4268/939/1885 4285/937/1890 4264/938/35
f 4270/939/1886 4264/938/35 4286/937/1891
f 4287/936/1892 4264/938/35 4285/937/1890
f 4287/936/1892 4286/937/1891 4264/938/35
f 4290/931/352 4289/929/1893 4288/928/1894
f 4290/931/352 4291/928/1033 4289/929/1893
f 4292/926/1783 4288/928/1894 4289/929/1893
f 4293/926/1895 4289/929/1893 4291/928/1033
f 4292/926/1783 4294/927/1785 4288/928/1894
f 4295/930/1030 4288/928/1894 4294/927/1785
f 4293/926/1895 4291/928/1033 4296/927/1896
f 4297/930/1035 4296/927/1896 4291/928/1033
f 4295/930/1030 4294/927/1785 4298/932/575
f 4299/933/1897 4298/932/575 4294/927/1785
f 4297/930/1035 4300/932/3 4296/927/1896
f 4301/933/1782 4296/927/1896 4300/932/3
f 4299/933/1897 4302/934/1898 4298/932/575
f 4301/933/1782 4300/932/3 4302/934/1898
f 4303/935/570 4298/932/575 4302/934/1898
f 4303/935/570 4302/934/1898 4300/932/3
f 4306/942/1899 4305/943/1899 4304/944/1900
f 4306/942/1899 4307/945/1901 4305/943/1899
f 4308/946/1900 4304/944/1900 4305/943/1899
f 4309/947/1901 4305/943/1899 4307/945/1901
f 4308/946/1900 4310/948/1902 4304/944/1900
f 4311/949/1902 4304/944/1900 4310/948/1902
f 4309/947/1901 4307/945/1901 4312/950/1903
f 4313/951/1903 4312/950/1903 4307/945/1901
f 4311/949/1902 4310/948/1902 4314/952/1904
f 4315/953/1904 4314/952/1904 4310/948/1902
f 4313/951/1903 4316/954/1905 4312/950/1903
f 4317/955/1905 4312/950/1903 4316/954/1905
f 4315/953/1904 4318/956/1906 4314/952/1904
f 4317/955/1905 4316/954/1905 4318/956/1906
f 4319/957/1906 4314/952/1904 4318/956/1906
f 4319/957/1906 4318/956/1906 4316/954/1905
f 4322/958/13 4321/958/13 4320/959/1907
f 4320/959/1907 4323/958/1908 4322/958/13
f 4324/959/1909 4320/959/1907 4321/958/13
f 4320/959/1907 4325/959/1910 4323/958/1908
f 4321/958/13 4326/958/13 4324/959/1909
f 4327/958/629 4323/958/1908 4325/959/1910
f 4328/959/1911 4324/959/1909 4326/958/13
f 4325/959/1910 4329/959/1912 4327/958/629
f 4326/958/13 4330/958/13 4328/959/1911
f 4331/958/1913 4327/958/629 4329/959/1912
f 4332/959/1914 4328/959/1911 4330/958/13
f 4329/959/1912 4333/959/1915 4331/958/1913
f 4330/958/13 4334/958/13 4332/959/1914
f 4335/958/13 4331/958/1913 4333/959/1915
f 4336/959/1916 4332/959/1914 4334/958/13
f 4333/959/1915 4337/959/1917 4335/958/13
f 4334/958/13 4338/958/1918 4336/959/1916
f 4339/958/13 4335/958/13 4337/959/1917
f 4340/959/1919 4336/959/1916 4338/958/1918
f 4337/959/1917 4341/959/1920 4339/958/13
f 4338/958/1918 4342/958/13 4340/959/1919
f 4343/958/13 4339/958/13 4341/959/1920
f 4344/959/1921 4340/959/1919 4342/958/13
f 4341/959/1920 4344/959/1921 4343/958/13
f 4342/958/13 4343/958/13 4344/959/1921
f 4347/958/12 4346/959/1922 4345/958/12
f 4348/958/1923 4346/959/1922 4347/958/12
f 4349/959/1924 4345/958/12 4346/959/1922
f 4346/959/1922 4348/958/1923 4350/959/1925
f 4345/958/12 4349/959/1924 4351/958/12
f 4352/958/597 4350/959/1925 4348/958/1923
f 4353/959/1926 4351/958/12 4349/959/1924
f 4350/959/1925 4352/958/597 4354/959/1927
f 4351/958/12 4353/959/1926 4355/958/12
f 4356/958/1928 4354/959/1927 4352/958/597
f 4357/959/1929 4355/958/12 4353/959/1926
f 4354/959/1927 4356/958/1928 4358/959/1930
f 4355/958/12 4357/959/1929 4359/958/12
f 4360/958/12 4358/959/1930 4356/958/1928
f 4361/959/1931 4359/958/12 4357/959/1929
f 4358/959/1930 4360/958/12 4362/959/1932
f 4359/958/12 4361/959/1931 4363/958/1933
f 4364/958/12 4362/959/1932 4360/958/12
f 4365/959/1934 4363/958/1933 4361/959/1931
f 4362/959/1932 4364/958/12 4366/959/1935
f 4363/958/1933 4365/959/1934 4367/958/12
f 4368/958/12 4366/959/1935 4364/958/12
f 4369/959/1936 4367/958/12 4365/959/1934
f 4366/959/1935 4368/958/12 4369/959/1936
f 4367/958/12 4369/959/1936 4368/958/12
f 4372/276/3 4371/960/1937 4370/274/3
f 4372/276/3 4373/274/3 4371/960/1937
f 4374/961/1841 4370/274/3 4371/960/1937
f 4375/961/1841 4371/960/1937 4373/274/3
f 4371/960/1937 4376/962/1842 4374/961/1841
f 4371/960/1937 4375/961/1841 4376/962/1842
f 4377/963/1938 4374/961/1841 4376/962/1842
f 4378/963/1842 4376/962/1842 4375/961/1841
f 4376/962/1842 4379/964/1939 4377/963/1938
f 4376/962/1842 4378/963/1842 4379/964/1939
f 4380/965/1939 4377/963/1938 4379/964/1939
f 4381/965/1939 4379/964/1939 4378/963/1842
f 4379/964/1939 4382/966/1940 4380/965/1939
f 4379/964/1939 4381/965/1939 4382/966/1940
f 4383/967/1844 4380/965/1939 4382/966/1940
f 4384/967/1844 4382/966/1940 4381/965/1939
f 4382/966/1940 4385/968/1941 4383/967/1844
f 4382/966/1940 4384/967/1844 4385/968/1941
f 4386/969/1941 4383/967/1844 4385/968/1941
f 4385/968/1941 4387/970/1942 4386/969/1941
f 4388/969/1941 4385/968/1941 4384/967/1844
f 4385/968/1941 4388/969/1941 4387/970/1942
f 4389/971/1943 4386/969/1941 4387/970/1942
f 4390/971/1942 4387/970/1942 4388/969/1941
f 4389/971/1943 4387/970/1942 4391/972/1847
f 4390/971/1942 4392/972/1944 4387/970/1942
f 4393/973/1847 4391/972/1847 4387/970/1942
f 4393/973/1847 4387/970/1942 4392/972/1944
f 4393/973/1847 4394/974/1945 4391/972/1847
f 4393/973/1847 4392/972/1944 4394/974/1945
f 4395/975/1945 4391/972/1847 4394/974/1945
f 4396/975/1946 4394/974/1945 4392/972/1944
f 4394/974/1945 4397/976/1947 4395/975/1945
f 4394/974/1945 4396/975/1946 4397/976/1947
f 4398/977/1947 4395/975/1945 4397/976/1947
f 4397/976/1947 4399/978/1948 4398/977/1947
f 4400/977/1947 4397/976/1947 4396/975/1946
f 4397/976/1947 4400/977/1947 4399/978/1948
f 4401/979/1949 4398/977/1947 4399/978/1948
f 4402/979/1949 4399/978/1948 4400/977/1947
f 4401/979/1949 4399/978/1948 4403/272/3
f 4402/979/1949 4404/272/3 4399/978/1948
f 4405/273/3 4403/272/3 4399/978/1948
f 4405/273/3 4399/978/1948 4404/272/3
f 4408/63/1950 4407/71/1951 4406/71/1952
f 4408/63/1950 4406/71/1952 4409/980/1953
f 4407/71/1951 4408/63/1950 4410/980/1954
f 4408/63/1950 4409/980/1953 4411/62/1955
f 4410/980/1954 4408/63/1950 4412/62/1956
f 4408/63/1950 4411/62/1955 4413/64/1957
f 4412/62/1956 4408/63/1950 4414/64/1958
f 4408/63/1950 4413/64/1957 4414/64/1958
f 4417/21/13 4416/21/13 4415/21/13
f 4416/21/13 4418/21/13 4415/21/13
f 4416/21/13 4417/21/13 4419/21/13
f 4416/21/13 4420/21/13 4418/21/13
f 4416/21/13 4419/21/13 4421/21/13
f 4416/21/13 4422/21/13 4420/21/13
f 4416/21/13 4421/21/13 4423/21/13
f 4416/21/13 4424/21/13 4422/21/13
f 4416/21/13 4423/21/13 4425/21/13
f 4424/21/13 4416/21/13 4425/21/13
f 4428/981/12 4427/981/12 4426/981/12
f 4426/981/12 4427/981/12 4429/981/12
f 4430/981/12 4427/981/12 4428/981/12
f 4429/981/12 4427/981/12 4431/981/12
f 4427/981/12 4430/981/12 4432/981/12
f 4427/981/12 4433/981/12 4431/981/12
f 4434/981/12 4427/981/12 4432/981/12
f 4433/981/12 4427/981/12 4435/981/12
f 4436/981/12 4427/981/12 4434/981/12
f 4435/981/12 4427/981/12 4436/981/12
f 4439/22/13 4438/22/13 4437/22/13
f 4438/22/13 4440/22/13 4437/22/13
f 4438/22/13 4439/22/13 4441/22/13
f 4438/22/13 4442/22/13 4440/22/13
f 4438/22/13 4441/22/13 4443/22/13
f 4438/22/13 4444/22/13 4442/22/13
f 4438/22/13 4443/22/13 4445/22/13
f 4438/22/13 4446/22/13 4444/22/13
f 4438/22/13 4445/22/13 4447/22/13
f 4446/22/13 4438/22/13 4447/22/13
f 4450/325/12 4449/325/12 4448/325/12
f 4448/325/12 4449/325/12 4451/325/12
f 4452/325/12 4449/325/12 4450/325/12
f 4451/325/12 4449/325/12 4453/325/12
f 4449/325/12 4452/325/12 4454/325/12
f 4449/325/12 4455/325/12 4453/325/12
f 4456/325/12 4449/325/12 4454/325/12
f 4455/325/12 4449/325/12 4457/325/12
f 4458/325/12 4449/325/12 4456/325/12
f 4457/325/12 4449/325/12 4458/325/12
f 4461/30/1959 4460/982/1960 4459/33/1961
f 4461/30/1959 4462/30/15 4460/982/1960
f 4463/983/1962 4459/33/1961 4460/982/1960
f 4459/33/1961 4463/983/1962 4464/33/18
f 4460/982/1960 4465/984/1963 4463/983/1962
f 4465/984/1963 4460/982/1960 4462/30/15
f 4466/985/1964 4463/983/1962 4465/984/1963
f 4466/985/1964 4464/33/18 4463/983/1962
f 4465/984/1963 4467/29/1965 4466/985/1964
f 4467/29/1965 4465/984/1963 4462/30/15
f 4468/35/1966 4464/33/18 4466/985/1964
f 4468/35/1966 4466/985/1964 4467/29/1965
f 4469/31/1967 4467/29/1965 4462/30/15
f 4467/29/1965 4470/29/1968 4468/35/1966
f 4467/29/1965 4469/31/1967 4470/29/1968
f 4464/33/18 4471/36/1969 4462/30/15
f 4468/35/1966 4472/32/1970 4464/33/18
f 4471/36/1969 4464/33/18 4472/32/1970
f 4473/35/1971 4468/35/1966 4470/29/1968
f 4470/29/1968 4474/31/1972 4473/35/1971
f 4474/31/1972 4470/29/1968 4469/31/1967
f 4473/35/1971 4475/32/1973 4468/35/1966
f 4475/32/1973 4473/35/1971 4474/31/1972
f 4472/32/1970 4468/35/1966 4475/32/1973
f 4474/31/1972 4469/31/1967 4475/32/1973
f 4472/32/1970 4475/32/1973 4469/31/1967
f 4476/38/1974 4469/31/1967 4462/30/15
f 4469/31/1967 4476/38/1974 4472/32/1970
f 4477/34/1975 4462/30/15 4471/36/1969
f 4477/34/1975 4476/38/1974 4462/30/15
f 4477/34/1975 4471/36/1969 4476/38/1974
f 4478/39/1976 4472/32/1970 4476/38/1974
f 4478/39/1976 4476/38/1974 4471/36/1969
f 4478/39/1976 4471/36/1969 4472/32/1970
f 4481/986/3 4480/987/3 4479/987/1025
f 4481/986/3 4479/987/1025 4482/987/3
f 4481/986/3 4483/987/575 4480/987/3
f 4481/986/3 4482/987/3 4484/987/3
f 4481/986/3 4485/987/3 4483/987/575
f 4481/986/3 4484/987/3 4486/987/3
f 4485/987/3 4481/986/3 4486/987/3
f 4489/986/3 4488/987/3 4487/987/3
f 4490/987/3 4489/986/3 4487/987/3
f 4488/987/3 4489/986/3 4491/987/575
f 4492/987/3 4489/986/3 4490/987/3
f 4491/987/575 4489/986/3 4493/987/3
f 4494/987/1025 4489/986/3 4492/987/3
f 4493/987/3 4489/986/3 4494/987/1025
f 4497/988/1977 4496/988/1977 4495/989/1978
f 4498/989/1978 4495/989/1978 4496/988/1977
f 4496/988/1977 4497/988/1977 4499/990/1979
f 4495/989/1978 4498/989/1978 4500/991/1980
f 4501/990/1979 4499/990/1979 4497/988/1977
f 4502/991/1980 4500/991/1980 4498/989/1978
f 4499/990/1979 4501/990/1979 4503/992/1981
f 4500/991/1980 4502/991/1980 4504/993/1982
f 4505/992/1981 4503/992/1981 4501/990/1979
f 4506/993/1982 4504/993/1982 4502/991/1980
f 4503/992/1981 4505/992/1981 4507/994/1983
f 4504/993/1982 4506/993/1982 4508/995/1984
f 4509/994/1983 4507/994/1983 4505/992/1981
f 4510/995/1984 4508/995/1984 4506/993/1982
f 4507/994/1983 4509/994/1983 4511/996/1985
f 4508/995/1984 4510/995/1984 4512/997/1986
f 4513/996/1985 4511/996/1985 4509/994/1983
f 4514/997/1986 4512/997/1986 4510/995/1984
f 4511/996/1985 4513/996/1985 4515/998/679
f 4512/997/1986 4514/997/1986 4516/999/678
f 4517/998/679 4515/998/679 4513/996/1985
f 4518/999/678 4516/999/678 4514/997/1986
f 4515/998/679 4517/998/679 4518/999/678
f 4516/999/678 4518/999/678 4517/998/679
f 4521/959/1986 4520/959/1986 4519/959/1984
f 4522/959/1984 4519/959/1984 4520/959/1986
f 4520/959/1986 4521/959/1986 4523/959/678
f 4519/959/1984 4522/959/1984 4524/959/1982
f 4525/959/678 4523/959/678 4521/959/1986
f 4526/959/1982 4524/959/1982 4522/959/1984
f 4523/959/678 4525/959/678 4527/959/679
f 4524/959/1982 4526/959/1982 4528/959/1980
f 4529/959/679 4527/959/679 4525/959/678
f 4530/959/1980 4528/959/1980 4526/959/1982
f 4527/959/679 4529/959/679 4531/959/1985
f 4528/959/1980 4530/959/1980 4532/959/1978
f 4533/959/1985 4531/959/1985 4529/959/679
f 4534/959/1978 4532/959/1978 4530/959/1980
f 4531/959/1985 4533/959/1985 4535/959/1983
f 4532/959/1978 4534/959/1978 4536/959/1977
f 4537/959/1983 4535/959/1983 4533/959/1985
f 4538/959/1977 4536/959/1977 4534/959/1978
f 4535/959/1983 4537/959/1983 4539/959/1981
f 4536/959/1977 4538/959/1977 4540/959/1979
f 4541/959/1981 4539/959/1981 4537/959/1983
f 4542/959/1979 4540/959/1979 4538/959/1977
f 4539/959/1981 4541/959/1981 4542/959/1979
f 4540/959/1979 4542/959/1979 4541/959/1981
f 4545/838/1987 4544/837/1988 4543/1000/1989
f 4546/1001/1990 4543/1000/1989 4544/837/1988
f 4543/1000/1989 4547/1002/1991 4545/838/1987
f 4544/837/1988 4548/836/1992 4546/1001/1990
f 4549/839/1993 4545/838/1987 4547/1002/1991
f 4550/1003/1994 4546/1001/1990 4548/836/1992
f 4547/1002/1991 4551/1002/1995 4549/839/1993
f 4548/836/1992 4552/836/1996 4550/1003/1994
f 4553/839/1997 4549/839/1993 4551/1002/1995
f 4554/1003/1998 4550/1003/1994 4552/836/1996
f 4551/1002/1995 4555/1000/1999 4553/839/1997
f 4552/836/1996 4556/837/2000 4554/1003/1998
f 4557/838/2001 4553/839/1997 4555/1000/1999
f 4558/1001/2002 4554/1003/1998 4556/837/2000
f 4555/1000/1999 4558/1001/2002 4557/838/2001
f 4556/837/2000 4557/838/2001 4558/1001/2002
f 4561/1004/2003 4560/1005/2004 4559/1004/550
f 4562/1006/2005 4560/1005/2004 4561/1004/2003
f 4561/1004/2003 4563/1004/2006 4562/1006/2005
f 4564/1005/542 4559/1004/550 4560/1005/2004
f 4560/1005/2004 4562/1006/2005 4565/1005/539
f 4559/1004/550 4564/1005/542 4566/1007/2007
f 4564/1005/542 4567/1005/542 4566/1007/2007
f 4566/1007/2007 4568/1007/2008 4559/1004/550
f 4569/1007/2008 4566/1007/2007 4567/1005/542
f 4570/1004/547 4559/1004/550 4568/1007/2008
f 4567/1005/542 4571/1004/531 4569/1007/2008
f 4569/1007/2008 4571/1004/531 4572/1007/2008
f 4567/1005/542 4573/1005/2009 4571/1004/531
f 4574/1004/2010 4571/1004/531 4573/1005/2009
f 4575/1004/529 4572/1007/2008 4571/1004/531
f 4573/1005/2009 4576/1006/536 4574/1004/2010
f 4574/1004/2010 4576/1006/536 4577/1004/2011
f 4573/1005/2009 4578/1005/539 4576/1006/536
f 4568/1007/2008 4572/1007/2008 4579/1005/2012
f 4568/1007/2008 4579/1005/2012 4570/1004/547
f 4580/1005/2013 4579/1005/2012 4572/1007/2008
f 4580/1005/2013 4572/1007/2008 4575/1004/529
f 4579/1005/2012 4581/1005/2014 4570/1004/547
f 4580/1005/2013 4575/1004/529 4582/1005/2015
f 4583/1004/2016 4570/1004/547 4581/1005/2014
f 4584/1004/2017 4582/1005/2015 4575/1004/529
f 4581/1005/2014 4582/1005/2015 4585/1007/2018
f 4583/1004/2016 4581/1005/2014 4585/1007/2018
f 4586/1007/2019 4585/1007/2018 4582/1005/2015
f 4582/1005/2015 4584/1004/2017 4586/1007/2019
f 4585/1007/2018 4587/1007/2020 4583/1004/2016
f 4586/1007/2019 4584/1004/2017 4588/1007/2021
f 4589/1004/2022 4583/1004/2016 4587/1007/2020
f 4590/1004/530 4588/1007/2021 4584/1004/2017
f 4587/1007/2020 4588/1007/2021 4591/1005/2023
f 4591/1005/2023 4589/1004/2022 4587/1007/2020
f 4592/1005/2024 4591/1005/2023 4588/1007/2021
f 4590/1004/530 4592/1005/2024 4588/1007/2021
f 4591/1005/2023 4593/1005/2025 4589/1004/2022
f 4592/1005/2024 4590/1004/530 4594/1005/2025
f 4595/1004/2026 4589/1004/2022 4593/1005/2025
f 4596/1004/2027 4594/1005/2025 4590/1004/530
f 4593/1005/2025 4597/1007/2028 4595/1004/2026
f 4593/1005/2025 4594/1005/2025 4597/1007/2028
f 4595/1004/2026 4597/1007/2028 4563/1004/2006
f 4598/1007/526 4594/1005/2025 4596/1004/2027
f 4598/1007/526 4597/1007/2028 4594/1005/2025
f 4596/1004/2027 4577/1004/2011 4598/1007/526
f 4599/1007/2028 4563/1004/2006 4597/1007/2028
f 4600/1007/2028 4598/1007/526 4577/1004/2011
f 4577/1004/2011 4601/1006/2029 4600/1007/2028
f 4601/1006/2029 4577/1004/2011 4576/1006/536
f 4602/1005/545 4600/1007/2028 4601/1006/2029
f 4600/1007/2028 4602/1005/545 4599/1007/2028
f 4602/1005/545 4601/1006/2029 4603/1005/545
f 4604/1005/2030 4599/1007/2028 4602/1005/545
f 4605/1006/2031 4603/1005/545 4601/1006/2029
f 4563/1004/2006 4599/1007/2028 4606/1006/2032
f 4604/1005/2030 4606/1006/2032 4599/1007/2028
f 4606/1006/2032 4562/1006/2005 4563/1004/2006
f 4604/1005/2030 4607/1005/2030 4606/1006/2032
f 4608/1006/2033 4606/1006/2032 4607/1005/2030
f 4607/1005/2030 4609/1004/527 4608/1006/2033
f 4607/1005/2030 4603/1005/545 4609/1004/527
f 4608/1006/2033 4609/1004/527 4610/1006/2034
f 4610/1006/2034 4565/1005/539 4562/1006/2005
f 4611/1004/527 4603/1005/545 4605/1006/2031
f 4611/1004/527 4609/1004/527 4603/1005/545
f 4612/1004/389 4610/1006/2034 4609/1004/527
f 4565/1005/539 4610/1006/2034 4612/1004/389
f 4605/1006/2031 4613/1006/2035 4611/1004/527
f 4565/1005/539 4612/1004/389 4578/1005/539
f 4614/1004/2036 4611/1004/527 4613/1006/2035
f 4614/1004/2036 4578/1005/539 4612/1004/389
f 4613/1006/2035 4578/1005/539 4614/1004/2036
f 4613/1006/2035 4576/1006/536 4578/1005/539
f 4617/1008/2037 4616/1008/2038 4615/1009/2039
f 4618/1009/2040 4615/1009/2039 4616/1008/2038
f 4616/1008/2038 4619/1008/2041 4618/1009/2040
f 4615/1009/2039 4620/1009/2042 4617/1008/2037
f 4621/1008/2043 4617/1008/2037 4620/1009/2042
f 4622/1009/2044 4618/1009/2040 4619/1008/2041
f 4619/1008/2041 4623/1008/320 4622/1009/2044
f 4620/1009/2042 4615/1009/2039 4624/1009/2045
f 4620/1009/2042 4625/1010/575 4621/1008/2043
f 4620/1009/2042 4624/1009/2045 4625/1010/575
f 4625/1010/575 4626/1010/3 4621/1008/2043
f 4627/1010/575 4625/1010/575 4624/1009/2045
f 4628/1008/2046 4621/1008/2043 4626/1010/3
f 4615/1009/2039 4618/1009/2040 4629/1009/2047
f 4629/1009/2047 4624/1009/2045 4615/1009/2039
f 4627/1010/575 4624/1009/2045 4630/1008/2048
f 4627/1010/575 4630/1008/2048 4631/1010/3
f 4630/1008/2048 4624/1009/2045 4632/1008/2049
f 4629/1009/2047 4632/1008/2049 4624/1009/2045
f 4632/1008/2049 4629/1009/2047 4633/1008/2050
f 4634/1008/2051 4631/1010/3 4630/1008/2048
f 4635/1009/2052 4629/1009/2047 4618/1009/2040
f 4635/1009/2052 4633/1008/2050 4629/1009/2047
f 4633/1008/2050 4635/1009/2052 4636/1008/301
f 4618/1009/2040 4622/1009/2044 4635/1009/2052
f 4637/1009/2044 4636/1008/301 4635/1009/2052
f 4637/1009/2044 4635/1009/2052 4622/1009/2044
f 4636/1008/301 4637/1009/2044 4638/1008/304
f 4639/1009/2053 4631/1010/3 4634/1008/2051
f 4631/1010/3 4639/1009/2053 4626/1010/3
f 4640/1009/2053 4626/1010/3 4639/1009/2053
f 4626/1010/3 4640/1009/2053 4628/1008/2046
f 4639/1009/2053 4634/1008/2051 4641/1009/312
f 4640/1009/2053 4642/1009/2053 4628/1008/2046
f 4643/1008/2054 4641/1009/312 4634/1008/2051
f 4644/1008/2055 4628/1008/2046 4642/1009/2053
f 4622/1009/2044 4645/1009/2056 4637/1009/2044
f 4645/1009/2056 4622/1009/2044 4623/1008/320
f 4646/1010/2057 4641/1009/312 4643/1008/2054
f 4641/1009/312 4646/1010/2057 4642/1009/2053
f 4647/1010/2058 4642/1009/2053 4646/1010/2057
f 4642/1009/2053 4647/1010/2058 4644/1008/2055
f 4646/1010/2057 4643/1008/2054 4648/1010/2059
f 4647/1010/2058 4649/1010/2060 4644/1008/2055
f 4650/1008/2061 4648/1010/2059 4643/1008/2054
f 4651/1008/2062 4644/1008/2055 4649/1010/2060
f 4652/1009/2063 4637/1009/2044 4645/1009/2056
f 4652/1009/2063 4638/1008/304 4637/1009/2044
f 4623/1008/320 4653/1010/2064 4645/1009/2056
f 4645/1009/2056 4653/1010/2064 4652/1009/2063
f 4654/1010/2065 4652/1009/2063 4653/1010/2064
f 4654/1010/2065 4638/1008/304 4652/1009/2063
f 4653/1010/2064 4623/1008/320 4655/1010/273
f 4654/1010/2065 4656/1010/273 4638/1008/304
f 4657/1008/322 4655/1010/273 4623/1008/320
f 4658/1008/306 4638/1008/304 4656/1010/273
f 4657/1008/322 4659/1009/299 4655/1010/273
f 4655/1010/273 4659/1009/299 4656/1010/273
f 4657/1008/322 4660/1008/2066 4659/1009/299
f 4661/1009/299 4658/1008/306 4656/1010/273
f 4661/1009/299 4656/1010/273 4659/1009/299
f 4658/1008/306 4661/1009/299 4662/1008/2067
f 4663/1009/2068 4659/1009/299 4660/1008/2066
f 4664/1009/299 4662/1008/2067 4661/1009/299
f 4660/1008/2066 4665/1010/2 4663/1009/2068
f 4663/1009/2068 4665/1010/2 4664/1009/299
f 4660/1008/2066 4666/1008/326 4665/1010/2
f 4667/1010/2 4662/1008/2067 4664/1009/299
f 4667/1010/2 4664/1009/299 4665/1010/2
f 4662/1008/2067 4667/1010/2 4668/1008/311
f 4669/1010/2 4665/1010/2 4666/1008/326
f 4670/1010/924 4668/1008/311 4667/1010/2
f 4666/1008/326 4671/1009/313 4669/1010/2
f 4669/1010/2 4671/1009/313 4670/1010/924
f 4666/1008/326 4651/1008/2062 4671/1009/313
f 4672/1009/2069 4671/1009/313 4651/1008/2062
f 4651/1008/2062 4649/1010/2060 4672/1009/2069
f 4673/1009/313 4670/1010/924 4671/1009/313
f 4673/1009/313 4668/1008/311 4670/1010/924
f 4668/1008/311 4673/1009/313 4650/1008/2061
f 4672/1009/2069 4649/1010/2060 4674/1009/2070
f 4674/1009/2070 4650/1008/2061 4673/1009/313
f 4648/1010/2059 4674/1009/2070 4649/1010/2060
f 4648/1010/2059 4650/1008/2061 4674/1009/2070
f 4677/1011/2071 4676/1011/2072 4675/1012/2073
f 4678/1012/2074 4675/1012/2073 4676/1011/2072
f 4675/1012/2073 4679/1012/2075 4677/1011/2071
f 4676/1011/2072 4680/1011/2076 4678/1012/2074
f 4681/1012/2077 4678/1012/2074 4680/1011/2076
f 4680/1011/2076 4682/1011/2078 4681/1012/2077
f 4683/1012/2079 4681/1012/2077 4682/1011/2078
f 4682/1011/2078 4684/1013/273 4683/1012/2079
f 4683/1012/2079 4684/1013/273 4685/1012/297
f 4682/1011/2078 4680/1011/2076 4686/1011/2080
f 4682/1011/2078 4686/1011/2080 4684/1013/273
f 4680/1011/2076 4676/1011/2072 4687/1011/2078
f 4687/1011/2078 4686/1011/2080 4680/1011/2076
f 4676/1011/2072 4677/1011/2071 4688/1011/2081
f 4688/1011/2081 4687/1011/2078 4676/1011/2072
f 4689/1013/2082 4685/1012/297 4684/1013/273
f 4690/1013/273 4684/1013/273 4686/1011/2080
f 4687/1011/2078 4691/1012/2083 4686/1011/2080
f 4692/1012/2084 4686/1011/2080 4691/1012/2083
f 4690/1013/273 4686/1011/2080 4692/1012/2084
f 4691/1012/2083 4687/1011/2078 4693/1012/2085
f 4688/1011/2081 4693/1012/2085 4687/1011/2078
f 4692/1012/2084 4694/1012/283 4690/1013/273
f 4693/1012/2085 4688/1011/2081 4695/1012/2086
f 4696/1013/2087 4690/1013/273 4694/1012/283
f 4697/1011/2088 4695/1012/2086 4688/1011/2081
f 4697/1011/2088 4688/1011/2081 4677/1011/2071
f 4695/1012/2086 4697/1011/2088 4698/1012/2089
f 4696/1013/2087 4699/1014/2090 4689/1013/2082
f 4694/1012/283 4699/1014/2090 4696/1013/2087
f 4700/1014/2091 4689/1013/2082 4699/1014/2090
f 4700/1014/2091 4685/1012/297 4689/1013/2082
f 4699/1014/2090 4694/1012/283 4701/1014/2092
f 4700/1014/2091 4702/1014/2093 4685/1012/297
f 4703/1012/2094 4701/1014/2092 4694/1012/283
f 4704/1012/2095 4685/1012/297 4702/1014/2093
f 4677/1011/2071 4705/1011/2096 4697/1011/2088
f 4705/1011/2096 4677/1011/2071 4679/1012/2075
f 4701/1014/2092 4703/1012/2094 4706/1013/575
f 4701/1014/2092 4706/1013/575 4702/1014/2093
f 4707/1013/575 4702/1014/2093 4706/1013/575
f 4704/1012/2095 4702/1014/2093 4707/1013/575
f 4706/1013/575 4703/1012/2094 4708/1013/575
f 4707/1013/575 4709/1013/7 4704/1012/2095
f 4710/1012/2097 4708/1013/575 4703/1012/2094
f 4711/1012/2098 4704/1012/2095 4709/1013/7
f 4712/1011/2099 4697/1011/2088 4705/1011/2096
f 4712/1011/2099 4698/1012/2089 4697/1011/2088
f 4679/1012/2075 4713/1014/287 4705/1011/2096
f 4705/1011/2096 4713/1014/287 4712/1011/2099
f 4714/1014/287 4712/1011/2099 4713/1014/287
f 4714/1014/287 4698/1012/2089 4712/1011/2099
f 4713/1014/287 4679/1012/2075 4715/1014/287
f 4714/1014/287 4716/1014/287 4698/1012/2089
f 4717/1012/2100 4715/1014/287 4679/1012/2075
f 4718/1012/275 4698/1012/2089 4716/1014/287
f 4719/1013/3 4715/1014/287 4717/1012/2100
f 4715/1014/287 4719/1013/3 4716/1014/287
f 4717/1012/2100 4720/1012/2101 4719/1013/3
f 4716/1014/287 4721/1013/3 4718/1012/275
f 4721/1013/3 4716/1014/287 4719/1013/3
f 4718/1012/275 4721/1013/3 4722/1012/278
f 4723/1013/3 4719/1013/3 4720/1012/2101
f 4724/1013/575 4722/1012/278 4721/1013/3
f 4725/1014/2102 4723/1013/3 4720/1012/2101
f 4723/1013/3 4725/1014/2102 4724/1013/575
f 4720/1012/2101 4711/1012/2098 4725/1014/2102
f 4726/1014/2102 4725/1014/2102 4711/1012/2098
f 4709/1013/7 4726/1014/2102 4711/1012/2098
f 4727/1014/286 4724/1013/575 4725/1014/2102
f 4724/1013/575 4727/1014/286 4722/1012/278
f 4722/1012/278 4727/1014/286 4710/1012/2097
f 4726/1014/2102 4709/1013/7 4728/1014/2102
f 4728/1014/2102 4710/1012/2097 4727/1014/286
f 4708/1013/575 4728/1014/2102 4709/1013/7
f 4728/1014/2102 4708/1013/575 4710/1012/2097
f 4731/1015/175 4730/1015/2103 4729/1016/2104
f 4729/1016/2104 4732/1016/2105 4731/1015/175
f 4733/1015/2106 4731/1015/175 4732/1016/2105
f 4734/1017/2 4733/1015/2106 4732/1016/2105
f 4732/1016/2105 4735/1016/2107 4734/1017/2
f 4732/1016/2105 4729/1016/2104 4735/1016/2107
f 4734/1017/2 4736/1017/2 4733/1015/2106
f 4737/1017/924 4734/1017/2 4735/1016/2107
f 4738/1015/2108 4733/1015/2106 4736/1017/2
f 4738/1015/2108 4736/1017/2 4739/1016/2109
f 4736/1017/2 4740/1017/2 4739/1016/2109
f 4739/1016/2109 4741/1016/2110 4738/1015/2108
f 4742/1015/2111 4738/1015/2108 4741/1016/2110
f 4743/1016/2112 4739/1016/2109 4740/1017/2
f 4742/1015/2111 4741/1016/2110 4744/1017/2
f 4741/1016/2110 4745/1016/2113 4744/1017/2
f 4742/1015/2111 4744/1017/2 4746/1015/2114
f 4737/1017/924 4747/1015/2115 4740/1017/2
f 4747/1015/2115 4737/1017/924 4735/1016/2107
f 4740/1017/2 4748/1015/2116 4743/1016/2112
f 4748/1015/2116 4740/1017/2 4747/1015/2115
f 4743/1016/2112 4748/1015/2116 4745/1016/2113
f 4747/1015/2115 4735/1016/2107 4749/1015/163
f 4750/1015/2117 4745/1016/2113 4748/1015/2116
f 4751/1017/2 4744/1017/2 4745/1016/2113
f 4745/1016/2113 4750/1015/2117 4751/1017/2
f 4750/1015/2117 4752/1015/2118 4751/1017/2
f 4753/1017/2 4751/1017/2 4752/1015/2118
f 4754/1017/922 4746/1015/2114 4744/1017/2
f 4755/1016/2119 4749/1015/163 4735/1016/2107
f 4755/1016/2119 4735/1016/2107 4729/1016/2104
f 4749/1015/163 4755/1016/2119 4756/1015/2120
f 4753/1017/2 4752/1015/2118 4757/1016/2121
f 4753/1017/2 4757/1016/2121 4754/1017/922
f 4752/1015/2118 4758/1015/158 4757/1016/2121
f 4746/1015/2114 4754/1017/922 4759/1016/2122
f 4759/1016/2122 4754/1017/922 4757/1016/2121
f 4746/1015/2114 4759/1016/2122 4760/1015/170
f 4761/1016/2123 4757/1016/2121 4758/1015/158
f 4757/1016/2121 4761/1016/2123 4759/1016/2122
f 4758/1015/158 4762/1015/2124 4761/1016/2123
f 4763/1016/2125 4760/1015/170 4759/1016/2122
f 4763/1016/2125 4759/1016/2122 4761/1016/2123
f 4760/1015/170 4763/1016/2125 4764/1015/2126
f 4765/1016/2127 4761/1016/2123 4762/1015/2124
f 4761/1016/2123 4765/1016/2127 4763/1016/2125
f 4762/1015/2124 4766/1015/2128 4765/1016/2127
f 4767/1016/2129 4764/1015/2126 4763/1016/2125
f 4767/1016/2129 4763/1016/2125 4765/1016/2127
f 4764/1015/2126 4767/1016/2129 4768/1015/168
f 4765/1016/2127 4769/1016/2130 4767/1016/2129
f 4769/1016/2130 4765/1016/2127 4766/1015/2128
f 4770/1016/2131 4768/1015/168 4767/1016/2129
f 4770/1016/2131 4767/1016/2129 4769/1016/2130
f 4771/1017/2132 4768/1015/168 4770/1016/2131
f 4770/1016/2131 4769/1016/2130 4771/1017/2132
f 4771/1017/2132 4772/1017/2133 4768/1015/168
f 4773/1017/2132 4771/1017/2132 4769/1016/2130
f 4766/1015/2128 4773/1017/2132 4769/1016/2130
f 4774/1015/2134 4768/1015/168 4772/1017/2133
f 4773/1017/2132 4766/1015/2128 4775/1017/2135
f 4776/1015/2136 4775/1017/2135 4766/1015/2128
f 4772/1017/2133 4777/1017/1025 4774/1015/2134
f 4775/1017/2135 4776/1015/2136 4778/1017/578
f 4779/1015/174 4774/1015/2134 4777/1017/1025
f 4780/1015/162 4778/1017/578 4776/1015/2136
f 4779/1015/174 4777/1017/1025 4781/1016/2137
f 4777/1017/1025 4778/1017/578 4781/1016/2137
f 4779/1015/174 4781/1016/2137 4730/1015/2103
f 4778/1017/578 4780/1015/162 4782/1016/2137
f 4782/1016/2137 4781/1016/2137 4778/1017/578
f 4780/1015/162 4756/1015/2120 4782/1016/2137
f 4783/1016/2138 4782/1016/2137 4756/1015/2120
f 4782/1016/2137 4783/1016/2138 4781/1016/2137
f 4783/1016/2138 4756/1015/2120 4755/1016/2119
f 4784/1016/2139 4730/1015/2103 4781/1016/2137
f 4784/1016/2139 4781/1016/2137 4783/1016/2138
f 4783/1016/2138 4755/1016/2119 4784/1016/2139
f 4784/1016/2139 4729/1016/2104 4730/1015/2103
f 4729/1016/2104 4784/1016/2139 4755/1016/2119
f 4787/12/2140 4786/12/2141 4785/12/2140
f 4788/12/2141 4785/12/2140 4786/12/2141
f 4785/12/2140 4789/12/339 4787/12/2140
f 4786/12/2141 4790/12/35 4788/12/2141
f 4791/12/339 4787/12/2140 4789/12/339
f 4792/12/35 4788/12/2141 4790/12/35
f 4789/12/339 4793/12/2142 4791/12/339
f 4790/12/35 4794/12/2143 4792/12/35
f 4795/12/2142 4791/12/339 4793/12/2142
f 4796/12/2143 4792/12/35 4794/12/2143
f 4793/12/2142 4796/12/2143 4795/12/2142
f 4794/12/2143 4795/12/2142 4796/12/2143
f 4799/11/2140 4798/11/2140 4797/11/2141
f 4800/11/2141 4797/11/2141 4798/11/2140
f 4798/11/2140 4799/11/2140 4801/11/339
f 4797/11/2141 4800/11/2141 4802/11/35
f 4803/11/339 4801/11/339 4799/11/2140
f 4804/11/35 4802/11/35 4800/11/2141
f 4801/11/339 4803/11/339 4805/11/2142
f 4802/11/35 4804/11/35 4806/11/2143
f 4807/11/2142 4805/11/2142 4803/11/339
f 4808/11/2143 4806/11/2143 4804/11/35
f 4805/11/2142 4807/11/2142 4808/11/2143
f 4806/11/2143 4808/11/2143 4807/11/2142
f 4811/1018/2144 4810/1019/2145 4809/1020/2146
f 4812/1021/2147 4809/1020/2146 4810/1019/2145
f 4809/1020/2146 4813/1020/2148 4811/1018/2144
f 4810/1019/2145 4814/1022/2149 4812/1021/2147
f 4815/1023/2150 4811/1018/2144 4813/1020/2148
f 4816/1024/2151 4812/1021/2147 4814/1022/2149
f 4813/1020/2148 4817/1025/2152 4815/1023/2150
f 4814/1022/2149 4818/1026/2153 4816/1024/2151
f 4819/1027/2154 4815/1023/2150 4817/1025/2152
f 4820/1028/2155 4816/1024/2151 4818/1026/2153
f 4817/1025/2152 4821/1029/2156 4819/1027/2154
f 4818/1026/2153 4822/1030/2157 4820/1028/2155
f 4823/1031/2158 4819/1027/2154 4821/1029/2156
f 4824/1032/2159 4820/1028/2155 4822/1030/2157
f 4821/1029/2156 4825/1033/2160 4823/1031/2158
f 4822/1030/2157 4826/1034/1919 4824/1032/2159
f 4827/1035/2161 4823/1031/2158 4825/1033/2160
f 4828/1036/2162 4824/1032/2159 4826/1034/1919
f 4825/1033/2160 4829/1037/2163 4827/1035/2161
f 4826/1034/1919 4830/1038/2164 4828/1036/2162
f 4831/1039/2165 4827/1035/2161 4829/1037/2163
f 4832/1036/2166 4828/1036/2162 4830/1038/2164
f 4829/1037/2163 4832/1036/2166 4831/1039/2165
f 4830/1038/2164 4831/1039/2165 4832/1036/2166
f 4835/1018/2167 4834/1020/2168 4833/1019/2169
f 4836/1021/2170 4833/1019/2169 4834/1020/2168
f 4834/1020/2168 4835/1018/2167 4837/1020/2171
f 4833/1019/2169 4836/1021/2170 4838/1022/2172
f 4839/1023/2173 4837/1020/2171 4835/1018/2167
f 4840/1024/2174 4838/1022/2172 4836/1021/2170
f 4837/1020/2171 4839/1023/2173 4841/1025/2175
f 4838/1022/2172 4840/1024/2174 4842/1026/2176
f 4843/1027/2177 4841/1025/2175 4839/1023/2173
f 4844/1028/2178 4842/1026/2176 4840/1024/2174
f 4841/1025/2175 4843/1027/2177 4845/1029/2179
f 4842/1026/2176 4844/1028/2178 4846/1030/2180
f 4847/1031/2181 4845/1029/2179 4843/1027/2177
f 4848/1032/2182 4846/1030/2180 4844/1028/2178
f 4845/1029/2179 4847/1031/2181 4849/1033/2183
f 4846/1030/2180 4848/1032/2182 4850/1034/1934
f 4851/1035/2184 4849/1033/2183 4847/1031/2181
f 4852/1036/2185 4850/1034/1934 4848/1032/2182
f 4849/1033/2183 4851/1035/2184 4853/1037/2186
f 4850/1034/1934 4852/1036/2185 4854/1038/2187
f 4855/1039/2188 4853/1037/2186 4851/1035/2184
f 4856/1036/2189 4854/1038/2187 4852/1036/2185
f 4853/1037/2186 4855/1039/2188 4856/1036/2189
f 4854/1038/2187 4856/1036/2189 4855/1039/2188
f 4859/1040/2190 4858/1041/1350 4857/1040/13
f 4860/1041/13 4857/1040/13 4858/1041/1350
f 4858/1041/1350 4859/1040/2190 4861/1042/1400
f 4857/1040/13 4860/1041/13 4862/1040/1343
f 4863/1043/1400 4861/1042/1400 4859/1040/2190
f 4864/1041/1343 4862/1040/1343 4860/1041/13
f 4861/1042/1400 4863/1043/1400 4865/1041/1344
f 4862/1040/1343 4864/1041/1343 4866/1043/1341
f 4867/1040/1344 4865/1041/1344 4863/1043/1400
f 4868/1042/1341 4866/1043/1341 4864/1041/1343
f 4865/1041/1344 4867/1040/1344 4869/1041/12
f 4866/1043/1341 4868/1042/1341 4870/1040/1397
f 4871/1040/12 4869/1041/12 4867/1040/1344
f 4872/1041/1397 4870/1040/1397 4868/1042/1341
f 4869/1041/12 4871/1040/12 4872/1041/1397
f 4870/1040/1397 4872/1041/1397 4871/1040/12
f 4875/1040/2191 4874/1040/12 4873/1041/1344
f 4876/1041/12 4873/1041/1344 4874/1040/12
f 4873/1041/1344 4877/1042/1400 4875/1040/2191
f 4874/1040/12 4878/1040/1397 4876/1041/12
f 4879/1043/1400 4875/1040/2191 4877/1042/1400
f 4880/1041/1397 4876/1041/12 4878/1040/1397
f 4877/1042/1400 4881/1041/1350 4879/1043/1400
f 4878/1040/1397 4882/1043/1341 4880/1041/1397
f 4883/1040/1350 4879/1043/1400 4881/1041/1350
f 4884/1042/1341 4880/1041/1397 4882/1043/1341
f 4881/1041/1350 4885/1041/13 4883/1040/1350
f 4882/1043/1341 4886/1040/1343 4884/1042/1341
f 4887/1040/13 4883/1040/1350 4885/1041/13
f 4888/1041/1343 4884/1042/1341 4886/1040/1343
f 4885/1041/13 4888/1041/1343 4887/1040/13
f 4886/1040/1343 4887/1040/13 4888/1041/1343
f 4891/1040/2192 4890/1041/1343 4889/1043/1341
f 4892/1042/1341 4889/1043/1341 4890/1041/1343
f 4890/1041/1343 4891/1040/2192 4893/1041/13
f 4889/1043/1341 4892/1042/1341 4894/1040/1397
f 4895/1040/13 4893/1041/13 4891/1040/2192
f 4896/1041/1397 4894/1040/1397 4892/1042/1341
f 4893/1041/13 4895/1040/13 4897/1041/1350
f 4894/1040/1397 4896/1041/1397 4898/1040/12
f 4899/1040/1350 4897/1041/1350 4895/1040/13
f 4900/1041/12 4898/1040/12 4896/1041/1397
f 4897/1041/1350 4899/1040/1350 4901/1042/1400
f 4898/1040/12 4900/1041/12 4902/1040/1344
f 4903/1043/1400 4901/1042/1400 4899/1040/1350
f 4904/1041/1344 4902/1040/1344 4900/1041/12
f 4901/1042/1400 4903/1043/1400 4904/1041/1344
f 4902/1040/1344 4904/1041/1344 4903/1043/1400
f 4907/1040/2193 4906/1043/1341 4905/1041/1397
f 4908/1042/1341 4905/1041/1397 4906/1043/1341
f 4905/1041/1397 4909/1041/12 4907/1040/2193
f 4906/1043/1341 4910/1040/1343 4908/1042/1341
f 4911/1040/12 4907/1040/2193 4909/1041/12
f 4912/1041/1343 4908/1042/1341 4910/1040/1343
f 4909/1041/12 4913/1041/1344 4911/1040/12
f 4910/1040/1343 4914/1040/13 4912/1041/1343
f 4915/1040/1344 4911/1040/12 4913/1041/1344
f 4916/1041/13 4912/1041/1343 4914/1040/13
f 4913/1041/1344 4917/1042/1400 4915/1040/1344
f 4914/1040/13 4918/1040/1350 4916/1041/13
f 4919/1043/1400 4915/1040/1344 4917/1042/1400
f 4920/1041/1350 4916/1041/13 4918/1040/1350
f 4917/1042/1400 4920/1041/1350 4919/1043/1400
f 4918/1040/1350 4919/1043/1400 4920/1041/1350
f 4923/1044/12 4922/1044/2194 4921/1045/813
f 4924/1045/572 4921/1045/813 4922/1044/2194
f 4922/1044/2194 4925/1046/570 4924/1045/572
f 4926/1047/1022 4924/1045/572 4925/1046/570
f 4924/1045/572 4926/1047/1022 4921/1045/813
f 4925/1046/570 4927/1048/578 4926/1047/1022
f 4928/1049/575 4926/1047/1022 4927/1048/578
f 4927/1048/578 4929/1050/13 4928/1049/575
f 4928/1049/575 4930/1051/574 4926/1047/1022
f 4930/1051/574 4928/1049/575 4929/1050/13
f 4926/1047/1022 4930/1051/574 4921/1045/813
f 4929/1050/13 4931/1050/13 4930/1051/574
f 4921/1045/813 4932/1047/922 4923/1044/12
f 4933/1046/259 4923/1044/12 4932/1047/922
f 4932/1047/922 4921/1045/813 4934/1049/922
f 4932/1047/922 4934/1049/922 4933/1046/259
f 4921/1045/813 4930/1051/574 4934/1049/922
f 4935/1048/380 4933/1046/259 4934/1049/922
f 4936/1051/457 4930/1051/574 4931/1050/13
f 4930/1051/574 4936/1051/457 4934/1049/922
f 4934/1049/922 4936/1051/457 4935/1048/380
f 4931/1050/13 4935/1048/380 4936/1051/457
f 4939/1052/2195 4938/1053/2196 4937/1054/2197
f 4940/1055/2198 4937/1054/2197 4938/1053/2196
f 4938/1053/2196 4939/1052/2195 4941/1056/2199
f 4937/1054/2197 4940/1055/2198 4942/1057/2200
f 4943/1058/2201 4941/1056/2199 4939/1052/2195
f 4944/1059/2202 4942/1057/2200 4940/1055/2198
f 4941/1056/2199 4943/1058/2201 4945/1053/2203
f 4942/1057/2200 4944/1059/2202 4946/1054/2204
f 4947/1052/2205 4945/1053/2203 4943/1058/2201
f 4948/1055/2206 4946/1054/2204 4944/1059/2202
f 4945/1053/2203 4947/1052/2205 4948/1055/2206
f 4946/1054/2204 4948/1055/2206 4947/1052/2205
f 4951/1060/2195 4950/1061/2196 4949/1062/2197
f 4952/1063/2198 4949/1062/2197 4950/1061/2196
f 4950/1061/2196 4951/1060/2195 4953/1064/2199
f 4949/1062/2197 4952/1063/2198 4954/1065/2200
f 4955/1066/2201 4953/1064/2199 4951/1060/2195
f 4956/1067/2202 4954/1065/2200 4952/1063/2198
f 4953/1064/2199 4955/1066/2201 4957/1061/2203
f 4954/1065/2200 4956/1067/2202 4958/1062/2204
f 4959/1060/2205 4957/1061/2203 4955/1066/2201
f 4960/1063/2206 4958/1062/2204 4956/1067/2202
f 4957/1061/2203 4959/1060/2205 4960/1063/2206
f 4958/1062/2204 4960/1063/2206 4959/1060/2205
f 4963/859/2207 4962/859/103 4961/859/2208
f 4961/859/2208 4964/858/105 4963/859/2207
f 4961/859/2208 4962/859/103 4965/859/103
f 4963/859/2207 4966/330/2209 4962/859/103
f 4967/330/2210 4962/859/103 4966/330/2209
f 4968/330/2211 4965/859/103 4962/859/103
f 4966/330/2209 4969/859/90 4967/330/2210
f 4967/330/2210 4969/859/90 4970/861/90
f 4965/859/103 4968/330/2211 4971/859/103
f 4968/330/2211 4970/861/90 4972/330/2212
f 4972/330/2212 4971/859/103 4968/330/2211
f 4971/859/103 4973/859/2213 4965/859/103
f 4974/859/136 4965/859/103 4973/859/2213
f 4972/330/2212 4975/859/103 4971/859/103
f 4976/861/90 4972/330/2212 4970/861/90
f 4977/859/108 4971/859/103 4975/859/103
f 4978/861/2214 4970/861/90 4969/859/90
f 4970/861/90 4978/861/2214 4976/861/90
f 4973/859/2213 4979/859/105 4974/859/136
f 4973/859/2213 4980/858/105 4979/859/105
f 4981/861/2215 4976/861/90 4978/861/2214
f 4978/861/2214 4982/860/88 4981/861/2215
f 4981/861/2215 4983/859/90 4976/861/90
f 4984/330/2216 4976/861/90 4983/859/90
f 4985/860/88 4981/861/2215 4982/860/88
f 4986/859/105 4974/859/136 4979/859/105
f 4974/859/136 4986/859/105 4964/858/105
f 4987/858/106 4979/859/105 4980/858/105
f 4979/859/105 4988/858/2217 4986/859/105
f 4989/858/2218 4964/858/105 4986/859/105
f 4990/858/2219 4986/859/105 4988/858/2217
f 4991/858/2220 4964/858/105 4989/858/2218
f 4989/858/2218 4992/331/92 4991/858/2220
f 4991/858/2220 4963/859/2207 4964/858/105
f 4988/858/2217 4993/858/92 4990/858/2219
f 4988/858/2217 4994/331/92 4993/858/92
f 4995/858/92 4990/858/2219 4993/858/92
f 4990/858/2219 4995/858/92 4992/331/92
f 4996/331/2221 4993/858/92 4994/331/92
f 4993/858/92 4997/331/2222 4995/858/92
f 4998/331/2223 4992/331/92 4995/858/92
f 4999/331/127 4995/858/92 4997/331/2222
f 5000/331/2224 4992/331/92 4998/331/2223
f 5000/331/2224 4991/858/2220 4992/331/92
f 4998/331/2223 5001/331/94 5000/331/2224
f 4997/331/2222 5002/331/94 4999/331/127
f 4997/331/2222 5003/331/94 5002/331/94
f 5004/331/94 4999/331/127 5002/331/94
f 4999/331/127 5004/331/94 5001/331/94
f 5005/331/2225 5002/331/94 5003/331/94
f 5002/331/94 5006/331/2226 5004/331/94
f 5007/331/2227 5001/331/94 5004/331/94
f 5008/331/2226 5004/331/94 5006/331/2226
f 5009/331/2228 5001/331/94 5007/331/2227
f 5009/331/2228 5000/331/2224 5001/331/94
f 5007/331/2227 5010/857/96 5009/331/2228
f 5006/331/2226 5011/331/96 5008/331/2226
f 5006/331/2226 5012/857/96 5011/331/96
f 5013/331/96 5008/331/2226 5011/331/96
f 5008/331/2226 5013/331/96 5010/857/96
f 5014/857/2229 5011/331/96 5012/857/96
f 5011/331/96 5015/857/2230 5013/331/96
f 5016/857/2231 5010/857/96 5013/331/96
f 5017/857/2230 5013/331/96 5015/857/2230
f 5018/857/2232 5010/857/96 5016/857/2231
f 5018/857/2232 5009/331/2228 5010/857/96
f 5016/857/2231 5019/860/98 5018/857/2232
f 5015/857/2230 5020/857/98 5017/857/2230
f 5015/857/2230 5021/860/98 5020/857/98
f 5022/857/98 5017/857/2230 5020/857/98
f 5017/857/2230 5022/857/98 5019/860/98
f 5023/860/2233 5020/857/98 5021/860/98
f 5020/857/98 5024/860/2234 5022/857/98
f 5025/860/2235 5019/860/98 5022/857/98
f 5026/860/2236 5022/857/98 5024/860/2234
f 5027/860/2237 5019/860/98 5025/860/2235
f 5027/860/2237 5018/857/2232 5019/860/98
f 5025/860/2235 5028/861/88 5027/860/2237
f 5024/860/2234 4985/860/88 5026/860/2236
f 5024/860/2234 5029/861/88 4985/860/88
f 4982/860/88 5026/860/2236 4985/860/88
f 5026/860/2236 4982/860/88 5028/861/88
f 5030/861/2238 5028/861/88 4982/860/88
f 5031/861/2239 4985/860/88 5029/861/88
f 5032/861/2240 5028/861/88 5030/861/2238
f 5032/861/2240 5027/860/2237 5028/861/88
f 5030/861/2238 4969/859/90 5032/861/2240
f 4966/330/2209 5032/861/2240 4969/859/90
f 5029/861/88 5033/861/88 5031/861/2239
f 5029/861/88 5023/860/2233 5033/861/88
f 5027/860/2237 5034/860/35 5018/857/2232
f 5032/861/2240 5035/861/35 5027/860/2237
f 5034/860/35 5027/860/2237 5035/861/35
f 5035/861/35 5032/861/2240 5036/859/35
f 4966/330/2209 5036/859/35 5032/861/2240
f 5035/861/35 5036/859/35 5034/860/35
f 5037/857/35 5018/857/2232 5034/860/35
f 5018/857/2232 5037/857/35 5009/331/2228
f 5038/331/35 5037/857/35 5034/860/35
f 5038/331/35 5009/331/2228 5037/857/35
f 5036/859/35 5038/331/35 5034/860/35
f 5009/331/2228 5038/331/35 5000/331/2224
f 5036/859/35 4966/330/2209 5039/859/35
f 4963/859/2207 5039/859/35 4966/330/2209
f 5039/859/35 5040/858/417 5036/859/35
f 5039/859/35 4963/859/2207 5040/858/417
f 5040/858/417 5038/331/35 5036/859/35
f 4991/858/2220 5040/858/417 4963/859/2207
f 5000/331/2224 5041/331/35 4991/858/2220
f 5041/331/35 5000/331/2224 5038/331/35
f 5041/331/35 5038/331/35 5040/858/417
f 5040/858/417 4991/858/2220 5041/331/35
f 5021/860/98 5042/860/98 5023/860/2233
f 5021/860/98 5014/857/2229 5042/860/98
f 5043/860/117 5023/860/2233 5042/860/98
f 5043/860/117 5033/861/88 5023/860/2233
f 5043/860/117 5042/860/98 5044/857/98
f 5045/857/2229 5042/860/98 5014/857/2229
f 5046/857/2241 5044/857/98 5042/860/98
f 5045/857/2229 5014/857/2229 5047/857/96
f 5012/857/96 5047/857/96 5014/857/2229
f 5045/857/2229 5047/857/96 5048/331/96
f 5012/857/96 5005/331/2225 5047/857/96
f 5049/331/2225 5047/857/96 5005/331/2225
f 5050/331/2242 5048/331/96 5047/857/96
f 5049/331/2225 5005/331/2225 5051/331/94
f 5003/331/94 5051/331/94 5005/331/2225
f 5049/331/2225 5051/331/94 5052/331/94
f 5003/331/94 4996/331/2221 5051/331/94
f 5053/331/114 5051/331/94 4996/331/2221
f 5054/331/2243 5052/331/94 5051/331/94
f 5053/331/114 4996/331/2221 5055/331/92
f 4994/331/92 5055/331/92 4996/331/2221
f 5053/331/114 5055/331/92 5056/858/92
f 4994/331/92 4987/858/106 5055/331/92
f 5057/858/2244 5055/331/92 4987/858/106
f 5058/858/2245 5056/858/92 5055/331/92
f 5057/858/2244 4987/858/106 5059/858/105
f 4980/858/105 5059/858/105 4987/858/106
f 5057/858/2244 5059/858/105 5060/859/105
f 4980/858/105 4977/859/108 5059/858/105
f 5061/859/2246 5059/858/105 4977/859/108
f 5062/859/2247 5060/859/105 5059/858/105
f 5061/859/2246 4977/859/108 5063/859/103
f 4975/859/103 5063/859/103 4977/859/108
f 5061/859/2246 5063/859/103 5064/859/103
f 4975/859/103 4984/330/2216 5063/859/103
f 5065/330/2248 5063/859/103 4984/330/2216
f 5066/330/2249 5064/859/103 5063/859/103
f 5065/330/2248 4984/330/2216 5067/859/90
f 4983/859/90 5067/859/90 4984/330/2216
f 4983/859/90 5031/861/2239 5067/859/90
f 5065/330/2248 5067/859/90 5068/861/90
f 5069/861/2250 5067/859/90 5031/861/2239
f 5069/861/2250 5031/861/2239 5033/861/88
f 5069/861/2250 5033/861/88 5070/860/88
f 5071/861/2251 5068/861/90 5067/859/90
f 5072/860/2252 5070/860/88 5033/861/88
f 5064/859/103 5066/330/2249 5073/330/2253
f 5066/330/2249 5068/861/90 5073/330/2253
f 5068/861/90 5071/861/2251 5074/861/2254
f 5071/861/2251 5070/860/88 5074/861/2254
f 5074/861/2254 5073/330/2253 5068/861/90
f 5070/860/88 5072/860/2252 5075/860/2255
f 5075/860/2255 5074/861/2254 5070/860/88
f 5072/860/2252 5044/857/98 5075/860/2255
f 5073/330/2253 5076/859/2256 5064/859/103
f 5062/859/2247 5064/859/103 5076/859/2256
f 5060/859/105 5062/859/2247 5076/859/2256
f 5077/857/2257 5075/860/2255 5044/857/98
f 5044/857/98 5046/857/2241 5077/857/2257
f 5046/857/2241 5048/331/96 5077/857/2257
f 5076/859/2256 5078/858/2258 5060/859/105
f 5058/858/2245 5060/859/105 5078/858/2258
f 5056/858/92 5058/858/2245 5078/858/2258
f 5079/331/2259 5077/857/2257 5048/331/96
f 5048/331/96 5050/331/2242 5079/331/2259
f 5050/331/2242 5052/331/94 5079/331/2259
f 5078/858/2258 5080/331/2260 5056/858/92
f 5080/331/2260 5079/331/2259 5052/331/94
f 5054/331/2243 5056/858/92 5080/331/2260
f 5052/331/94 5054/331/2243 5080/331/2260
f 5077/857/2257 5081/857/2261 5075/860/2255
f 5082/860/2262 5075/860/2255 5081/857/2261
f 5081/857/2261 5077/857/2257 5083/331/2263
f 5079/331/2259 5083/331/2263 5077/857/2257
f 5075/860/2255 5082/860/2262 5074/861/2254
f 5083/331/2263 5079/331/2259 5084/331/2264
f 5080/331/2260 5084/331/2264 5079/331/2259
f 5085/861/2265 5074/861/2254 5082/860/2262
f 5084/331/2264 5080/331/2260 5086/858/2266
f 5078/858/2258 5086/858/2266 5080/331/2260
f 5074/861/2254 5085/861/2265 5073/330/2253
f 5086/858/2266 5078/858/2258 5087/859/2267
f 5088/859/2268 5073/330/2253 5085/861/2265
f 5076/859/2256 5087/859/2267 5078/858/2258
f 5073/330/2253 5088/859/2268 5076/859/2256
f 5087/859/2267 5076/859/2256 5088/859/2268
f 5091/1068/380 5090/1069/1055 5089/1070/1015
f 5091/1068/380 5089/1070/1015 5092/1068/922
f 5090/1069/1055 5091/1068/380 5093/1069/455
f 5094/1068/924 5093/1069/455 5091/1068/380
f 5089/1070/1015 5090/1069/1055 5095/1070/408
f 5096/1070/417 5092/1068/922 5089/1070/1015
f 5097/1069/601 5095/1070/408 5090/1069/1055
f 5094/1068/924 5098/1070/353 5093/1069/455
f 5093/1069/455 5098/1070/353 5099/1069/584
f 5098/1070/353 5094/1068/924 5100/1070/354
f 5101/1070/1304 5099/1069/584 5098/1070/353
f 5102/1068/259 5100/1070/354 5094/1068/924
f 5096/1070/417 5103/1069/573 5092/1068/922
f 5092/1068/922 5103/1069/573 5102/1068/259
f 5102/1068/259 5104/1069/744 5100/1070/354
f 5104/1069/744 5102/1068/259 5103/1069/573
f 5103/1069/573 5096/1070/417 5105/1069/574
f 5100/1070/354 5104/1069/744 5106/1070/352
f 5107/1070/1018 5105/1069/574 5096/1070/417
f 5108/1069/591 5106/1070/352 5104/1069/744
f 5099/1069/584 5109/1068/578 5097/1069/601
f 5101/1070/1304 5109/1068/578 5099/1069/584
f 5106/1070/352 5110/1068/1231 5101/1070/1304
f 5109/1068/578 5101/1070/1304 5110/1068/1231
f 5108/1069/591 5110/1068/1231 5106/1070/352
f 5111/1068/1022 5097/1069/601 5109/1068/578
f 5095/1070/408 5097/1069/601 5111/1068/1022
f 5095/1070/408 5111/1068/1022 5107/1070/1018
f 5110/1068/1231 5108/1069/591 5112/1068/570
f 5105/1069/574 5112/1068/570 5108/1069/591
f 5107/1070/1018 5112/1068/570 5105/1069/574
f 5112/1068/570 5107/1070/1018 5111/1068/1022
f 5115/1071/35 5114/1072/35 5113/1071/35
f 5116/1072/35 5113/1071/35 5114/1072/35
f 5113/1071/35 5117/1073/13 5115/1071/35
f 5115/1071/35 5118/1074/348 5114/1072/35
f 5119/1073/13 5115/1071/35 5117/1073/13
f 5115/1071/35 5119/1073/13 5118/1074/348
f 5113/1071/35 5120/1074/578 5117/1073/13
f 5116/1072/35 5121/1075/1025 5113/1071/35
f 5120/1074/578 5113/1071/35 5121/1075/1025
f 5117/1073/13 5122/1076/13 5119/1073/13
f 5117/1073/13 5120/1074/578 5122/1076/13
f 5114/1072/35 5123/1077/12 5116/1072/35
f 5116/1072/35 5124/1077/12 5121/1075/1025
f 5124/1077/12 5116/1072/35 5123/1077/12
f 5121/1075/1025 5125/1078/570 5120/1074/578
f 5121/1075/1025 5124/1077/12 5125/1078/570
f 5126/1075/379 5123/1077/12 5114/1072/35
f 5126/1075/379 5114/1072/35 5118/1074/348
f 5123/1077/12 5127/1079/12 5124/1077/12
f 5123/1077/12 5126/1075/379 5127/1079/12
f 5126/1075/379 5118/1074/348 5128/1078/922
f 5128/1078/922 5127/1079/12 5126/1075/379
f 5118/1074/348 5119/1073/13 5129/1080/922
f 5129/1080/922 5128/1078/922 5118/1074/348
f 5130/1079/12 5124/1077/12 5127/1079/12
f 5130/1079/12 5125/1078/570 5124/1077/12
f 5131/1080/575 5120/1074/578 5125/1078/570
f 5131/1080/575 5122/1076/13 5120/1074/578
f 5132/1076/13 5119/1073/13 5122/1076/13
f 5132/1076/13 5129/1080/922 5119/1073/13
f 5133/1078/339 5127/1079/12 5128/1078/922
f 5127/1079/12 5133/1078/339 5130/1079/12
f 5134/1078/339 5125/1078/570 5130/1079/12
f 5125/1078/570 5134/1078/339 5131/1080/575
f 5134/1078/339 5130/1079/12 5133/1078/339
f 5122/1076/13 5131/1080/575 5135/1080/339
f 5122/1076/13 5135/1080/339 5132/1076/13
f 5135/1080/339 5131/1080/575 5134/1078/339
f 5132/1076/13 5136/1080/339 5129/1080/922
f 5129/1080/922 5136/1080/339 5128/1078/922
f 5133/1078/339 5128/1078/922 5136/1080/339
f 5133/1078/339 5136/1080/339 5134/1078/339
f 5135/1080/339 5134/1078/339 5136/1080/339
f 5136/1080/339 5132/1076/13 5135/1080/339
